n,sign,q,value,factors,prime,rough_squarefree_P2
1002,1,3,1004007,3*43*43*181,0,0
1002,1,5,1004009,29*89*389,0,0
1002,1,7,1004011,71*79*179,0,0
1002,1,11,1004015,5*157*1279,0,0
1002,1,13,1004017,7*19*7549,0,0
1002,1,17,1004021,227*4423,0,1
1002,1,19,1004023,691*1453,0,1
1002,1,23,1004027,1004027,1,1
1002,1,29,1004033,1004033,1,1
1002,1,31,1004035,5*200807,0,0
1002,1,37,1004041,101*9941,0,1
1002,1,41,1004045,5*7*28687,0,0
1002,1,43,1004047,11*97*941,0,0
1002,-1,3,1004001,3*334667,0,0
1002,-1,5,1003999,61*109*151,0,0
1002,-1,7,1003997,31*139*233,0,0
1002,-1,11,1003993,439*2287,0,1
1002,-1,13,1003991,677*1483,0,1
1002,-1,17,1003987,727*1381,0,1
1002,-1,19,1003985,5*200797,0,0
1002,-1,23,1003981,11*107*853,0,0
1002,-1,29,1003975,5*5*7*5737,0,0
1002,-1,31,1003973,23*43651,0,1
1002,-1,37,1003967,41*47*521,0,0
1002,-1,41,1003963,1003963,1,1
1002,-1,43,1003961,7*7*7*2927,0,0
1004,1,3,1008019,577*1747,0,1
1004,1,5,1008021,3*7*23*2087,0,0
1004,1,7,1008023,491*2053,0,1
1004,1,11,1008027,3*3*31*3613,0,0
1004,1,13,1008029,11*91639,0,1
1004,1,17,1008033,3*13*25847,0,0
1004,1,19,1008035,5*7*83*347,0,0
1004,1,23,1008039,3*193*1741,0,0
1004,1,29,1008045,3*3*3*3*5*19*131,0,0
1004,1,31,1008047,107*9421,0,1
1004,1,37,1008053,677*1489,0,1
1004,1,41,1008057,3*73*4603,0,0
1004,1,43,1008059,13*77543,0,1
1004,-1,3,1008013,1008013,1,1
1004,-1,5,1008011,29*34759,0,1
1004,-1,7,1008009,3*3*47*2383,0,0
1004,-1,11,1008005,5*449*449,0,0
1004,-1,13,1008003,3*277*1213,0,0
1004,-1,17,1007999,127*7937,0,1
1004,-1,19,1007997,3*335999,0,0
1004,-1,23,1007993,7*143999,0,1
1004,-1,29,1007987,71*14197,0,1
1004,-1,31,1007985,3*5*11*41*149,0,0
1004,-1,37,1007979,3*7*7*6857,0,0
1004,-1,41,1007975,5*5*23*1753,0,0
1004,-1,43,1007973,3*3*111997,0,0
1006,1,3,1012039,7*144577,0,1
1006,1,5,1012041,3*3*3*37483,0,0
1006,1,7,1012043,1012043,1,1
1006,1,11,1012047,3*337349,0,0
1006,1,13,1012049,1012049,1,1
1006,1,17,1012053,3*7*48193,0,0
1006,1,19,1012055,5*11*18401,0,0
1006,1,23,1012059,3*3*139*809,0,0
1006,1,29,1012065,3*5*109*619,0,0
1006,1,31,1012067,7*163*887,0,0
1006,1,37,1012073,19*53267,0,1
1006,1,41,1012077,3*3*11*10223,0,0
1006,1,43,1012079,1012079,1,1
1006,-1,3,1012033,11*92003,0,1
1006,-1,5,1012031,1012031,1,1
1006,-1,7,1012029,3*337343,0,0
1006,-1,11,1012025,5*5*7*5783,0,0
1006,-1,13,1012023,3*3*23*4889,0,0
1006,-1,17,1012019,83*89*137,0,0
1006,-1,19,1012017,3*337339,0,0
1006,-1,23,1012013,29*34897,0,1
1006,-1,29,1012007,1012007,1,1
1006,-1,31,1012005,3*3*5*43*523,0,0
1006,-1,37,1011999,3*73*4621,0,0
1006,-1,41,1011995,5*31*6529,0,0
1006,-1,43,1011993,3*17*19843,0,0
1008,1,3,1016067,3*13*26053,0,0
1008,1,5,1016069,1016069,1,1
1008,1,7,1016071,7*23*6311,0,0
1008,1,11,1016075,5*5*97*419,0,0
1008,1,13,1016077,61*16657,0,1
1008,1,17,1016081,11*71*1301,0,0
1008,1,19,1016083,1016083,1,1
1008,1,23,1016087,31*73*449,0,0
1008,1,29,1016093,13*47*1663,0,0
1008,1,31,1016095,5*103*1973,0,0
1008,1,37,1016101,19*53479,0,1
1008,1,41,1016105,5*203221,0,0
1008,1,43,1016107,17*59771,0,1
1008,-1,3,1016061,3*338687,0,0
1008,-1,5,1016059,11*92369,0,1
1008,-1,7,1016057,7*37*3923,0,0
1008,-1,11,1016053,1016053,1,1
1008,-1,13,1016051,1016051,1,1
1008,-1,17,1016047,43*23629,0,1
1008,-1,19,1016045,5*203209,0,0
1008,-1,23,1016041,13*78157,0,1
1008,-1,29,1016035,5*203207,0,0
1008,-1,31,1016033,1016033,1,1
1008,-1,37,1016027,1016027,1,1
1008,-1,41,1016023,1016023,1,1
1008,-1,43,1016021,41*24781,0,1
1010,1,3,1020103,7*61*2389,0,0
1010,1,5,1020105,3*3*5*22669,0,0
1010,1,7,1020107,11*92737,0,1
1010,1,11,1020111,3*340037,0,0
1010,1,13,1020113,1020113,1,1
1010,1,17,1020117,3*7*31*1567,0,0
1010,1,19,1020119,17*23*2609,0,0
1010,1,23,1020123,3*3*13*8719,0,0
1010,1,29,1020129,3*11*19*1627,0,0
1010,1,31,1020131,7*7*109*191,0,0
1010,1,37,1020137,1020137,1,1
1010,1,41,1020141,3*3*3*37783,0,0
1010,1,43,1020143,1020143,1,1
1010,-1,3,1020097,13*131*599,0,0
1010,-1,5,1020095,5*204019,0,0
1010,-1,7,1020093,3*340031,0,0
1010,-1,11,1020089,7*43*3389,0,0
1010,-1,13,1020087,3*3*3*37781,0,0
1010,-1,17,1020083,421*2423,0,1
1010,-1,19,1020081,3*340027,0,0
1010,-1,23,1020077,1020077,1,1
1010,-1,29,1020071,13*78467,0,1
1010,-1,31,1020069,3*3*113341,0,0
1010,-1,37,1020063,3*11*30911,0,0
1010,-1,41,1020059,1020059,1,1
1010,-1,43,1020057,3*71*4789,0,0
1012,1,3,1024147,31*33037,0,1
1012,1,5,1024149,3*7*7*6967,0,0
1012,1,7,1024151,1024151,1,1
1012,1,11,1024155,3*3*5*11*2069,0,0
1012,1,13,1024157,19*19*2837,0,0
1012,1,17,1024161,3*487*701,0,0
1012,1,19,1024163,7*146309,0,1
1012,1,23,1024167,3*23*14843,0,0
1012,1,29,1024173,3*3*113797,0,0
1012,1,31,1024175,5*5*71*577,0,0
1012,1,37,1024181,59*17359,0,1
1012,1,41,1024185,3*5*68279,0,0
1012,1,43,1024187,439*2333,0,1
1012,-1,3,1024141,937*1093,0,1
1012,-1,5,1024139,41*24979,0,1
1012,-1,7,1024137,3*3*3*83*457,0,0
1012,-1,11,1024133,11*93103,0,1
1012,-1,13,1024131,3*17*43*467,0,0
1012,-1,17,1024127,13*78779,0,1
1012,-1,19,1024125,3*5*5*5*2731,0,0
1012,-1,23,1024121,7*23*6361,0,0
1012,-1,29,1024115,5*239*857,0,0
1012,-1,31,1024113,3*541*631,0,0
1012,-1,37,1024107,3*7*48767,0,0
1012,-1,41,1024103,1024103,1,1
1012,-1,43,1024101,3*3*13*8753,0,0
1014,1,3,1028199,3*342733,0,0
1014,1,5,1028201,1028201,1,1
1014,1,7,1028203,11*211*443,0,0
1014,1,11,1028207,1028207,1,1
1014,1,13,1028209,7*13*11299,0,0
1014,1,17,1028213,1028213,1,1
1014,1,19,1028215,5*23*8941,0,0
1014,1,23,1028219,47*131*167,0,0
1014,1,29,1028225,5*5*11*3739,0,0
1014,1,31,1028227,379*2713,0,1
1014,1,37,1028233,199*5167,0,1
1014,1,41,1028237,7*146891,0,1
1014,1,43,1028239,31*41*809,0,0
1014,-1,3,1028193,3*37*59*157,0,0
1014,-1,5,1028191,1028191,1,1
1014,-1,7,1028189,1028189,1,1
1014,-1,11,1028185,5*19*79*137,0,0
1014,-1,13,1028183,13*139*569,0,0
1014,-1,17,1028179,281*3659,0,1
1014,-1,19,1028177,17*31*1951,0,0
1014,-1,23,1028173,43*23911,0,1
1014,-1,29,1028167,7*7*20983,0,0
1014,-1,31,1028165,5*205633,0,0
1014,-1,37,1028159,11*151*619,0,0
1014,-1,41,1028155,5*61*3371,0,0
1014,-1,43,1028153,7*191*769,0,0
1016,1,3,1032259,1032259,1,1
1016,1,5,1032261,3*47*7321,0,0
1016,1,7,1032263,23*37*1213,0,0
1016,1,11,1032267,3*223*1543,0,0
1016,1,13,1032269,7*31*67*71,0,0
1016,1,17,1032273,3*3*11*10427,0,0
1016,1,19,1032275,5*5*157*263,0,0
1016,1,23,1032279,3*163*2111,0,0
1016,1,29,1032285,3*5*68819,0,0
1016,1,31,1032287,1032287,1,1
1016,1,37,1032293,73*79*179,0,0
1016,1,41,1032297,3*7*49157,0,0
1016,1,43,1032299,1032299,1,1
1016,-1,3,1032253,577*1789,0,1
1016,-1,5,1032251,11*11*19*449,0,0
1016,-1,7,1032249,3*344083,0,0
1016,-1,11,1032245,5*431*479,0,0
1016,-1,13,1032243,3*181*1901,0,0
1016,-1,17,1032239,13*271*293,0,0
1016,-1,19,1032237,3*3*3*38231,0,0
1016,-1,23,1032233,1032233,1,1
1016,-1,29,1032227,7*167*883,0,0
1016,-1,31,1032225,3*5*5*13763,0,0
1016,-1,37,1032219,3*3*114691,0,0
1016,-1,41,1032215,5*43*4801,0,0
1016,-1,43,1032213,3*7*13*19*199,0,0
1018,1,3,1036327,1036327,1,1
1018,1,5,1036329,3*7*61*809,0,0
1018,1,7,1036331,1036331,1,1
1018,1,11,1036335,3*5*59*1171,0,0
1018,1,13,1036337,17*60961,0,1
1018,1,17,1036341,3*3*3*131*293,0,0
1018,1,19,1036343,7*11*43*313,0,0
1018,1,23,1036347,3*13*26573,0,0
1018,1,29,1036353,3*345451,0,0
1018,1,31,1036355,5*19*10909,0,0
1018,1,37,1036361,31*101*331,0,0
1018,1,41,1036365,3*5*11*11*571,0,0
1018,1,43,1036367,1036367,1,1
1018,-1,3,1036321,11*13*7247,0,0
1018,-1,5,1036319,1036319,1,1
1018,-1,7,1036317,3*19*18181,0,0
1018,-1,11,1036313,151*6863,0,1
1018,-1,13,1036311,3*23*23*653,0,0
1018,-1,17,1036307,1036307,1,1
1018,-1,19,1036305,3*3*5*23029,0,0
1018,-1,23,1036301,7*7*21149,0,0
1018,-1,29,1036295,5*13*107*149,0,0
1018,-1,31,1036293,3*345431,0,0
1018,-1,37,1036287,3*3*3*7*5483,0,0
1018,-1,41,1036283,103*10061,0,1
1018,-1,43,1036281,3*223*1549,0,0
1020,1,3,1040403,3*7*13*37*103,0,0
1020,1,5,1040405,5*23*83*109,0,0
1020,1,7,1040407,1040407,1,1
1020,1,11,1040411,1040411,1,1
1020,1,13,1040413,11*94583,0,1
1020,1,17,1040417,7*7*17*1249,0,0
1020,1,19,1040419,1040419,1,1
1020,1,23,1040423,307*3389,0,1
1020,1,29,1040429,13*163*491,0,0
1020,1,31,1040431,7*148633,0,1
1020,1,37,1040437,521*1997,0,1
1020,1,41,1040441,211*4931,0,1
1020,1,43,1040443,53*67*293,0,0
1020,-1,3,1040397,3*241*1439,0,0
1020,-1,5,1040395,5*251*829,0,0
1020,-1,7,1040393,719*1447,0,1
1020,-1,11,1040389,7*148627,0,1
1020,-1,13,1040387,1040387,1,1
1020,-1,17,1040383,17*19*3221,0,0
1020,-1,19,1040381,1040381,1,1
1020,-1,23,1040377,13*191*419,0,0
1020,-1,29,1040371,1040371,1,1
1020,-1,31,1040369,11*271*349,0,0
1020,-1,37,1040363,71*14653,0,1
1020,-1,41,1040359,23*45233,0,1
1020,-1,43,1040357,197*5281,0,1
1022,1,3,1044487,19*54973,0,1
1022,1,5,1044489,3*348163,0,0
1022,1,7,1044491,7*149213,0,1
1022,1,11,1044495,3*3*3*3*5*2579,0,0
1022,1,13,1044497,17*61441,0,1
1022,1,17,1044501,3*421*827,0,0
1022,1,19,1044503,61*17123,0,1
1022,1,23,1044507,3*397*877,0,0
1022,1,29,1044513,3*3*43*2699,0,0
1022,1,31,1044515,5*317*659,0,0
1022,1,37,1044521,157*6653,0,1
1022,1,41,1044525,3*5*5*19*733,0,0
1022,1,43,1044527,11*269*353,0,0
1022,-1,3,1044481,47*71*313,0,0
1022,-1,5,1044479,1044479,1,1
1022,-1,7,1044477,3*3*7*59*281,0,0
1022,-1,11,1044473,37*28229,0,1
1022,-1,13,1044471,3*53*6569,0,0
1022,-1,17,1044467,151*6917,0,1
1022,-1,19,1044465,3*5*179*389,0,0
1022,-1,23,1044461,11*94951,0,1
1022,-1,29,1044455,5*208891,0,0
1022,-1,31,1044453,3*23*15137,0,0
1022,-1,37,1044447,3*348149,0,0
1022,-1,41,1044443,1044443,1,1
1022,-1,43,1044441,3*3*3*101*383,0,0
1024,1,3,1048579,7*163*919,0,0
1024,1,5,1048581,3*3*263*443,0,0
1024,1,7,1048583,1048583,1,1
1024,1,11,1048587,3*349529,0,0
1024,1,13,1048589,1048589,1,1
1024,1,17,1048593,3*7*13*23*167,0,0
1024,1,19,1048595,5*209719,0,0
1024,1,23,1048599,3*3*3*71*547,0,0
1024,1,29,1048605,3*5*53*1319,0,0
1024,1,31,1048607,7*59*2539,0,0
1024,1,37,1048613,1048613,1,1
1024,1,41,1048617,3*3*37*47*67,0,0
1024,1,43,1048619,11*13*7333,0,0
1024,-1,3,1048573,1048573,1,1
1024,-1,5,1048571,1048571,1,1
1024,-1,7,1048569,3*193*1811,0,0
1024,-1,11,1048565,5*7*29959,0,0
1024,-1,13,1048563,3*3*116507,0,0
1024,-1,17,1048559,1048559,1,1
1024,-1,19,1048557,3*349519,0,0
1024,-1,23,1048553,11*19*29*173,0,0
1024,-1,29,1048547,23*45589,0,1
1024,-1,31,1048545,3*3*3*3*3*5*863,0,0
1024,-1,37,1048539,3*83*4211,0,0
1024,-1,41,1048535,5*209707,0,0
1024,-1,43,1048533,3*181*1931,0,0
1026,1,3,1052679,3*211*1663,0,0
1026,1,5,1052681,7*150383,0,1
1026,1,7,1052683,43*24481,0,1
1026,1,11,1052687,23*37*1237,0,0
1026,1,13,1052689,11*83*1153,0,0
1026,1,17,1052693,1052693,1,1
1026,1,19,1052695,5*7*19*1583,0,0
1026,1,23,1052699,179*5881,0,1
1026,1,29,1052705,5*173*1217,0,0
1026,1,31,1052707,1052707,1,1
1026,1,37,1052713,229*4597,0,1
1026,1,41,1052717,71*14827,0,1
1026,1,43,1052719,1052719,1,1
1026,-1,3,1052673,3*350891,0,0
1026,-1,5,1052671,29*36299,0,1
1026,-1,7,1052669,647*1627,0,1
1026,-1,11,1052665,5*210533,0,0
1026,-1,13,1052663,1052663,1,1
1026,-1,17,1052659,47*22397,0,1
1026,-1,19,1052657,17*19*3259,0,0
1026,-1,23,1052653,7*150379,0,1
1026,-1,29,1052647,139*7573,0,1
1026,-1,31,1052645,5*11*19139,0,0
1026,-1,37,1052639,7*150377,0,1
1026,-1,41,1052635,5*210527,0,0
1026,-1,43,1052633,53*19861,0,1
1028,1,3,1056787,607*1741,0,1
1028,1,5,1056789,3*3*29*4049,0,0
1028,1,7,1056791,67*15773,0,1
1028,1,11,1056795,3*5*47*1499,0,0
1028,1,13,1056797,7*223*677,0,0
1028,1,17,1056801,3*352267,0,0
1028,1,19,1056803,11*191*503,0,0
1028,1,23,1056807,3*3*3*3*3*4349,0,0
1028,1,29,1056813,3*352271,0,0
1028,1,31,1056815,5*97*2179,0,0
1028,1,37,1056821,31*73*467,0,0
1028,1,41,1056825,3*3*5*5*7*11*61,0,0
1028,1,43,1056827,23*45949,0,1
1028,-1,3,1056781,11*23*4177,0,0
1028,-1,5,1056779,1056779,1,1
1028,-1,7,1056777,3*131*2689,0,0
1028,-1,11,1056773,1056773,1,1
1028,-1,13,1056771,3*3*17*6907,0,0
1028,-1,17,1056767,53*127*157,0,0
1028,-1,19,1056765,3*5*70451,0,0
1028,-1,23,1056761,19*55619,0,1
1028,-1,29,1056755,5*7*109*277,0,0
1028,-1,31,1056753,3*3*3*39139,0,0
1028,-1,37,1056747,3*352249,0,0
1028,-1,41,1056743,941*1123,0,1
1028,-1,43,1056741,3*7*50321,0,0
1030,1,3,1060903,19*55837,0,1
1030,1,5,1060905,3*5*107*661,0,0
1030,1,7,1060907,29*36583,0,1
1030,1,11,1060911,3*3*3*39293,0,0
1030,1,13,1060913,7*31*4889,0,0
1030,1,17,1060917,3*11*13*2473,0,0
1030,1,19,1060919,17*17*3671,0,0
1030,1,23,1060923,3*353641,0,0
1030,1,29,1060929,3*3*117881,0,0
1030,1,31,1060931,47*22573,0,1
1030,1,37,1060937,1060937,1,1
1030,1,41,1060941,3*7*19*2659,0,0
1030,1,43,1060943,13*81611,0,1
1030,-1,3,1060897,109*9733,0,1
1030,-1,5,1060895,5*11*19289,0,0
1030,-1,7,1060893,3*3*117877,0,0
1030,-1,11,1060889,97*10937,0,1
1030,-1,13,1060887,3*353629,0,0
1030,-1,17,1060883,1060883,1,1
1030,-1,19,1060881,3*353627,0,0
1030,-1,23,1060877,593*1789,0,1
1030,-1,29,1060871,7*151553,0,1
1030,-1,31,1060869,3*199*1777,0,0
1030,-1,37,1060863,3*353621,0,0
1030,-1,41,1060859,677*1567,0,1
1030,-1,43,1060857,3*3*3*3*7*1871,0,0
1032,1,3,1065027,3*355009,0,0
1032,1,5,1065029,7*152147,0,1
1032,1,7,1065031,11*96821,0,1
1032,1,11,1065035,5*53*4019,0,0
1032,1,13,1065037,1065037,1,1
1032,1,17,1065041,1065041,1,1
1032,1,19,1065043,7*233*653,0,0
1032,1,23,1065047,1065047,1,1
1032,1,29,1065053,11*96823,0,1
1032,1,31,1065055,5*293*727,0,0
1032,1,37,1065061,23*46307,0,1
1032,1,41,1065065,5*277*769,0,0
1032,1,43,1065067,17*31*43*47,0,0
1032,-1,3,1065021,3*355007,0,0
1032,-1,5,1065019,1065019,1,1
1032,-1,7,1065017,1065017,1,1
1032,-1,11,1065013,1065013,1,1
1032,-1,13,1065011,1065011,1,1
1032,-1,17,1065007,19*56053,0,1
1032,-1,19,1065005,5*31*6871,0,0
1032,-1,23,1065001,7*353*431,0,0
1032,-1,29,1064995,5*212999,0,0
1032,-1,31,1064993,251*4243,0,1
1032,-1,37,1064987,7*11*13831,0,0
1032,-1,41,1064983,307*3469,0,1
1032,-1,43,1064981,43*24767,0,1
1034,1,3,1069159,7*13*31*379,0,0
1034,1,5,1069161,3*356387,0,0
1034,1,7,1069163,947*1129,0,1
1034,1,11,1069167,3*11*179*181,0,0
1034,1,13,1069169,53*20173,0,1
1034,1,17,1069173,3*3*3*7*5657,0,0
1034,1,19,1069175,5*5*42767,0,0
1034,1,23,1069179,3*593*601,0,0
1034,1,29,1069185,3*5*13*5483,0,0
1034,1,31,1069187,7*19*8039,0,0
1034,1,37,1069193,1069193,1,1
1034,1,41,1069197,3*356399,0,0
1034,1,43,1069199,1069199,1,1
1034,-1,3,1069153,719*1487,0,1
1034,-1,5,1069151,569*1879,0,1
1034,-1,7,1069149,3*19*18757,0,0
1034,-1,11,1069145,5*7*11*2777,0,0
1034,-1,13,1069143,3*29*12289,0,0
1034,-1,17,1069139,59*18121,0,1
1034,-1,19,1069137,3*3*211*563,0,0
1034,-1,23,1069133,13*82241,0,1
1034,-1,29,1069127,1069127,1,1
1034,-1,31,1069125,3*5*5*5*2851,0,0
1034,-1,37,1069119,3*3*3*3*67*197,0,0
1034,-1,41,1069115,5*37*5779,0,0
1034,-1,43,1069113,3*17*20963,0,0
1036,1,3,1073299,223*4813,0,1
1036,1,5,1073301,3*357767,0,0
1036,1,7,1073303,7*11*53*263,0,0
1036,1,11,1073307,3*71*5039,0,0
1036,1,13,1073309,167*6427,0,1
1036,1,17,1073313,3*3*31*3847,0,0
1036,1,19,1073315,5*214663,0,0
1036,1,23,1073319,3*13*13*29*73,0,0
1036,1,29,1073325,3*5*5*11*1301,0,0
1036,1,31,1073327,101*10627,0,1
1036,1,37,1073333,37*29009,0,1
1036,1,41,1073337,3*357779,0,0
1036,1,43,1073339,41*47*557,0,0
1036,-1,3,1073293,13*82561,0,1
1036,-1,5,1073291,19*56489,0,1
1036,-1,7,1073289,3*7*51109,0,0
1036,-1,11,1073285,5*214657,0,0
1036,-1,13,1073283,3*131*2731,0,0
1036,-1,17,1073279,1073279,1,1
1036,-1,19,1073277,3*3*3*127*313,0,0
1036,-1,23,1073273,67*83*193,0,0
1036,-1,29,1073267,13*82559,0,1
1036,-1,31,1073265,3*5*71551,0,0
1036,-1,37,1073259,3*3*11*37*293,0,0
1036,-1,41,1073255,5*214651,0,0
1036,-1,43,1073253,3*19*19*991,0,0
1038,1,3,1077447,3*7*51307,0,0
1038,1,5,1077449,1077449,1,1
1038,1,7,1077451,43*25057,0,1
1038,1,11,1077455,5*113*1907,0,0
1038,1,13,1077457,1077457,1,1
1038,1,17,1077461,7*7*11*1999,0,0
1038,1,19,1077463,881*1223,0,1
1038,1,23,1077467,31*34757,0,1
1038,1,29,1077473,673*1601,0,1
1038,1,31,1077475,5*5*7*47*131,0,0
1038,1,37,1077481,23*79*593,0,0
1038,1,41,1077485,5*215497,0,0
1038,1,43,1077487,401*2687,0,1
1038,-1,3,1077441,3*359147,0,0
1038,-1,5,1077439,11*41*2389,0,0
1038,-1,7,1077437,29*53*701,0,0
1038,-1,11,1077433,7*19*8101,0,0
1038,-1,13,1077431,191*5641,0,1
1038,-1,17,1077427,13*67*1237,0,0
1038,-1,19,1077425,5*5*71*607,0,0
1038,-1,23,1077421,1077421,1,1
1038,-1,29,1077415,5*215483,0,0
1038,-1,31,1077413,1077413,1,1
1038,-1,37,1077407,73*14759,0,1
1038,-1,41,1077403,37*37*787,0,0
1038,-1,43,1077401,13*179*463,0,0
1040,1,3,1081603,103*10501,0,1
1040,1,5,1081605,3*5*7*10301,0,0
1040,1,7,1081607,109*9923,0,1
1040,1,11,1081611,3*3*47*2557,0,0
1040,1,13,1081613,13*19*29*151,0,0
1040,1,17,1081617,3*89*4051,0,0
1040,1,19,1081619,7*11*11*1277,0,0
1040,1,23,1081623,3*360541,0,0
1040,1,29,1081629,3*3*120181,0,0
1040,1,31,1081631,1081631,1,1
1040,1,37,1081637,1081637,1,1
1040,1,41,1081641,3*11*73*449,0,0
1040,1,43,1081643,701*1543,0,1
1040,-1,3,1081597,11*98327,0,1
1040,-1,5,1081595,5*216319,0,0
1040,-1,7,1081593,3*3*3*3*3*4451,0,0
1040,-1,11,1081589,79*13691,0,1
1040,-1,13,1081587,3*13*27733,0,0
1040,-1,17,1081583,1081583,1,1
1040,-1,19,1081581,3*67*5381,0,0
1040,-1,23,1081577,7*7*22073,0,0
1040,-1,29,1081571,53*20407,0,1
1040,-1,31,1081569,3*281*1283,0,0
1040,-1,37,1081563,3*7*51503,0,0
1040,-1,41,1081559,31*139*251,0,0
1040,-1,43,1081557,3*3*17*7069,0,0
1042,1,3,1085767,1085767,1,1
1042,1,5,1085769,3*3*120641,0,0
1042,1,7,1085771,1085771,1,1
1042,1,11,1085775,3*5*5*31*467,0,0
1042,1,13,1085777,7*11*59*239,0,0
1042,1,17,1085781,3*361927,0,0
1042,1,19,1085783,593*1831,0,1
1042,1,23,1085787,3*3*223*541,0,0
1042,1,29,1085793,3*19*43*443,0,0
1042,1,31,1085795,5*397*547,0,0
1042,1,37,1085801,1085801,1,1
1042,1,41,1085805,3*3*3*3*5*7*383,0,0
1042,1,43,1085807,17*23*2777,0,0
1042,-1,3,1085761,23*47207,0,1
1042,-1,5,1085759,421*2579,0,1
1042,-1,7,1085757,3*361919,0,0
1042,-1,11,1085753,1085753,1,1
1042,-1,13,1085751,3*3*3*40213,0,0
1042,-1,17,1085747,13*47*1777,0,0
1042,-1,19,1085745,3*5*72383,0,0
1042,-1,23,1085741,227*4783,0,1
1042,-1,29,1085735,5*7*67*463,0,0
1042,-1,31,1085733,3*3*11*11*997,0,0
1042,-1,37,1085727,3*361909,0,0
1042,-1,41,1085723,83*103*127,0,0
1042,-1,43,1085721,3*7*13*41*97,0,0
1044,1,3,1089939,3*363313,0,0
1044,1,5,1089941,1089941,1,1
1044,1,7,1089943,1089943,1,1
1044,1,11,1089947,23*47389,0,1
1044,1,13,1089949,7*155707,0,1
1044,1,17,1089953,577*1889,0,1
1044,1,19,1089955,5*17*12823,0,0
1044,1,23,1089959,13*83843,0,1
1044,1,29,1089965,5*29*7517,0,0
1044,1,31,1089967,1089967,1,1
1044,1,37,1089973,19*57367,0,1
1044,1,41,1089977,7*47*3313,0,0
1044,1,43,1089979,11*99089,0,1
1044,-1,3,1089933,3*13*27947,0,0
1044,-1,5,1089931,179*6089,0,1
1044,-1,7,1089929,31*35159,0,1
1044,-1,11,1089925,5*5*43597,0,0
1044,-1,13,1089923,199*5477,0,1
1044,-1,17,1089919,1089919,1,1
1044,-1,19,1089917,1089917,1,1
1044,-1,23,1089913,11*99083,0,1
1044,-1,29,1089907,7*7*13*29*59,0,0
1044,-1,31,1089905,5*217981,0,0
1044,-1,37,1089899,139*7841,0,1
1044,-1,41,1089895,5*217979,0,0
1044,-1,43,1089893,7*155699,0,1
1046,1,3,1094119,13*84163,0,1
1046,1,5,1094121,3*3*3*7*7*827,0,0
1046,1,7,1094123,1094123,1,1
1046,1,11,1094127,3*37*9857,0,0
1046,1,13,1094129,1094129,1,1
1046,1,17,1094133,3*23*101*157,0,0
1046,1,19,1094135,5*7*43*727,0,0
1046,1,23,1094139,3*3*121571,0,0
1046,1,29,1094145,3*5*13*31*181,0,0
1046,1,31,1094147,1094147,1,1
1046,1,37,1094153,19*57587,0,1
1046,1,41,1094157,3*3*61*1993,0,0
1046,1,43,1094159,11*99469,0,1
1046,-1,3,1094113,47*23279,0,1
1046,-1,5,1094111,911*1201,0,1
1046,-1,7,1094109,3*251*1453,0,0
1046,-1,11,1094105,5*127*1723,0,0
1046,-1,13,1094103,3*3*17*7151,0,0
1046,-1,17,1094099,1094099,1,1
1046,-1,19,1094097,3*364699,0,0
1046,-1,23,1094093,7*11*13*1093,0,0
1046,-1,29,1094087,23*47569,0,1
1046,-1,31,1094085,3*3*5*41*593,0,0
1046,-1,37,1094079,3*7*53*983,0,0
1046,-1,41,1094075,5*5*107*409,0,0
1046,-1,43,1094073,3*364691,0,0
1048,1,3,1098307,7*156901,0,1
1048,1,5,1098309,3*366103,0,0
1048,1,7,1098311,1098311,1,1
1048,1,11,1098315,3*3*5*24407,0,0
1048,1,13,1098317,11*11*29*313,0,0
1048,1,17,1098321,3*7*52301,0,0
1048,1,19,1098323,283*3881,0,1
1048,1,23,1098327,3*269*1361,0,0
1048,1,29,1098333,3*3*3*19*2141,0,0
1048,1,31,1098335,5*7*7*4483,0,0
1048,1,37,1098341,1098341,1,1
1048,1,41,1098345,3*5*37*1979,0,0
1048,1,43,1098347,479*2293,0,1
1048,-1,3,1098301,1098301,1,1
1048,-1,5,1098299,31*71*499,0,0
1048,-1,7,1098297,3*3*122033,0,0
1048,-1,11,1098293,7*156899,0,1
1048,-1,13,1098291,3*366097,0,0
1048,-1,17,1098287,1098287,1,1
1048,-1,19,1098285,3*5*17*59*73,0,0
1048,-1,23,1098281,199*5519,0,1
1048,-1,29,1098275,5*5*197*223,0,0
1048,-1,31,1098273,3*11*23*1447,0,0
1048,-1,37,1098267,3*41*8929,0,0
1048,-1,41,1098263,43*25541,0,1
1048,-1,43,1098261,3*3*122029,0,0
1050,1,3,1102503,3*367501,0,0
1050,1,5,1102505,5*23*9587,0,0
1050,1,7,1102507,7*239*659,0,0
1050,1,11,1102511,379*2909,0,1
1050,1,13,1102513,19*58027,0,1
1050,1,17,1102517,13*84809,0,1
1050,1,19,1102519,11*73*1373,0,0
1050,1,23,1102523,1102523,1,1
1050,1,29,1102529,173*6373,0,1
1050,1,31,1102531,41*26891,0,1
1050,1,37,1102537,1102537,1,1
1050,1,41,1102541,11*113*887,0,0
1050,1,43,1102543,13*84811,0,1
1050,-1,3,1102497,3*11*33409,0,0
1050,-1,5,1102495,5*311*709,0,0
1050,-1,7,1102493,7*29*5431,0,0
1050,-1,11,1102489,37*83*359,0,0
1050,-1,13,1102487,127*8681,0,1
1050,-1,17,1102483,1102483,1,1
1050,-1,19,1102481,1102481,1,1
1050,-1,23,1102477,43*25639,0,1
1050,-1,29,1102471,181*6091,0,1
1050,-1,31,1102469,397*2777,0,1
1050,-1,37,1102463,1102463,1,1
1050,-1,41,1102459,23*47933,0,1
1050,-1,43,1102457,1102457,1,1
1052,1,3,1106707,7*37*4273,0,0
1052,1,5,1106709,3*47*47*167,0,0
1052,1,7,1106711,79*14009,0,1
1052,1,11,1106715,3*5*89*829,0,0
1052,1,13,1106717,17*65101,0,1
1052,1,17,1106721,3*3*7*11*1597,0,0
1052,1,19,1106723,61*18143,0,1
1052,1,23,1106727,3*29*12721,0,0
1052,1,29,1106733,3*368911,0,0
1052,1,31,1106735,5*7*103*307,0,0
1052,1,37,1106741,1106741,1,1
1052,1,41,1106745,3*5*73783,0,0
1052,1,43,1106747,1106747,1,1
1052,-1,3,1106701,107*10343,0,1
1052,-1,5,1106699,11*100609,0,1
1052,-1,7,1106697,3*368899,0,0
1052,-1,11,1106693,7*19*53*157,0,0
1052,-1,13,1106691,3*23*43*373,0,0
1052,-1,17,1106687,1106687,1,1
1052,-1,19,1106685,3*3*5*24593,0,0
1052,-1,23,1106681,173*6397,0,1
1052,-1,29,1106675,5*5*44267,0,0
1052,-1,31,1106673,3*97*3803,0,0
1052,-1,37,1106667,3*3*122963,0,0
1052,-1,41,1106663,59*18757,0,1
1052,-1,43,1106661,3*293*1259,0,0
1054,1,3,1110919,1110919,1,1
1054,1,5,1110921,3*7*52901,0,0
1054,1,7,1110923,11*23*4391,0,0
1054,1,11,1110927,3*67*5527,0,0
1054,1,13,1110929,1110929,1,1
1054,1,17,1110933,3*3*17*53*137,0,0
1054,1,19,1110935,5*7*31741,0,0
1054,1,23,1110939,3*47*7879,0,0
1054,1,29,1110945,3*5*11*6733,0,0
1054,1,31,1110947,31*35837,0,1
1054,1,37,1110953,1110953,1,1
1054,1,41,1110957,3*547*677,0,0
1054,1,43,1110959,1110959,1,1
1054,-1,3,1110913,1110913,1,1
1054,-1,5,1110911,19*59*991,0,0
1054,-1,7,1110909,3*367*1009,0,0
1054,-1,11,1110905,5*43*5167,0,0
1054,-1,13,1110903,3*29*113*113,0,0
1054,-1,17,1110899,17*101*647,0,0
1054,-1,19,1110897,3*3*123433,0,0
1054,-1,23,1110893,7*158699,0,1
1054,-1,29,1110887,1110887,1,1
1054,-1,31,1110885,3*5*31*2389,0,0
1054,-1,37,1110879,3*3*7*7*11*229,0,0
1054,-1,41,1110875,5*5*5*8887,0,0
1054,-1,43,1110873,3*19*19489,0,0
1056,1,3,1115139,3*331*1123,0,0
1056,1,5,1115141,61*101*181,0,0
1056,1,7,1115143,37*30139,0,1
1056,1,11,1115147,11*101377,0,1
1056,1,13,1115149,7*17*9371,0,0
1056,1,17,1115153,13*85781,0,1
1056,1,19,1115155,5*23*9697,0,0
1056,1,23,1115159,41*59*461,0,0
1056,1,29,1115165,5*271*823,0,0
1056,1,31,1115167,19*58693,0,1
1056,1,37,1115173,53*53*397,0,0
1056,1,41,1115177,7*159311,0,1
1056,1,43,1115179,13*109*787,0,0
1056,-1,3,1115133,3*337*1103,0,0
1056,-1,5,1115131,1115131,1,1
1056,-1,7,1115129,19*19*3089,0,0
1056,-1,11,1115125,5*5*5*11*811,0,0
1056,-1,13,1115123,257*4339,0,1
1056,-1,17,1115119,43*25933,0,1
1056,-1,19,1115117,1115117,1,1
1056,-1,23,1115113,1115113,1,1
1056,-1,29,1115107,7*241*661,0,0
1056,-1,31,1115105,5*83*2687,0,0
1056,-1,37,1115099,1115099,1,1
1056,-1,41,1115095,5*223019,0,0
1056,-1,43,1115093,7*7*7*3251,0,0
1058,1,3,1119367,139*8053,0,1
1058,1,5,1119369,3*67*5569,0,0
1058,1,7,1119371,11*11*11*29*29,0,0
1058,1,11,1119375,3*3*5*5*5*5*199,0,0
1058,1,13,1119377,7*159911,0,1
1058,1,17,1119381,3*373127,0,0
1058,1,19,1119383,101*11083,0,1
1058,1,23,1119387,3*23*16223,0,0
1058,1,29,1119393,3*3*3*11*3769,0,0
1058,1,31,1119395,5*131*1709,0,0
1058,1,37,1119401,167*6703,0,1
1058,1,41,1119405,3*5*7*7*1523,0,0
1058,1,43,1119407,59*18973,0,1
1058,-1,3,1119361,37*30253,0,1
1058,-1,5,1119359,1119359,1,1
1058,-1,7,1119357,3*3*277*449,0,0
1058,-1,11,1119353,89*12577,0,1
1058,-1,13,1119351,3*79*4723,0,0
1058,-1,17,1119347,19*58913,0,1
1058,-1,19,1119345,3*5*74623,0,0
1058,-1,23,1119341,23*41*1187,0,0
1058,-1,29,1119335,5*7*31981,0,0
1058,-1,31,1119333,3*43*8677,0,0
1058,-1,37,1119327,3*11*107*317,0,0
1058,-1,41,1119323,1119323,1,1
1058,-1,43,1119321,3*3*7*109*163,0,0
1060,1,3,1123603,13*19*4549,0,0
1060,1,5,1123605,3*3*3*5*7*29*41,0,0
1060,1,7,1123607,107*10501,0,1
1060,1,11,1123611,3*374537,0,0
1060,1,13,1123613,269*4177,0,1
1060,1,17,1123617,3*11*79*431,0,0
1060,1,19,1123619,7*7*23*997,0,0
1060,1,23,1123623,3*3*124847,0,0
1060,1,29,1123629,3*13*47*613,0,0
1060,1,31,1123631,1123631,1,1
1060,1,37,1123637,1123637,1,1
1060,1,41,1123641,3*3*19*6571,0,0
1060,1,43,1123643,311*3613,0,1
1060,-1,3,1123597,1123597,1,1
1060,-1,5,1123595,5*11*31*659,0,0
1060,-1,7,1123593,3*374531,0,0
1060,-1,11,1123589,1123589,1,1
1060,-1,13,1123587,3*3*131*953,0,0
1060,-1,17,1123583,179*6277,0,1
1060,-1,19,1123581,3*17*22031,0,0
1060,-1,23,1123577,7*13*12347,0,0
1060,-1,29,1123571,83*13537,0,1
1060,-1,31,1123569,3*3*127*983,0,0
1060,-1,37,1123563,3*7*53503,0,0
1060,-1,41,1123559,61*113*163,0,0
1060,-1,43,1123557,3*607*617,0,0
1062,1,3,1127847,3*7*43*1249,0,0
1062,1,5,1127849,1127849,1,1
1062,1,7,1127851,23*49037,0,1
1062,1,11,1127855,5*191*1181,0,0
1062,1,13,1127857,1127857,1,1
1062,1,17,1127861,7*161123,0,1
1062,1,19,1127863,11*102533,0,1
1062,1,23,1127867,13*101*859,0,0
1062,1,29,1127873,31*36383,0,1
1062,1,31,1127875,5*5*5*7*1289,0,0
1062,1,37,1127881,1127881,1,1
1062,1,41,1127885,5*11*20507,0,0
1062,1,43,1127887,83*107*127,0,0
1062,-1,3,1127841,3*11*11*13*239,0,0
1062,-1,5,1127839,29*38891,0,1
1062,-1,7,1127837,1127837,1,1
1062,-1,11,1127833,7*7*23017,0,0
1062,-1,13,1127831,17*66343,0,1
1062,-1,17,1127827,491*2297,0,1
1062,-1,19,1127825,5*5*197*229,0,0
1062,-1,23,1127821,19*59359,0,1
1062,-1,29,1127815,5*13*17351,0,0
1062,-1,31,1127813,1127813,1,1
1062,-1,37,1127807,773*1459,0,1
1062,-1,41,1127803,1127803,1,1
1062,-1,43,1127801,1127801,1,1
1064,1,3,1132099,61*67*277,0,0
1064,1,5,1132101,3*3*125789,0,0
1064,1,7,1132103,7*161729,0,1
1064,1,11,1132107,3*377369,0,0
1064,1,13,1132109,11*101*1019,0,0
1064,1,17,1132113,3*377371,0,0
1064,1,19,1132115,5*17*19*701,0,0
1064,1,23,1132119,3*3*125791,0,0
1064,1,29,1132125,3*5*5*5*3019,0,0
1064,1,31,1132127,157*7211,0,1
1064,1,37,1132133,41*53*521,0,0
1064,1,41,1132137,3*3*3*3*3*3*1553,0,0
1064,1,43,1132139,1132139,1,1
1064,-1,3,1132093,167*6779,0,1
1064,-1,5,1132091,1132091,1,1
1064,-1,7,1132089,3*7*31*37*47,0,0
1064,-1,11,1132085,5*257*881,0,0
1064,-1,13,1132083,3*3*3*23*1823,0,0
1064,-1,17,1132079,13*87083,0,1
1064,-1,19,1132077,3*19*19861,0,0
1064,-1,23,1132073,29*103*379,0,0
1064,-1,29,1132067,1132067,1,1
1064,-1,31,1132065,3*3*5*11*2287,0,0
1064,-1,37,1132059,3*377353,0,0
1064,-1,41,1132055,5*373*607,0,0
1064,-1,43,1132053,3*13*29027,0,0
1066,1,3,1136359,7*7*7*3313,0,0
1066,1,5,1136361,3*23*43*383,0,0
1066,1,7,1136363,1136363,1,1
1066,1,11,1136367,3*3*31*4073,0,0
1066,1,13,1136369,13*61*1433,0,0
1066,1,17,1136373,3*7*53*1021,0,0
1066,1,19,1136375,5*5*5*9091,0,0
1066,1,23,1136379,3*378793,0,0
1066,1,29,1136385,3*3*5*25253,0,0
1066,1,31,1136387,7*67*2423,0,0
1066,1,37,1136393,1136393,1,1
1066,1,41,1136397,3*41*9239,0,0
1066,1,43,1136399,11*17*59*103,0,0
1066,-1,3,1136353,83*13691,0,1
1066,-1,5,1136351,101*11251,0,1
1066,-1,7,1136349,3*3*3*3*14029,0,0
1066,-1,11,1136345,5*7*32467,0,0
1066,-1,13,1136343,3*13*29137,0,0
1066,-1,17,1136339,1136339,1,1
1066,-1,19,1136337,3*378779,0,0
1066,-1,23,1136333,11*19*5437,0,0
1066,-1,29,1136327,1136327,1,1
1066,-1,31,1136325,3*5*5*109*139,0,0
1066,-1,37,1136319,3*47*8059,0,0
1066,-1,41,1136315,5*23*41*241,0,0
1066,-1,43,1136313,3*3*126257,0,0
1068,1,3,1140627,3*19*20011,0,0
1068,1,5,1140629,7*162947,0,1
1068,1,7,1140631,263*4337,0,1
1068,1,11,1140635,5*228127,0,0
1068,1,13,1140637,1140637,1,1
1068,1,17,1140641,991*1151,0,1
1068,1,19,1140643,7*47*3467,0,0
1068,1,23,1140647,59*19333,0,1
1068,1,29,1140653,241*4733,0,1
1068,1,31,1140655,5*228131,0,0
1068,1,37,1140661,41*43*647,0,0
1068,1,41,1140665,5*19*12007,0,0
1068,1,43,1140667,11*11*11*857,0,0
1068,-1,3,1140621,3*380207,0,0
1068,-1,5,1140619,1140619,1,1
1068,-1,7,1140617,131*8707,0,1
1068,-1,11,1140613,53*21521,0,1
1068,-1,13,1140611,1140611,1,1
1068,-1,17,1140607,13*87739,0,1
1068,-1,19,1140605,5*157*1453,0,0
1068,-1,23,1140601,7*11*14813,0,0
1068,-1,29,1140595,5*149*1531,0,0
1068,-1,31,1140593,23*101*491,0,0
1068,-1,37,1140587,7*127*1283,0,0
1068,-1,41,1140583,31*36793,0,1
1068,-1,43,1140581,13*13*17*397,0,0
1070,1,3,1144903,1144903,1,1
1070,1,5,1144905,3*5*127*601,0,0
1070,1,7,1144907,1144907,1,1
1070,1,11,1144911,3*381637,0,0
1070,1,13,1144913,7*11*14869,0,0
1070,1,17,1144917,3*3*23*5531,0,0
1070,1,19,1144919,1144919,1,1
1070,1,23,1144923,3*13*31*947,0,0
1070,1,29,1144929,3*331*1153,0,0
1070,1,31,1144931,1144931,1,1
1070,1,37,1144937,487*2351,0,1
1070,1,41,1144941,3*7*54521,0,0
1070,1,43,1144943,139*8237,0,1
1070,-1,3,1144897,13*88069,0,1
1070,-1,5,1144895,5*59*3881,0,0
1070,-1,7,1144893,3*381631,0,0
1070,-1,11,1144889,1144889,1,1
1070,-1,13,1144887,3*381629,0,0
1070,-1,17,1144883,19*60257,0,1
1070,-1,19,1144881,3*3*3*42403,0,0
1070,-1,23,1144877,1144877,1,1
1070,-1,29,1144871,7*13*23*547,0,0
1070,-1,31,1144869,3*11*34693,0,0
1070,-1,37,1144863,3*3*127207,0,0
1070,-1,41,1144859,73*15683,0,1
1070,-1,43,1144857,3*7*54517,0,0
1072,1,3,1149187,13*109*811,0,0
1072,1,5,1149189,3*41*9343,0,0
1072,1,7,1149191,1149191,1,1
1072,1,11,1149195,3*5*23*3331,0,0
1072,1,13,1149197,7*7*47*499,0,0
1072,1,17,1149201,3*3*3*31*1373,0,0
1072,1,19,1149203,11*104473,0,1
1072,1,23,1149207,3*383069,0,0
1072,1,29,1149213,3*13*79*373,0,0
1072,1,31,1149215,5*19*12097,0,0
1072,1,37,1149221,1149221,1,1
1072,1,41,1149225,3*5*5*7*11*199,0,0
1072,1,43,1149227,1149227,1,1
1072,-1,3,1149181,11*104471,0,1
1072,-1,5,1149179,61*18839,0,1
1072,-1,7,1149177,3*19*20161,0,0
1072,-1,11,1149173,929*1237,0,1
1072,-1,13,1149171,3*103*3719,0,0
1072,-1,17,1149167,1149167,1,1
1072,-1,19,1149165,3*3*5*25537,0,0
1072,-1,23,1149161,13*88397,0,1
1072,-1,29,1149155,5*7*32833,0,0
1072,-1,31,1149153,3*383051,0,0
1072,-1,37,1149147,3*3*3*3*3*4729,0,0
1072,-1,41,1149143,59*19477,0,1
1072,-1,43,1149141,3*7*54721,0,0
1074,1,3,1153479,3*31*79*157,0,0
1074,1,5,1153481,7*367*449,0,0
1074,1,7,1153483,1153483,1,1
1074,1,11,1153487,1153487,1,1
1074,1,13,1153489,151*7639,0,1
1074,1,17,1153493,11*11*9533,0,0
1074,1,19,1153495,5*7*32957,0,0
1074,1,23,1153499,311*3709,0,1
1074,1,29,1153505,5*281*821,0,0
1074,1,31,1153507,419*2753,0,1
1074,1,37,1153513,181*6373,0,1
1074,1,41,1153517,1153517,1,1
1074,1,43,1153519,23*50153,0,1
1074,-1,3,1153473,3*23*73*229,0,0
1074,-1,5,1153471,11*19*5519,0,0
1074,-1,7,1153469,167*6907,0,1
1074,-1,11,1153465,5*230693,0,0
1074,-1,13,1153463,1153463,1,1
1074,-1,17,1153459,1153459,1,1
1074,-1,19,1153457,1153457,1,1
1074,-1,23,1153453,7*41*4019,0,0
1074,-1,29,1153447,937*1231,0,1
1074,-1,31,1153445,5*349*661,0,0
1074,-1,37,1153439,7*53*3109,0,0
1074,-1,41,1153435,5*197*1171,0,0
1074,-1,43,1153433,17*19*3571,0,0
1076,1,3,1157779,7*165397,0,1
1076,1,5,1157781,3*385927,0,0
1076,1,7,1157783,11*105253,0,1
1076,1,11,1157787,3*3*3*137*313,0,0
1076,1,13,1157789,163*7103,0,1
1076,1,17,1157793,3*7*13*4241,0,0
1076,1,19,1157795,5*231559,0,0
1076,1,23,1157799,3*41*9413,0,0
1076,1,29,1157805,3*3*5*11*2339,0,0
1076,1,31,1157807,7*193*857,0,0
1076,1,37,1157813,1031*1123,0,1
1076,1,41,1157817,3*385939,0,0
1076,1,43,1157819,13*13*13*17*31,0,0
1076,-1,3,1157773,1157773,1,1
1076,-1,5,1157771,1157771,1,1
1076,-1,7,1157769,3*3*197*653,0,0
1076,-1,11,1157765,5*7*19*1741,0,0
1076,-1,13,1157763,3*101*3821,0,0
1076,-1,17,1157759,1157759,1,1
1076,-1,19,1157757,3*31*59*211,0,0
1076,-1,23,1157753,283*4091,0,1
1076,-1,29,1157747,1157747,1,1
1076,-1,31,1157745,3*5*79*977,0,0
1076,-1,37,1157739,3*11*35083,0,0
1076,-1,41,1157735,5*231547,0,0
1076,-1,43,1157733,3*3*3*3*14293,0,0
1078,1,3,1162087,73*15919,0,1
1078,1,5,1162089,3*3*129121,0,0
1078,1,7,1162091,7*166013,0,1
1078,1,11,1162095,3*5*11*7043,0,0
1078,1,13,1162097,19*31*1973,0,0
1078,1,17,1162101,3*131*2957,0,0
1078,1,19,1162103,17*197*347,0,0
1078,1,23,1162107,3*3*3*3*14347,0,0
1078,1,29,1162113,3*387371,0,0
1078,1,31,1162115,5*67*3469,0,0
1078,1,37,1162121,23*50527,0,1
1078,1,41,1162125,3*3*5*5*5*1033,0,0
1078,1,43,1162127,107*10861,0,1
1078,-1,3,1162081,1162081,1,1
1078,-1,5,1162079,1162079,1,1
1078,-1,7,1162077,3*7*55337,0,0
1078,-1,11,1162073,11*89*1187,0,0
1078,-1,13,1162071,3*3*129119,0,0
1078,-1,17,1162067,1162067,1,1
1078,-1,19,1162065,3*5*77471,0,0
1078,-1,23,1162061,1162061,1,1
1078,-1,29,1162055,5*232411,0,0
1078,-1,31,1162053,3*3*3*193*223,0,0
1078,-1,37,1162047,3*509*761,0,0
1078,-1,41,1162043,1162043,1,1
1078,-1,43,1162041,3*173*2239,0,0
1080,1,3,1166403,3*7*67*829,0,0
1080,1,5,1166405,5*263*887,0,0
1080,1,7,1166407,11*107*991,0,0
1080,1,11,1166411,1166411,1,1
1080,1,13,1166413,1166413,1,1
1080,1,17,1166417,7*166631,0,1
1080,1,19,1166419,443*2633,0,1
1080,1,23,1166423,439*2657,0,1
1080,1,29,1166429,11*19*5581,0,0
1080,1,31,1166431,7*281*593,0,0
1080,1,37,1166437,31*191*197,0,0
1080,1,41,1166441,1166441,1,1
1080,1,43,1166443,883*1321,0,1
1080,-1,3,1166397,3*251*1549,0,0
1080,-1,5,1166395,5*233279,0,0
1080,-1,7,1166393,1166393,1,1
1080,-1,11,1166389,7*166627,0,1
1080,-1,13,1166387,17*68611,0,1
1080,-1,17,1166383,1166383,1,1
1080,-1,19,1166381,61*19121,0,1
1080,-1,23,1166377,857*1361,0,1
1080,-1,29,1166371,53*59*373,0,0
1080,-1,31,1166369,587*1987,0,1
1080,-1,37,1166363,11*106033,0,1
1080,-1,41,1166359,1166359,1,1
1080,-1,43,1166357,337*3461,0,1
1082,1,3,1170727,1170727,1,1
1082,1,5,1170729,3*3*7*18583,0,0
1082,1,7,1170731,379*3089,0,1
1082,1,11,1170735,3*5*78049,0,0
1082,1,13,1170737,59*19843,0,1
1082,1,17,1170741,3*11*13*2729,0,0
1082,1,19,1170743,7*167249,0,1
1082,1,23,1170747,3*3*3*131*331,0,0
1082,1,29,1170753,3*397*983,0,0
1082,1,31,1170755,5*41*5711,0,0
1082,1,37,1170761,19*43*1433,0,0
1082,1,41,1170765,3*3*5*26017,0,0
1082,1,43,1170767,13*90059,0,1
1082,-1,3,1170721,1170721,1,1
1082,-1,5,1170719,11*71*1499,0,0
1082,-1,7,1170717,3*37*53*199,0,0
1082,-1,11,1170713,1170713,1,1
1082,-1,13,1170711,3*3*130079,0,0
1082,-1,17,1170707,1170707,1,1
1082,-1,19,1170705,3*5*17*4591,0,0
1082,-1,23,1170701,7*29*73*79,0,0
1082,-1,29,1170695,5*234139,0,0
1082,-1,31,1170693,3*3*3*3*97*149,0,0
1082,-1,37,1170687,3*7*107*521,0,0
1082,-1,41,1170683,1170683,1,1
1082,-1,43,1170681,3*317*1231,0,0
1084,1,3,1175059,211*5569,0,1
1084,1,5,1175061,3*43*9109,0,0
1084,1,7,1175063,53*22171,0,1
1084,1,11,1175067,3*3*3*3*89*163,0,0
1084,1,13,1175069,7*7*23981,0,0
1084,1,17,1175073,3*391691,0,0
1084,1,19,1175075,5*5*11*4273,0,0
1084,1,23,1175079,3*391693,0,0
1084,1,29,1175085,3*3*5*26113,0,0
1084,1,31,1175087,113*10399,0,1
1084,1,37,1175093,19*23*2689,0,0
1084,1,41,1175097,3*7*11*5087,0,0
1084,1,43,1175099,1175099,1,1
1084,-1,3,1175053,11*106823,0,1
1084,-1,5,1175051,29*40519,0,1
1084,-1,7,1175049,3*3*137*953,0,0
1084,-1,11,1175045,5*235009,0,0
1084,-1,13,1175043,3*61*6421,0,0
1084,-1,17,1175039,1175039,1,1
1084,-1,19,1175037,3*391679,0,0
1084,-1,23,1175033,449*2617,0,1
1084,-1,29,1175027,7*167861,0,1
1084,-1,31,1175025,3*5*5*15667,0,0
1084,-1,37,1175019,3*41*41*233,0,0
1084,-1,41,1175015,5*235003,0,0
1084,-1,43,1175013,3*3*3*7*6217,0,0
1086,1,3,1179399,3*13*30241,0,0
1086,1,5,1179401,29*67*607,0,0
1086,1,7,1179403,1179403,1,1
1086,1,11,1179407,859*1373,0,1
1086,1,13,1179409,7*11*17*17*53,0,0
1086,1,17,1179413,1179413,1,1
1086,1,19,1179415,5*139*1697,0,0
1086,1,23,1179419,1179419,1,1
1086,1,29,1179425,5*5*13*19*191,0,0
1086,1,31,1179427,1179427,1,1
1086,1,37,1179433,137*8609,0,1
1086,1,41,1179437,7*168491,0,1
1086,1,43,1179439,197*5987,0,1
1086,-1,3,1179393,3*131*3001,0,0
1086,-1,5,1179391,79*14929,0,1
1086,-1,7,1179389,1179389,1,1
1086,-1,11,1179385,5*235877,0,0
1086,-1,13,1179383,1179383,1,1
1086,-1,17,1179379,1179379,1,1
1086,-1,19,1179377,101*11677,0,1
1086,-1,23,1179373,13*257*353,0,0
1086,-1,29,1179367,7*168481,0,1
1086,-1,31,1179365,5*11*41*523,0,0
1086,-1,37,1179359,823*1433,0,1
1086,-1,41,1179355,5*235871,0,0
1086,-1,43,1179353,7*331*509,0,0
1088,1,3,1183747,43*27529,0,1
1088,1,5,1183749,3*7*56369,0,0
1088,1,7,1183751,29*40819,0,1
1088,1,11,1183755,3*5*53*1489,0,0
1088,1,13,1183757,19*62303,0,1
1088,1,17,1183761,3*3*3*17*2579,0,0
1088,1,19,1183763,7*263*643,0,0
1088,1,23,1183767,3*13*127*239,0,0
1088,1,29,1183773,3*197*2003,0,0
1088,1,31,1183775,5*5*47351,0,0
1088,1,37,1183781,1183781,1,1
1088,1,41,1183785,3*5*78919,0,0
1088,1,43,1183787,11*23*4679,0,0
1088,-1,3,1183741,13*23*37*107,0,0
1088,-1,5,1183739,1183739,1,1
1088,-1,7,1183737,3*394579,0,0
1088,-1,11,1183733,1183733,1,1
1088,-1,13,1183731,3*394577,0,0
1088,-1,17,1183727,17*179*389,0,0
1088,-1,19,1183725,3*3*5*5*5261,0,0
1088,-1,23,1183721,7*11*15373,0,0
1088,-1,29,1183715,5*13*18211,0,0
1088,-1,31,1183713,3*394571,0,0
1088,-1,37,1183707,3*3*3*7*6263,0,0
1088,-1,41,1183703,613*1931,0,1
1088,-1,43,1183701,3*229*1723,0,0
1090,1,3,1188103,7*7*24247,0,0
1090,1,5,1188105,3*5*103*769,0,0
1090,1,7,1188107,37*163*197,0,0
1090,1,11,1188111,3*23*67*257,0,0
1090,1,13,1188113,17*47*1487,0,0
1090,1,17,1188117,3*3*7*18859,0,0
1090,1,19,1188119,499*2381,0,1
1090,1,23,1188123,3*396041,0,0
1090,1,29,1188129,3*396043,0,0
1090,1,31,1188131,7*169733,0,1
1090,1,37,1188137,31*38327,0,1
1090,1,41,1188141,3*211*1877,0,0
1090,1,43,1188143,11*108013,0,1
1090,-1,3,1188097,61*19477,0,1
1090,-1,5,1188095,5*237619,0,0
1090,-1,7,1188093,3*396031,0,0
1090,-1,11,1188089,7*19*8933,0,0
1090,-1,13,1188087,3*396029,0,0
1090,-1,17,1188083,13*59*1549,0,0
1090,-1,19,1188081,3*3*3*79*557,0,0
1090,-1,23,1188077,11*108007,0,1
1090,-1,29,1188071,1188071,1,1
1090,-1,31,1188069,3*239*1657,0,0
1090,-1,37,1188063,3*3*101*1307,0,0
1090,-1,41,1188059,1188059,1,1
1090,-1,43,1188057,3*13*41*743,0,0
1092,1,3,1192467,3*397489,0,0
1092,1,5,1192469,1192469,1,1
1092,1,7,1192471,7*170353,0,1
1092,1,11,1192475,5*5*47699,0,0
1092,1,13,1192477,11*13*31*269,0,0
1092,1,17,1192481,23*139*373,0,0
1092,1,19,1192483,1192483,1,1
1092,1,23,1192487,761*1567,0,1
1092,1,29,1192493,131*9103,0,1
1092,1,31,1192495,5*238499,0,0
1092,1,37,1192501,251*4751,0,1
1092,1,41,1192505,5*79*3019,0,0
1092,1,43,1192507,101*11807,0,1
1092,-1,3,1192461,3*83*4789,0,0
1092,-1,5,1192459,19*62761,0,1
1092,-1,7,1192457,7*170351,0,1
1092,-1,11,1192453,1192453,1,1
1092,-1,13,1192451,13*29*3163,0,0
1092,-1,17,1192447,53*149*151,0,0
1092,-1,19,1192445,5*71*3359,0,0
1092,-1,23,1192441,197*6053,0,1
1092,-1,29,1192435,5*23*10369,0,0
1092,-1,31,1192433,11*43*2521,0,0
1092,-1,37,1192427,1192427,1,1
1092,-1,41,1192423,1192423,1,1
1092,-1,43,1192421,19*97*647,0,0
1094,1,3,1196839,7*37*4621,0,0
1094,1,5,1196841,3*223*1789,0,0
1094,1,7,1196843,1196843,1,1
1094,1,11,1196847,3*3*71*1873,0,0
1094,1,13,1196849,257*4657,0,1
1094,1,17,1196853,3*7*56993,0,0
1094,1,19,1196855,5*11*47*463,0,0
1094,1,23,1196859,3*29*13757,0,0
1094,1,29,1196865,3*3*5*26597,0,0
1094,1,31,1196867,7*19*8999,0,0
1094,1,37,1196873,1196873,1,1
1094,1,41,1196877,3*11*36269,0,0
1094,1,43,1196879,31*38609,0,1
1094,-1,3,1196833,11*108803,0,1
1094,-1,5,1196831,41*29191,0,1
1094,-1,7,1196829,3*3*3*19*2333,0,0
1094,-1,11,1196825,5*5*7*7*977,0,0
1094,-1,13,1196823,3*398941,0,0
1094,-1,17,1196819,13*43*2141,0,0
1094,-1,19,1196817,3*17*31*757,0,0
1094,-1,23,1196813,1196813,1,1
1094,-1,29,1196807,283*4229,0,1
1094,-1,31,1196805,3*5*23*3469,0,0
1094,-1,37,1196799,3*398933,0,0
1094,-1,41,1196795,5*107*2237,0,0
1094,-1,43,1196793,3*3*13*53*193,0,0
1096,1,3,1201219,31*38749,0,1
1096,1,5,1201221,3*3*7*23*829,0,0
1096,1,7,1201223,211*5693,0,1
1096,1,11,1201227,3*400409,0,0
1096,1,13,1201229,1201229,1,1
1096,1,17,1201233,3*11*89*409,0,0
1096,1,19,1201235,5*7*7*4903,0,0
1096,1,23,1201239,3*3*13*10267,0,0
1096,1,29,1201245,3*5*53*1511,0,0
1096,1,31,1201247,1201247,1,1
1096,1,37,1201253,607*1979,0,1
1096,1,41,1201257,3*3*3*44491,0,0
1096,1,43,1201259,41*83*353,0,0
1096,-1,3,1201213,13*92401,0,1
1096,-1,5,1201211,11*109201,0,1
1096,-1,7,1201209,3*29*13807,0,0
1096,-1,11,1201205,5*37*43*151,0,0
1096,-1,13,1201203,3*3*3*17*2617,0,0
1096,-1,17,1201199,19*191*331,0,0
1096,-1,19,1201197,3*431*929,0,0
1096,-1,23,1201193,7*101*1699,0,0
1096,-1,29,1201187,13*92399,0,1
1096,-1,31,1201185,3*3*5*26693,0,0
1096,-1,37,1201179,3*7*47*1217,0,0
1096,-1,41,1201175,5*5*23*2089,0,0
1096,-1,43,1201173,3*400391,0,0
1098,1,3,1205607,3*13*19*1627,0,0
1098,1,5,1205609,1205609,1,1
1098,1,7,1205611,11*127*863,0,0
1098,1,11,1205615,5*103*2341,0,0
1098,1,13,1205617,7*29*5939,0,0
1098,1,17,1205621,31*38891,0,1
1098,1,19,1205623,17*70919,0,1
1098,1,23,1205627,1205627,1,1
1098,1,29,1205633,11*13*8431,0,0
1098,1,31,1205635,5*241127,0,0
1098,1,37,1205641,181*6661,0,1
1098,1,41,1205645,5*7*7*7*19*37,0,0
1098,1,43,1205647,1205647,1,1
1098,-1,3,1205601,3*401867,0,0
1098,-1,5,1205599,379*3181,0,1
1098,-1,7,1205597,47*113*227,0,0
1098,-1,11,1205593,131*9203,0,1
1098,-1,13,1205591,23*23*43*53,0,0
1098,-1,17,1205587,257*4691,0,1
1098,-1,19,1205585,5*241117,0,0
1098,-1,23,1205581,13*92737,0,1
1098,-1,29,1205575,5*5*7*83*83,0,0
1098,-1,31,1205573,167*7219,0,1
1098,-1,37,1205567,11*109597,0,1
1098,-1,41,1205563,1205563,1,1
1098,-1,43,1205561,7*172223,0,1
1100,1,3,1210003,1210003,1,1
1100,1,5,1210005,3*3*3*5*8963,0,0
1100,1,7,1210007,23*52609,0,1
1100,1,11,1210011,3*11*37*991,0,0
1100,1,13,1210013,7*172859,0,1
1100,1,17,1210017,3*403339,0,0
1100,1,19,1210019,1210019,1,1
1100,1,23,1210023,3*3*31*4337,0,0
1100,1,29,1210029,3*149*2707,0,0
1100,1,31,1210031,59*20509,0,1
1100,1,37,1210037,1210037,1,1
1100,1,41,1210041,3*3*7*19207,0,0
1100,1,43,1210043,17*17*53*79,0,0
1100,-1,3,1209997,467*2591,0,1
1100,-1,5,1209995,5*139*1741,0,0
1100,-1,7,1209993,3*403331,0,0
1100,-1,11,1209989,11*317*347,0,0
1100,-1,13,1209987,3*3*134443,0,0
1100,-1,17,1209983,349*3467,0,1
1100,-1,19,1209981,3*403327,0,0
1100,-1,23,1209977,19*43*1481,0,0
1100,-1,29,1209971,7*172853,0,1
1100,-1,31,1209969,3*3*233*577,0,0
1100,-1,37,1209963,3*151*2671,0,0
1100,-1,41,1209959,1209959,1,1
1100,-1,43,1209957,3*7*7*8231,0,0
1102,1,3,1214407,1214407,1,1
1102,1,5,1214409,3*7*57829,0,0
1102,1,7,1214411,11*113*977,0,0
1102,1,11,1214415,3*3*5*26987,0,0
1102,1,13,1214417,1214417,1,1
1102,1,17,1214421,3*13*31139,0,0
1102,1,19,1214423,7*19*23*397,0,0
1102,1,23,1214427,3*317*1277,0,0
1102,1,29,1214433,3*3*3*3*11*29*47,0,0
1102,1,31,1214435,5*242887,0,0
1102,1,37,1214441,1214441,1,1
1102,1,41,1214445,3*5*80963,0,0
1102,1,43,1214447,13*93419,0,1
1102,-1,3,1214401,1214401,1,1
1102,-1,5,1214399,241*5039,0,1
1102,-1,7,1214397,3*3*59*2287,0,0
1102,-1,11,1214393,1214393,1,1
1102,-1,13,1214391,3*563*719,0,0
1102,-1,17,1214387,229*5303,0,1
1102,-1,19,1214385,3*5*19*4261,0,0
1102,-1,23,1214381,7*173483,0,1
1102,-1,29,1214375,5*5*5*5*29*67,0,0
1102,-1,31,1214373,3*83*4877,0,0
1102,-1,37,1214367,3*7*7*11*751,0,0
1102,-1,41,1214363,31*43*911,0,0
1102,-1,43,1214361,3*3*17*7937,0,0
1104,1,3,1218819,3*7*127*457,0,0
1104,1,5,1218821,1218821,1,1
1104,1,7,1218823,233*5231,0,1
1104,1,11,1218827,31*39317,0,1
1104,1,13,1218829,1218829,1,1
1104,1,17,1218833,7*11*11*1439,0,0
1104,1,19,1218835,5*43*5669,0,0
1104,1,23,1218839,23*197*269,0,0
1104,1,29,1218845,5*243769,0,0
1104,1,31,1218847,7*174121,0,1
1104,1,37,1218853,1218853,1,1
1104,1,41,1218857,71*17167,0,1
1104,1,43,1218859,1218859,1,1
1104,-1,3,1218813,3*406271,0,0
1104,-1,5,1218811,11*179*619,0,0
1104,-1,7,1218809,311*3919,0,1
1104,-1,11,1218805,5*7*97*359,0,0
1104,-1,13,1218803,673*1811,0,1
1104,-1,17,1218799,103*11833,0,1
1104,-1,19,1218797,67*18191,0,1
1104,-1,23,1218793,19*23*2789,0,0
1104,-1,29,1218787,1218787,1,1
1104,-1,31,1218785,5*173*1409,0,0
1104,-1,37,1218779,1218779,1,1
1104,-1,41,1218775,5*5*48751,0,0
1104,-1,43,1218773,1218773,1,1
1106,1,3,1223239,19*64381,0,1
1106,1,5,1223241,3*407747,0,0
1106,1,7,1223243,7*174749,0,1
1106,1,11,1223247,3*59*6911,0,0
1106,1,13,1223249,29*42181,0,1
1106,1,17,1223253,3*3*199*683,0,0
1106,1,19,1223255,5*11*23*967,0,0
1106,1,23,1223259,3*71*5743,0,0
1106,1,29,1223265,3*5*81551,0,0
1106,1,31,1223267,97*12611,0,1
1106,1,37,1223273,137*8929,0,1
1106,1,41,1223277,3*11*19*1951,0,0
1106,1,43,1223279,1223279,1,1
1106,-1,3,1223233,11*61*1823,0,0
1106,-1,5,1223231,1223231,1,1
1106,-1,7,1223229,3*7*31*1879,0,0
1106,-1,11,1223225,5*5*113*433,0,0
1106,-1,13,1223223,3*407741,0,0
1106,-1,17,1223219,67*18257,0,1
1106,-1,19,1223217,3*3*135913,0,0
1106,-1,23,1223213,263*4651,0,1
1106,-1,29,1223207,1223207,1,1
1106,-1,31,1223205,3*5*81547,0,0
1106,-1,37,1223199,3*3*135911,0,0
1106,-1,41,1223195,5*244639,0,0
1106,-1,43,1223193,3*281*1451,0,0
1108,1,3,1227667,7*109*1609,0,0
1108,1,5,1227669,3*229*1787,0,0
1108,1,7,1227671,23*53377,0,1
1108,1,11,1227675,3*5*5*16369,0,0
1108,1,13,1227677,11*233*479,0,0
1108,1,17,1227681,3*3*7*13*1499,0,0
1108,1,19,1227683,1227683,1,1
1108,1,23,1227687,3*47*8707,0,0
1108,1,29,1227693,3*31*43*307,0,0
1108,1,31,1227695,5*7*7*5011,0,0
1108,1,37,1227701,1227701,1,1
1108,1,41,1227705,3*5*81847,0,0
1108,1,43,1227707,13*94439,0,1
1108,-1,3,1227661,71*17291,0,1
1108,-1,5,1227659,1227659,1,1
1108,-1,7,1227657,3*29*103*137,0,0
1108,-1,11,1227653,7*83*2113,0,0
1108,-1,13,1227651,3*409217,0,0
1108,-1,17,1227647,19*64613,0,1
1108,-1,19,1227645,3*3*5*27281,0,0
1108,-1,23,1227641,67*73*251,0,0
1108,-1,29,1227635,5*245527,0,0
1108,-1,31,1227633,3*11*37201,0,0
1108,-1,37,1227627,3*3*136403,0,0
1108,-1,41,1227623,37*33179,0,1
1108,-1,43,1227621,3*17*24071,0,0
1110,1,3,1232103,3*410701,0,0
1110,1,5,1232105,5*7*7*47*107,0,0
1110,1,7,1232107,809*1523,0,1
1110,1,11,1232111,383*3217,0,1
1110,1,13,1232113,587*2099,0,1
1110,1,17,1232117,163*7559,0,1
1110,1,19,1232119,7*176017,0,1
1110,1,23,1232123,29*42487,0,1
1110,1,29,1232129,379*3251,0,1
1110,1,31,1232131,19*64849,0,1
1110,1,37,1232137,37*33301,0,1
1110,1,41,1232141,191*6451,0,1
1110,1,43,1232143,11*11*17*599,0,0
1110,-1,3,1232097,3*59*6961,0,0
1110,-1,5,1232095,5*31*7949,0,0
1110,-1,7,1232093,19*19*3413,0,0
1110,-1,11,1232089,1232089,1,1
1110,-1,13,1232087,23*53569,0,1
1110,-1,17,1232083,1232083,1,1
1110,-1,19,1232081,149*8269,0,1
1110,-1,23,1232077,7*11*16001,0,0
1110,-1,29,1232071,1232071,1,1
1110,-1,31,1232069,1232069,1,1
1110,-1,37,1232063,7*37*67*71,0,0
1110,-1,41,1232059,761*1619,0,1
1110,-1,43,1232057,179*6883,0,1
1112,1,3,1236547,13*73*1303,0,0
1112,1,5,1236549,3*23*17921,0,0
1112,1,7,1236551,43*149*193,0,0
1112,1,11,1236555,3*3*5*27479,0,0
1112,1,13,1236557,7*176651,0,1
1112,1,17,1236561,3*412187,0,0
1112,1,19,1236563,17*72739,0,1
1112,1,23,1236567,3*412189,0,0
1112,1,29,1236573,3*3*3*13*13*271,0,0
1112,1,31,1236575,5*5*49463,0,0
1112,1,37,1236581,59*20959,0,1
1112,1,41,1236585,3*5*7*11777,0,0
1112,1,43,1236587,11*79*1423,0,0
1112,-1,3,1236541,1236541,1,1
1112,-1,5,1236539,19*151*431,0,0
1112,-1,7,1236537,3*3*137393,0,0
1112,-1,11,1236533,1236533,1,1
1112,-1,13,1236531,3*29*61*233,0,0
1112,-1,17,1236527,1236527,1,1
1112,-1,19,1236525,3*5*5*16487,0,0
1112,-1,23,1236521,11*13*8647,0,0
1112,-1,29,1236515,5*7*7*7*7*103,0,0
1112,-1,31,1236513,3*412171,0,0
1112,-1,37,1236507,3*349*1181,0,0
1112,-1,41,1236503,23*37*1453,0,0
1112,-1,43,1236501,3*3*7*19*1033,0,0
1114,1,3,1240999,1240999,1,1
1114,1,5,1241001,3*3*3*3*3*5107,0,0
1114,1,7,1241003,1241003,1,1
1114,1,11,1241007,3*179*2311,0,0
1114,1,13,1241009,7*11*71*227,0,0
1114,1,17,1241013,3*499*829,0,0
1114,1,19,1241015,5*248203,0,0
1114,1,23,1241019,3*3*13*10607,0,0
1114,1,29,1241025,3*5*5*16547,0,0
1114,1,31,1241027,1241027,1,1
1114,1,37,1241033,1241033,1,1
1114,1,41,1241037,3*3*7*19699,0,0
1114,1,43,1241039,1241039,1,1
1114,-1,3,1240993,13*95461,0,1
1114,-1,5,1240991,1240991,1,1
1114,-1,7,1240989,3*569*727,0,0
1114,-1,11,1240985,5*19*13063,0,0
1114,-1,13,1240983,3*3*17*8111,0,0
1114,-1,17,1240979,1240979,1,1
1114,-1,19,1240977,3*167*2477,0,0
1114,-1,23,1240973,1240973,1,1
1114,-1,29,1240967,7*13*13*1049,0,0
1114,-1,31,1240965,3*3*5*11*23*109,0,0
1114,-1,37,1240959,3*413653,0,0
1114,-1,41,1240955,5*283*877,0,0
1114,-1,43,1240953,3*7*59093,0,0
1116,1,3,1245459,3*415153,0,0
1116,1,5,1245461,7*181*983,0,0
1116,1,7,1245463,29*67*641,0,0
1116,1,11,1245467,137*9091,0,1
1116,1,13,1245469,19*65551,0,1
1116,1,17,1245473,23*54151,0,1
1116,1,19,1245475,5*5*7*11*647,0,0
1116,1,23,1245479,1245479,1,1
1116,1,29,1245485,5*249097,0,0
1116,1,31,1245487,31*40177,0,1
1116,1,37,1245493,317*3929,0,1
1116,1,41,1245497,11*113227,0,1
1116,1,43,1245499,307*4057,0,1
1116,-1,3,1245453,3*11*11*47*73,0,0
1116,-1,5,1245451,1245451,1,1
1116,-1,7,1245449,1245449,1,1
1116,-1,11,1245445,5*249089,0,0
1116,-1,13,1245443,439*2837,0,1
1116,-1,17,1245439,13*95803,0,1
1116,-1,19,1245437,17*61*1201,0,0
1116,-1,23,1245433,7*7*7*3631,0,0
1116,-1,29,1245427,23*173*313,0,0
1116,-1,31,1245425,5*5*31*1607,0,0
1116,-1,37,1245419,7*177917,0,1
1116,-1,41,1245415,5*83*3001,0,0
1116,-1,43,1245413,13*95801,0,1
1118,1,3,1249927,7*178561,0,1
1118,1,5,1249929,3*3*29*4789,0,0
1118,1,7,1249931,317*3943,0,1
1118,1,11,1249935,3*5*23*3623,0,0
1118,1,13,1249937,13*96149,0,1
1118,1,17,1249941,3*7*7*11*773,0,0
1118,1,19,1249943,1249943,1,1
1118,1,23,1249947,3*3*138883,0,0
1118,1,29,1249953,3*19*21929,0,0
1118,1,31,1249955,5*7*71*503,0,0
1118,1,37,1249961,149*8389,0,1
1118,1,41,1249965,3*3*3*5*47*197,0,0
1118,1,43,1249967,41*43*709,0,0
1118,-1,3,1249921,1249921,1,1
1118,-1,5,1249919,11*199*571,0,0
1118,-1,7,1249917,3*401*1039,0,0
1118,-1,11,1249913,7*178559,0,1
1118,-1,13,1249911,3*3*3*3*13*1187,0,0
1118,-1,17,1249907,613*2039,0,1
1118,-1,19,1249905,3*5*103*809,0,0
1118,-1,23,1249901,1249901,1,1
1118,-1,29,1249895,5*457*547,0,0
1118,-1,31,1249893,3*3*113*1229,0,0
1118,-1,37,1249887,3*416629,0,0
1118,-1,41,1249883,701*1783,0,1
1118,-1,43,1249881,3*43*9689,0,0
1120,1,3,1254403,409*3067,0,1
1120,1,5,1254405,3*5*241*347,0,0
1120,1,7,1254407,7*11*11*1481,0,0
1120,1,11,1254411,3*3*37*3767,0,0
1120,1,13,1254413,17*113*653,0,0
1120,1,17,1254417,3*257*1627,0,0
1120,1,19,1254419,587*2137,0,1
1120,1,23,1254423,3*173*2417,0,0
1120,1,29,1254429,3*3*11*12671,0,0
1120,1,31,1254431,149*8419,0,1
1120,1,37,1254437,19*103*641,0,0
1120,1,41,1254441,3*67*79*79,0,0
1120,1,43,1254443,23*54541,0,1
1120,-1,3,1254397,23*54539,0,1
1120,-1,5,1254395,5*29*41*211,0,0
1120,-1,7,1254393,3*3*3*7*6637,0,0
1120,-1,11,1254389,1019*1231,0,1
1120,-1,13,1254387,3*418129,0,0
1120,-1,17,1254383,13*47*2053,0,0
1120,-1,19,1254381,3*461*907,0,0
1120,-1,23,1254377,1254377,1,1
1120,-1,29,1254371,1254371,1,1
1120,-1,31,1254369,3*317*1319,0,0
1120,-1,37,1254363,3*11*38011,0,0
1120,-1,41,1254359,73*17183,0,1
1120,-1,43,1254357,3*3*13*71*151,0,0
1122,1,3,1258887,3*7*151*397,0,0
1122,1,5,1258889,1258889,1,1
1122,1,7,1258891,757*1663,0,1
1122,1,11,1258895,5*11*47*487,0,0
1122,1,13,1258897,463*2719,0,1
1122,1,17,1258901,7*17*71*149,0,0
1122,1,19,1258903,1258903,1,1
1122,1,23,1258907,13*179*541,0,0
1122,1,29,1258913,953*1321,0,1
1122,1,31,1258915,5*7*35969,0,0
1122,1,37,1258921,19*173*383,0,0
1122,1,41,1258925,5*5*37*1361,0,0
1122,1,43,1258927,1258927,1,1
1122,-1,3,1258881,3*13*13*13*191,0,0
1122,-1,5,1258879,31*40609,0,1
1122,-1,7,1258877,1258877,1,1
1122,-1,11,1258873,7*11*16349,0,0
1122,-1,13,1258871,1258871,1,1
1122,-1,17,1258867,17*74051,0,1
1122,-1,19,1258865,5*79*3187,0,0
1122,-1,23,1258861,29*83*523,0,0
1122,-1,29,1258855,5*13*107*181,0,0
1122,-1,31,1258853,769*1637,0,1
1122,-1,37,1258847,1258847,1,1
1122,-1,41,1258843,349*3607,0,1
1122,-1,43,1258841,109*11549,0,1
1124,1,3,1263379,13*157*619,0,0
1124,1,5,1263381,3*7*60161,0,0
1124,1,7,1263383,11*43*2671,0,0
1124,1,11,1263387,3*353*1193,0,0
1124,1,13,1263389,17*74317,0,1
1124,1,17,1263393,3*3*229*613,0,0
1124,1,19,1263395,5*7*36097,0,0
1124,1,23,1263399,3*421133,0,0
1124,1,29,1263405,3*5*11*13*19*31,0,0
1124,1,31,1263407,47*26881,0,1
1124,1,37,1263413,23*163*337,0,0
1124,1,41,1263417,3*151*2789,0,0
1124,1,43,1263419,67*109*173,0,0
1124,-1,3,1263373,1263373,1,1
1124,-1,5,1263371,61*139*149,0,0
1124,-1,7,1263369,3*421123,0,0
1124,-1,11,1263365,5*37*6829,0,0
1124,-1,13,1263363,3*421121,0,0
1124,-1,17,1263359,1033*1223,0,1
1124,-1,19,1263357,3*3*3*3*3*3*1733,0,0
1124,-1,23,1263353,7*13*13883,0,0
1124,-1,29,1263347,1263347,1,1
1124,-1,31,1263345,3*5*84223,0,0
1124,-1,37,1263339,3*3*7*11*1823,0,0
1124,-1,41,1263335,5*252667,0,0
1124,-1,43,1263333,3*41*10271,0,0
1126,1,3,1267879,37*34267,0,1
1126,1,5,1267881,3*422627,0,0
1126,1,7,1267883,1267883,1,1
1126,1,11,1267887,3*97*4357,0,0
1126,1,13,1267889,7*19*9533,0,0
1126,1,17,1267893,3*3*3*3*11*1423,0,0
1126,1,19,1267895,5*239*1061,0,0
1126,1,23,1267899,3*211*2003,0,0
1126,1,29,1267905,3*5*181*467,0,0
1126,1,31,1267907,1267907,1,1
1126,1,37,1267913,479*2647,0,1
1126,1,41,1267917,3*7*173*349,0,0
1126,1,43,1267919,47*53*509,0,0
1126,-1,3,1267873,1267873,1,1
1126,-1,5,1267871,11*79*1459,0,0
1126,-1,7,1267869,3*31*13633,0,0
1126,-1,11,1267865,5*253573,0,0
1126,-1,13,1267863,3*422621,0,0
1126,-1,17,1267859,1267859,1,1
1126,-1,19,1267857,3*3*179*787,0,0
1126,-1,23,1267853,101*12553,0,1
1126,-1,29,1267847,7*71*2551,0,0
1126,-1,31,1267845,3*5*84523,0,0
1126,-1,37,1267839,3*3*3*46957,0,0
1126,-1,41,1267835,5*253567,0,0
1126,-1,43,1267833,3*7*60373,0,0
1128,1,3,1272387,3*424129,0,0
1128,1,5,1272389,367*3467,0,1
1128,1,7,1272391,71*17921,0,1
1128,1,11,1272395,5*31*8209,0,0
1128,1,13,1272397,7*67*2713,0,0
1128,1,17,1272401,13*13*7529,0,0
1128,1,19,1272403,11*131*883,0,0
1128,1,23,1272407,257*4951,0,1
1128,1,29,1272413,43*127*233,0,0
1128,1,31,1272415,5*173*1471,0,0
1128,1,37,1272421,1272421,1,1
1128,1,41,1272425,5*5*7*11*661,0,0
1128,1,43,1272427,13*97879,0,1
1128,-1,3,1272381,3*11*38557,0,0
1128,-1,5,1272379,1272379,1,1
1128,-1,7,1272377,1272377,1,1
1128,-1,11,1272373,19*167*401,0,0
1128,-1,13,1272371,53*24007,0,1
1128,-1,17,1272367,1272367,1,1
1128,-1,19,1272365,5*17*14969,0,0
1128,-1,23,1272361,1272361,1,1
1128,-1,29,1272355,5*7*36353,0,0
1128,-1,31,1272353,41*31033,0,1
1128,-1,37,1272347,1272347,1,1
1128,-1,41,1272343,1272343,1,1
1128,-1,43,1272341,7*181763,0,1
1130,1,3,1276903,1276903,1,1
1130,1,5,1276905,3*5*7*12161,0,0
1130,1,7,1276907,37*34511,0,1
1130,1,11,1276911,3*3*3*47293,0,0
1130,1,13,1276913,11*11*61*173,0,0
1130,1,17,1276917,3*433*983,0,0
1130,1,19,1276919,7*182417,0,1
1130,1,23,1276923,3*425641,0,0
1130,1,29,1276929,3*3*53*2677,0,0
1130,1,31,1276931,1039*1229,0,1
1130,1,37,1276937,23*59*941,0,0
1130,1,41,1276941,3*499*853,0,0
1130,1,43,1276943,47*101*269,0,0
1130,-1,3,1276897,1276897,1,1
1130,-1,5,1276895,5*19*13441,0,0
1130,-1,7,1276893,3*3*337*421,0,0
1130,-1,11,1276889,1276889,1,1
1130,-1,13,1276887,3*17*25037,0,0
1130,-1,17,1276883,89*14347,0,1
1130,-1,19,1276881,3*157*2711,0,0
1130,-1,23,1276877,7*79*2309,0,0
1130,-1,29,1276871,1276871,1,1
1130,-1,31,1276869,3*11*38693,0,0
1130,-1,37,1276863,3*7*41*1483,0,0
1130,-1,41,1276859,31*41189,0,1
1130,-1,43,1276857,3*3*3*19*19*131,0,0
1132,1,3,1281427,7*61*3001,0,0
1132,1,5,1281429,3*3*142381,0,0
1132,1,7,1281431,1281431,1,1
1132,1,11,1281435,3*5*85429,0,0
1132,1,13,1281437,83*15439,0,1
1132,1,17,1281441,3*7*139*439,0,0
1132,1,19,1281443,17*43*1753,0,0
1132,1,23,1281447,3*3*3*31*1531,0,0
1132,1,29,1281453,3*427151,0,0
1132,1,31,1281455,5*7*19*41*47,0,0
1132,1,37,1281461,179*7159,0,1
1132,1,41,1281465,3*3*5*28477,0,0
1132,1,43,1281467,11*97*1201,0,0
1132,-1,3,1281421,37*59*587,0,0
1132,-1,5,1281419,191*6709,0,1
1132,-1,7,1281417,3*19*22481,0,0
1132,-1,11,1281413,7*183059,0,1
1132,-1,13,1281411,3*3*173*823,0,0
1132,-1,17,1281407,1281407,1,1
1132,-1,19,1281405,3*5*85427,0,0
1132,-1,23,1281401,11*116491,0,1
1132,-1,29,1281395,5*256279,0,0
1132,-1,31,1281393,3*3*3*47459,0,0
1132,-1,37,1281387,3*101*4229,0,0
1132,-1,41,1281383,1281383,1,1
1132,-1,43,1281381,3*53*8059,0,0
1134,1,3,1285959,3*193*2221,0,0
1134,1,5,1285961,89*14449,0,1
1134,1,7,1285963,7*183709,0,1
1134,1,11,1285967,47*27361,0,1
1134,1,13,1285969,1285969,1,1
1134,1,17,1285973,13*31*3191,0,0
1134,1,19,1285975,5*5*51439,0,0
1134,1,23,1285979,353*3643,0,1
1134,1,29,1285985,5*311*827,0,0
1134,1,31,1285987,157*8191,0,1
1134,1,37,1285993,1285993,1,1
1134,1,41,1285997,547*2351,0,1
1134,1,43,1285999,11*13*17*23*23,0,0
1134,-1,3,1285953,3*23*18637,0,0
1134,-1,5,1285951,691*1861,0,1
1134,-1,7,1285949,7*183707,0,1
1134,-1,11,1285945,5*257189,0,0
1134,-1,13,1285943,1285943,1,1
1134,-1,17,1285939,19*53*1277,0,0
1134,-1,19,1285937,1285937,1,1
1134,-1,23,1285933,11*116903,0,1
1134,-1,29,1285927,233*5519,0,1
1134,-1,31,1285925,5*5*51437,0,0
1134,-1,37,1285919,83*15493,0,1
1134,-1,41,1285915,5*43*5981,0,0
1134,-1,43,1285913,1285913,1,1
1136,1,3,1290499,7*19*31*313,0,0
1136,1,5,1290501,3*3*223*643,0,0
1136,1,7,1290503,1290503,1,1
1136,1,11,1290507,3*23*59*317,0,0
1136,1,13,1290509,11*117319,0,1
1136,1,17,1290513,3*7*7*8779,0,0
1136,1,19,1290515,5*199*1297,0,0
1136,1,23,1290519,3*3*3*47797,0,0
1136,1,29,1290525,3*5*5*17207,0,0
1136,1,31,1290527,7*107*1723,0,0
1136,1,37,1290533,1290533,1,1
1136,1,41,1290537,3*3*19*7547,0,0
1136,1,43,1290539,1290539,1,1
1136,-1,3,1290493,347*3719,0,1
1136,-1,5,1290491,1290491,1,1
1136,-1,7,1290489,3*149*2887,0,0
1136,-1,11,1290485,5*7*36871,0,0
1136,-1,13,1290483,3*3*143387,0,0
1136,-1,17,1290479,47*27457,0,1
1136,-1,19,1290477,3*101*4259,0,0
1136,-1,23,1290473,43*30011,0,1
1136,-1,29,1290467,1290467,1,1
1136,-1,31,1290465,3*3*3*5*11*11*79,0,0
1136,-1,37,1290459,3*443*971,0,0
1136,-1,41,1290455,5*61*4231,0,0
1136,-1,43,1290453,3*17*25303,0,0
1138,1,3,1295047,13*13*79*97,0,0
1138,1,5,1295049,3*7*83*743,0,0
1138,1,7,1295051,1295051,1,1
1138,1,11,1295055,3*3*3*5*53*181,0,0
1138,1,13,1295057,1295057,1,1
1138,1,17,1295061,3*23*137*137,0,0
1138,1,19,1295063,7*11*11*11*139,0,0
1138,1,23,1295067,3*41*10529,0,0
1138,1,29,1295073,3*3*13*11069,0,0
1138,1,31,1295075,5*5*51803,0,0
1138,1,37,1295081,1295081,1,1
1138,1,41,1295085,3*5*11*47*167,0,0
1138,1,43,1295087,31*41777,0,1
1138,-1,3,1295041,11*117731,0,1
1138,-1,5,1295039,89*14551,0,1
1138,-1,7,1295037,3*3*37*3889,0,0
1138,-1,11,1295033,1295033,1,1
1138,-1,13,1295031,3*43*10039,0,0
1138,-1,17,1295027,1295027,1,1
1138,-1,19,1295025,3*5*5*31*557,0,0
1138,-1,23,1295021,7*7*13*19*107,0,0
1138,-1,29,1295015,5*23*11261,0,0
1138,-1,31,1295013,3*431671,0,0
1138,-1,37,1295007,3*7*61667,0,0
1138,-1,41,1295003,1295003,1,1
1138,-1,43,1295001,3*3*3*47963,0,0
1140,1,3,1299603,3*433201,0,0
1140,1,5,1299605,5*61*4261,0,0
1140,1,7,1299607,109*11923,0,1
1140,1,11,1299611,839*1549,0,1
1140,1,13,1299613,7*31*53*113,0,0
1140,1,17,1299617,11*118147,0,1
1140,1,19,1299619,19*73*937,0,0
1140,1,23,1299623,13*99971,0,1
1140,1,29,1299629,79*16451,0,1
1140,1,31,1299631,1299631,1,1
1140,1,37,1299637,1299637,1,1
1140,1,41,1299641,7*401*463,0,0
1140,1,43,1299643,821*1583,0,1
1140,-1,3,1299597,3*13*47*709,0,0
1140,-1,5,1299595,5*11*23629,0,0
1140,-1,7,1299593,59*22027,0,1
1140,-1,11,1299589,43*30223,0,1
1140,-1,13,1299587,607*2141,0,1
1140,-1,17,1299583,1299583,1,1
1140,-1,19,1299581,19*68399,0,1
1140,-1,23,1299577,29*41*1093,0,0
1140,-1,29,1299571,7*13*14281,0,0
1140,-1,31,1299569,23*56503,0,1
1140,-1,37,1299563,673*1931,0,1
1140,-1,41,1299559,461*2819,0,1
1140,-1,43,1299557,7*185651,0,1
1142,1,3,1304167,1304167,1,1
1142,1,5,1304169,3*23*41*461,0,0
1142,1,7,1304171,11*53*2237,0,0
1142,1,11,1304175,3*5*5*17389,0,0
1142,1,13,1304177,7*186311,0,1
1142,1,17,1304181,3*3*3*3*3*3*1789,0,0
1142,1,19,1304183,1304183,1,1
1142,1,23,1304187,3*151*2879,0,0
1142,1,29,1304193,3*11*39521,0,0
1142,1,31,1304195,5*59*4421,0,0
1142,1,37,1304201,31*42071,0,1
1142,1,41,1304205,3*5*7*12421,0,0
1142,1,43,1304207,1304207,1,1
1142,-1,3,1304161,659*1979,0,1
1142,-1,5,1304159,29*44971,0,1
1142,-1,7,1304157,3*434719,0,0
1142,-1,11,1304153,661*1973,0,1
1142,-1,13,1304151,3*434717,0,0
1142,-1,17,1304147,13*43*2333,0,0
1142,-1,19,1304145,3*3*5*73*397,0,0
1142,-1,23,1304141,19*68639,0,1
1142,-1,29,1304135,5*7*7*5323,0,0
1142,-1,31,1304133,3*113*3847,0,0
1142,-1,37,1304127,3*3*3*11*4391,0,0
1142,-1,41,1304123,23*56701,0,1
1142,-1,43,1304121,3*7*13*17*281,0,0
1144,1,3,1308739,19*68881,0,1
1144,1,5,1308741,3*7*7*29*307,0,0
1144,1,7,1308743,71*18433,0,1
1144,1,11,1308747,3*11*39659,0,0
1144,1,13,1308749,13*100673,0,1
1144,1,17,1308753,3*3*145417,0,0
1144,1,19,1308755,5*7*61*613,0,0
1144,1,23,1308759,3*436253,0,0
1144,1,29,1308765,3*5*87251,0,0
1144,1,31,1308767,701*1867,0,1
1144,1,37,1308773,1308773,1,1
1144,1,41,1308777,3*19*22961,0,0
1144,1,43,1308779,17*167*461,0,0
1144,-1,3,1308733,193*6781,0,1
1144,-1,5,1308731,1308731,1,1
1144,-1,7,1308729,3*53*8231,0,0
1144,-1,11,1308725,5*5*11*4759,0,0
1144,-1,13,1308723,3*13*23*1459,0,0
1144,-1,17,1308719,1308719,1,1
1144,-1,19,1308717,3*3*3*3*107*151,0,0
1144,-1,23,1308713,7*186959,0,1
1144,-1,29,1308707,1308707,1,1
1144,-1,31,1308705,3*5*43*2029,0,0
1144,-1,37,1308699,3*3*7*20773,0,0
1144,-1,41,1308695,5*261739,0,0
1144,-1,43,1308693,3*436231,0,0
1146,1,3,1313319,3*7*62539,0,0
1146,1,5,1313321,47*27943,0,1
1146,1,7,1313323,11*23*29*179,0,0
1146,1,11,1313327,773*1699,0,1
1146,1,13,1313329,1313329,1,1
1146,1,17,1313333,7*373*503,0,0
1146,1,19,1313335,5*17*15451,0,0
1146,1,23,1313339,1313339,1,1
1146,1,29,1313345,5*11*23879,0,0
1146,1,31,1313347,7*7*7*7*547,0,0
1146,1,37,1313353,41*103*311,0,0
1146,1,41,1313357,1313357,1,1
1146,1,43,1313359,1313359,1,1
1146,-1,3,1313313,3*437771,0,0
1146,-1,5,1313311,1313311,1,1
1146,-1,7,1313309,83*15823,0,1
1146,-1,11,1313305,5*7*157*239,0,0
1146,-1,13,1313303,101*13003,0,1
1146,-1,17,1313299,13*13*19*409,0,0
1146,-1,19,1313297,1313297,1,1
1146,-1,23,1313293,1313293,1,1
1146,-1,29,1313287,53*71*349,0,0
1146,-1,31,1313285,5*262657,0,0
1146,-1,37,1313279,11*119389,0,1
1146,-1,41,1313275,5*5*131*401,0,0
1146,-1,43,1313273,13*101021,0,1
1148,1,3,1317907,43*30649,0,1
1148,1,5,1317909,3*439303,0,0
1148,1,7,1317911,7*188273,0,1
1148,1,11,1317915,3*3*5*29287,0,0
1148,1,13,1317917,1317917,1,1
1148,1,17,1317921,3*11*39937,0,0
1148,1,19,1317923,23*57301,0,1
1148,1,23,1317927,3*13*47*719,0,0
1148,1,29,1317933,3*3*146437,0,0
1148,1,31,1317935,5*19*13873,0,0
1148,1,37,1317941,1317941,1,1
1148,1,41,1317945,3*5*41*2143,0,0
1148,1,43,1317947,1317947,1,1
1148,-1,3,1317901,13*101377,0,1
1148,-1,5,1317899,11*119809,0,1
1148,-1,7,1317897,3*3*3*7*19*367,0,0
1148,-1,11,1317893,263*5011,0,1
1148,-1,13,1317891,3*17*25841,0,0
1148,-1,17,1317887,1317887,1,1
1148,-1,19,1317885,3*5*103*853,0,0
1148,-1,23,1317881,1317881,1,1
1148,-1,29,1317875,5*5*5*13*811,0,0
1148,-1,31,1317873,3*271*1621,0,0
1148,-1,37,1317867,3*439289,0,0
1148,-1,41,1317863,41*32143,0,1
1148,-1,43,1317861,3*3*181*809,0,0
1150,1,3,1322503,7*13*14533,0,0
1150,1,5,1322505,3*3*5*29389,0,0
1150,1,7,1322507,1322507,1,1
1150,1,11,1322511,3*587*751,0,0
1150,1,13,1322513,67*19739,0,1
1150,1,17,1322517,3*7*71*887,0,0
1150,1,19,1322519,11*251*479,0,0
1150,1,23,1322523,3*3*23*6389,0,0
1150,1,29,1322529,3*13*33911,0,0
1150,1,31,1322531,7*188933,0,1
1150,1,37,1322537,41*32257,0,1
1150,1,41,1322541,3*3*3*11*61*73,0,0
1150,1,43,1322543,1322543,1,1
1150,-1,3,1322497,11*109*1103,0,0
1150,-1,5,1322495,5*19*13921,0,0
1150,-1,7,1322493,3*440831,0,0
1150,-1,11,1322489,7*188927,0,1
1150,-1,13,1322487,3*3*3*3*29*563,0,0
1150,-1,17,1322483,1322483,1,1
1150,-1,19,1322481,3*17*25931,0,0
1150,-1,23,1322477,13*23*4423,0,0
1150,-1,29,1322471,1322471,1,1
1150,-1,31,1322469,3*3*146941,0,0
1150,-1,37,1322463,3*440821,0,0
1150,-1,41,1322459,283*4673,0,1
1150,-1,43,1322457,3*19*23201,0,0
1152,1,3,1327107,3*277*1597,0,0
1152,1,5,1327109,7*43*4409,0,0
1152,1,7,1327111,1327111,1,1
1152,1,11,1327115,5*265423,0,0
1152,1,13,1327117,11*120647,0,1
1152,1,17,1327121,79*107*157,0,0
1152,1,19,1327123,7*23*8243,0,0
1152,1,23,1327127,29*45763,0,1
1152,1,29,1327133,1327133,1,1
1152,1,31,1327135,5*265427,0,0
1152,1,37,1327141,31*31*1381,0,0
1152,1,41,1327145,5*433*613,0,0
1152,1,43,1327147,1327147,1,1
1152,-1,3,1327101,3*442367,0,0
1152,-1,5,1327099,1327099,1,1
1152,-1,7,1327097,439*3023,0,1
1152,-1,11,1327093,19*69847,0,1
1152,-1,13,1327091,1327091,1,1
1152,-1,17,1327087,59*83*271,0,0
1152,-1,19,1327085,5*265417,0,0
1152,-1,23,1327081,7*189583,0,1
1152,-1,29,1327075,5*5*109*487,0,0
1152,-1,31,1327073,11*223*541,0,0
1152,-1,37,1327067,7*7*7*53*73,0,0
1152,-1,41,1327063,1327063,1,1
1152,-1,43,1327061,71*18691,0,1
1154,1,3,1331719,1331719,1,1
1154,1,5,1331721,3*3*3*3*41*401,0,0
1154,1,7,1331723,23*57901,0,1
1154,1,11,1331727,3*443909,0,0
1154,1,13,1331729,7*17*19*19*31,0,0
1154,1,17,1331733,3*13*34147,0,0
1154,1,19,1331735,5*83*3209,0,0
1154,1,23,1331739,3*3*73*2027,0,0
1154,1,29,1331745,3*5*47*1889,0,0
1154,1,31,1331747,71*18757,0,1
1154,1,37,1331753,43*30971,0,1
1154,1,41,1331757,3*3*7*21139,0,0
1154,1,43,1331759,11*13*67*139,0,0
1154,-1,3,1331713,97*13729,0,1
1154,-1,5,1331711,1331711,1,1
1154,-1,7,1331709,3*29*15307,0,0
1154,-1,11,1331705,5*113*2357,0,0
1154,-1,13,1331703,3*3*79*1873,0,0
1154,-1,17,1331699,1331699,1,1
1154,-1,19,1331697,3*443899,0,0
1154,-1,23,1331693,11*121063,0,1
1154,-1,29,1331687,7*103*1847,0,0
1154,-1,31,1331685,3*3*5*101*293,0,0
1154,-1,37,1331679,3*443893,0,0
1154,-1,41,1331675,5*5*53267,0,0
1154,-1,43,1331673,3*7*7*9059,0,0
1156,1,3,1336339,1336339,1,1
1156,1,5,1336341,3*445447,0,0
1156,1,7,1336343,1336343,1,1
1156,1,11,1336347,3*3*148483,0,0
1156,1,13,1336349,7*29*29*227,0,0
1156,1,17,1336353,3*17*26203,0,0
1156,1,19,1336355,5*267271,0,0
1156,1,23,1336359,3*445453,0,0
1156,1,29,1336365,3*3*3*5*19*521,0,0
1156,1,31,1336367,311*4297,0,1
1156,1,37,1336373,293*4561,0,1
1156,1,41,1336377,3*7*7*9091,0,0
1156,1,43,1336379,11*31*3919,0,0
1156,-1,3,1336333,1336333,1,1
1156,-1,5,1336331,101*101*131,0,0
1156,-1,7,1336329,3*3*37*4013,0,0
1156,-1,11,1336325,5*5*53453,0,0
1156,-1,13,1336323,3*23*107*181,0,0
1156,-1,17,1336319,17*78607,0,1
1156,-1,19,1336317,3*31*14369,0,0
1156,-1,23,1336313,11*41*2963,0,0
1156,-1,29,1336307,7*190901,0,1
1156,-1,31,1336305,3*5*89087,0,0
1156,-1,37,1336299,3*445433,0,0
1156,-1,41,1336295,5*267259,0,0
1156,-1,43,1336293,3*3*7*21211,0,0
1158,1,3,1340967,3*31*14419,0,0
1158,1,5,1340969,7*23*8329,0,0
1158,1,7,1340971,113*11867,0,1
1158,1,11,1340975,5*5*53639,0,0
1158,1,13,1340977,11*17*71*101,0,0
1158,1,17,1340981,1340981,1,1
1158,1,19,1340983,7*7*27367,0,0
1158,1,23,1340987,41*32707,0,1
1158,1,29,1340993,127*10559,0,1
1158,1,31,1340995,5*268199,0,0
1158,1,37,1341001,19*163*433,0,0
1158,1,41,1341005,5*67*4003,0,0
1158,1,43,1341007,1341007,1,1
1158,-1,3,1340961,3*443*1009,0,0
1158,-1,5,1340959,1340959,1,1
1158,-1,7,1340957,47*103*277,0,0
1158,-1,11,1340953,53*25301,0,1
1158,-1,13,1340951,971*1381,0,1
1158,-1,17,1340947,1340947,1,1
1158,-1,19,1340945,5*268189,0,0
1158,-1,23,1340941,7*191563,0,1
1158,-1,29,1340935,5*373*719,0,0
1158,-1,31,1340933,11*139*877,0,0
1158,-1,37,1340927,7*191561,0,1
1158,-1,41,1340923,23*173*337,0,0
1158,-1,43,1340921,491*2731,0,1
1160,1,3,1345603,7*192229,0,1
1160,1,5,1345605,3*5*109*823,0,0
1160,1,7,1345607,79*17033,0,1
1160,1,11,1345611,3*251*1787,0,0
1160,1,13,1345613,59*22807,0,1
1160,1,17,1345617,3*3*7*13*31*53,0,0
1160,1,19,1345619,11*149*821,0,0
1160,1,23,1345623,3*101*4441,0,0
1160,1,29,1345629,3*29*15467,0,0
1160,1,31,1345631,7*192233,0,1
1160,1,37,1345637,19*70823,0,1
1160,1,41,1345641,3*11*11*11*337,0,0
1160,1,43,1345643,13*103511,0,1
1160,-1,3,1345597,11*122327,0,1
1160,-1,5,1345595,5*191*1409,0,0
1160,-1,7,1345593,3*448531,0,0
1160,-1,11,1345589,7*7*7*3923,0,0
1160,-1,13,1345587,3*313*1433,0,0
1160,-1,17,1345583,1345583,1,1
1160,-1,19,1345581,3*3*307*487,0,0
1160,-1,23,1345577,1345577,1,1
1160,-1,29,1345571,29*46399,0,1
1160,-1,31,1345569,3*23*19501,0,0
1160,-1,37,1345563,3*3*47*3181,0,0
1160,-1,41,1345559,1345559,1,1
1160,-1,43,1345557,3*448519,0,0
1162,1,3,1350247,1350247,1,1
1162,1,5,1350249,3*450083,0,0
1162,1,7,1350251,7*67*2879,0,0
1162,1,11,1350255,3*5*90017,0,0
1162,1,13,1350257,1350257,1,1
1162,1,17,1350261,3*3*11*23*593,0,0
1162,1,19,1350263,47*28729,0,1
1162,1,23,1350267,3*31*14519,0,0
1162,1,29,1350273,3*19*23689,0,0
1162,1,31,1350275,5*5*54011,0,0
1162,1,37,1350281,53*73*349,0,0
1162,1,41,1350285,3*5*90019,0,0
1162,1,43,1350287,1350287,1,1
1162,-1,3,1350241,37*36493,0,1
1162,-1,5,1350239,11*11*11159,0,0
1162,-1,7,1350237,3*7*113*569,0,0
1162,-1,11,1350233,107*12619,0,1
1162,-1,13,1350231,3*450077,0,0
1162,-1,17,1350227,103*13109,0,1
1162,-1,19,1350225,3*3*5*5*17*353,0,0
1162,-1,23,1350221,809*1669,0,1
1162,-1,29,1350215,5*23*59*199,0,0
1162,-1,31,1350213,3*450071,0,0
1162,-1,37,1350207,3*3*71*2113,0,0
1162,-1,41,1350203,1350203,1,1
1162,-1,43,1350201,3*450067,0,0
1164,1,3,1354899,3*7*7*13*709,0,0
1164,1,5,1354901,1354901,1,1
1164,1,7,1354903,11*37*3329,0,0
1164,1,11,1354907,23*58909,0,1
1164,1,13,1354909,19*29*2459,0,0
1164,1,17,1354913,7*193559,0,1
1164,1,19,1354915,5*101*2683,0,0
1164,1,23,1354919,547*2477,0,1
1164,1,29,1354925,5*5*11*13*379,0,0
1164,1,31,1354927,7*41*4721,0,0
1164,1,37,1354933,131*10343,0,1
1164,1,41,1354937,1354937,1,1
1164,1,43,1354939,1354939,1,1
1164,-1,3,1354893,3*71*6361,0,0
1164,-1,5,1354891,239*5669,0,1
1164,-1,7,1354889,1354889,1,1
1164,-1,11,1354885,5*7*38711,0,0
1164,-1,13,1354883,17*79699,0,1
1164,-1,17,1354879,461*2939,0,1
1164,-1,19,1354877,1354877,1,1
1164,-1,23,1354873,13*13*8017,0,0
1164,-1,29,1354867,1021*1327,0,1
1164,-1,31,1354865,5*270973,0,0
1164,-1,37,1354859,11*123169,0,1
1164,-1,41,1354855,5*31*8741,0,0
1164,-1,43,1354853,1354853,1,1
1166,1,3,1359559,139*9781,0,1
1166,1,5,1359561,3*7*101*641,0,0
1166,1,7,1359563,1359563,1,1
1166,1,11,1359567,3*3*11*31*443,0,0
1166,1,13,1359569,47*28927,0,1
1166,1,17,1359573,3*229*1979,0,0
1166,1,19,1359575,5*5*7*17*457,0,0
1166,1,23,1359579,3*13*71*491,0,0
1166,1,29,1359585,3*3*3*3*3*3*5*373,0,0
1166,1,31,1359587,937*1451,0,1
1166,1,37,1359593,907*1499,0,1
1166,1,41,1359597,3*453199,0,0
1166,1,43,1359599,23*59113,0,1
1166,-1,3,1359553,13*23*4547,0,0
1166,-1,5,1359551,571*2381,0,1
1166,-1,7,1359549,3*3*29*5209,0,0
1166,-1,11,1359545,5*11*19*1301,0,0
1166,-1,13,1359543,3*453181,0,0
1166,-1,17,1359539,509*2671,0,1
1166,-1,19,1359537,3*59*7681,0,0
1166,-1,23,1359533,7*359*541,0,0
1166,-1,29,1359527,13*104579,0,1
1166,-1,31,1359525,3*5*5*18127,0,0
1166,-1,37,1359519,3*7*41*1579,0,0
1166,-1,41,1359515,5*271903,0,0
1166,-1,43,1359513,3*3*151057,0,0
1168,1,3,1364227,37*36871,0,1
1168,1,5,1364229,3*3*3*50527,0,0
1168,1,7,1364231,11*124021,0,1
1168,1,11,1364235,3*5*103*883,0,0
1168,1,13,1364237,7*194891,0,1
1168,1,17,1364241,3*349*1303,0,0
1168,1,19,1364243,1364243,1,1
1168,1,23,1364247,3*3*29*5227,0,0
1168,1,29,1364253,3*11*41341,0,0
1168,1,31,1364255,5*281*971,0,0
1168,1,37,1364261,43*31727,0,1
1168,1,41,1364265,3*3*5*7*61*71,0,0
1168,1,43,1364267,17*80251,0,1
1168,-1,3,1364221,1364221,1,1
1168,-1,5,1364219,19*19*3779,0,0
1168,-1,7,1364217,3*31*14669,0,0
1168,-1,11,1364213,1364213,1,1
1168,-1,13,1364211,3*3*151579,0,0
1168,-1,17,1364207,13*101*1039,0,0
1168,-1,19,1364205,3*5*90947,0,0
1168,-1,23,1364201,1364201,1,1
1168,-1,29,1364195,5*7*38977,0,0
1168,-1,31,1364193,3*3*41*3697,0,0
1168,-1,37,1364187,3*11*67*617,0,0
1168,-1,41,1364183,1364183,1,1
1168,-1,43,1364181,3*7*13*19*263,0,0
1170,1,3,1368903,3*181*2521,0,0
1170,1,5,1368905,5*43*6367,0,0
1170,1,7,1368907,1368907,1,1
1170,1,11,1368911,1368911,1,1
1170,1,13,1368913,7*7*7*13*307,0,0
1170,1,17,1368917,11*124447,0,1
1170,1,19,1368919,83*16493,0,1
1170,1,23,1368923,409*3347,0,1
1170,1,29,1368929,31*44159,0,1
1170,1,31,1368931,19*109*661,0,0
1170,1,37,1368937,23*53*1123,0,0
1170,1,41,1368941,7*269*727,0,0
1170,1,43,1368943,1368943,1,1
1170,-1,3,1368897,3*191*2389,0,0
1170,-1,5,1368895,5*11*24889,0,0
1170,-1,7,1368893,19*72047,0,1
1170,-1,11,1368889,37*36997,0,1
1170,-1,13,1368887,13*29*3631,0,0
1170,-1,17,1368883,157*8719,0,1
1170,-1,19,1368881,997*1373,0,1
1170,-1,23,1368877,67*20431,0,1
1170,-1,29,1368871,7*283*691,0,0
1170,-1,31,1368869,1368869,1,1
1170,-1,37,1368863,149*9187,0,1
1170,-1,41,1368859,59*23201,0,1
1170,-1,43,1368857,7*17*11503,0,0
1172,1,3,1373587,823*1669,0,1
1172,1,5,1373589,3*3*7*21803,0,0
1172,1,7,1373591,1373591,1,1
1172,1,11,1373595,3*5*91573,0,0
1172,1,13,1373597,431*3187,0,1
1172,1,17,1373601,3*53*53*163,0,0
1172,1,19,1373603,7*11*17839,0,0
1172,1,23,1373607,3*3*152623,0,0
1172,1,29,1373613,3*457871,0,0
1172,1,31,1373615,5*274723,0,0
1172,1,37,1373621,773*1777,0,1
1172,1,41,1373625,3*3*3*5*5*5*11*37,0,0
1172,1,43,1373627,1373627,1,1
1172,-1,3,1373581,11*193*647,0,0
1172,-1,5,1373579,31*59*751,0,0
1172,-1,7,1373577,3*227*2017,0,0
1172,-1,11,1373573,79*17387,0,1
1172,-1,13,1373571,3*3*3*50873,0,0
1172,-1,17,1373567,13*19*67*83,0,0
1172,-1,19,1373565,3*5*91571,0,0
1172,-1,23,1373561,7*317*619,0,0
1172,-1,29,1373555,5*274711,0,0
1172,-1,31,1373553,3*3*152617,0,0
1172,-1,37,1373547,3*7*65407,0,0
1172,-1,41,1373543,1373543,1,1
1172,-1,43,1373541,3*13*41*859,0,0
1174,1,3,1378279,7*19*43*241,0,0
1174,1,5,1378281,3*459427,0,0
1174,1,7,1378283,29*47527,0,1
1174,1,11,1378287,3*3*37*4139,0,0
1174,1,13,1378289,11*125299,0,1
1174,1,17,1378293,3*7*65633,0,0
1174,1,19,1378295,5*61*4519,0,0
1174,1,23,1378299,3*13*59*599,0,0
1174,1,29,1378305,3*3*5*109*281,0,0
1174,1,31,1378307,7*196901,0,1
1174,1,37,1378313,73*79*239,0,0
1174,1,41,1378317,3*19*24181,0,0
1174,1,43,1378319,1378319,1,1
1174,-1,3,1378273,13*97*1093,0,0
1174,-1,5,1378271,1378271,1,1
1174,-1,7,1378269,3*3*3*51047,0,0
1174,-1,11,1378265,5*7*53*743,0,0
1174,-1,13,1378263,3*459421,0,0
1174,-1,17,1378259,773*1783,0,1
1174,-1,19,1378257,3*67*6857,0,0
1174,-1,23,1378253,1378253,1,1
1174,-1,29,1378247,13*106019,0,1
1174,-1,31,1378245,3*5*11*8353,0,0
1174,-1,37,1378239,3*433*1061,0,0
1174,-1,41,1378235,5*373*739,0,0
1174,-1,43,1378233,3*3*153137,0,0
1176,1,3,1382979,3*13*35461,0,0
1176,1,5,1382981,29*103*463,0,0
1176,1,7,1382983,7*197569,0,1
1176,1,11,1382987,1382987,1,1
1176,1,13,1382989,1382989,1,1
1176,1,17,1382993,101*13693,0,1
1176,1,19,1382995,5*276599,0,0
1176,1,23,1382999,1382999,1,1
1176,1,29,1383005,5*13*21277,0,0
1176,1,31,1383007,113*12239,0,1
1176,1,37,1383013,23*157*383,0,0
1176,1,41,1383017,311*4447,0,1
1176,1,43,1383019,11*59*2131,0,0
1176,-1,3,1382973,3*460991,0,0
1176,-1,5,1382971,41*89*379,0,0
1176,-1,7,1382969,7*197567,0,1
1176,-1,11,1382965,5*276593,0,0
1176,-1,13,1382963,1063*1301,0,1
1176,-1,17,1382959,1382959,1,1
1176,-1,19,1382957,1382957,1,1
1176,-1,23,1382953,11*13*19*509,0,0
1176,-1,29,1382947,67*20641,0,1
1176,-1,31,1382945,5*276589,0,0
1176,-1,37,1382939,1382939,1,1
1176,-1,41,1382935,5*276587,0,0
1176,-1,43,1382933,17*81349,0,1
1178,1,3,1387687,7*198241,0,1
1178,1,5,1387689,3*61*7583,0,0
1178,1,7,1387691,1387691,1,1
1178,1,11,1387695,3*5*71*1303,0,0
1178,1,13,1387697,937*1481,0,1
1178,1,17,1387701,3*3*7*22027,0,0
1178,1,19,1387703,19*73037,0,1
1178,1,23,1387707,3*462569,0,0
1178,1,29,1387713,3*462571,0,0
1178,1,31,1387715,5*7*31*1279,0,0
1178,1,37,1387721,1387721,1,1
1178,1,41,1387725,3*5*5*18503,0,0
1178,1,43,1387727,11*17*41*181,0,0
1178,-1,3,1387681,1387681,1,1
1178,-1,5,1387679,29*109*439,0,0
1178,-1,7,1387677,3*83*5573,0,0
1178,-1,11,1387673,7*137*1447,0,0
1178,-1,13,1387671,3*462557,0,0
1178,-1,17,1387667,1387667,1,1
1178,-1,19,1387665,3*3*3*5*19*541,0,0
1178,-1,23,1387661,11*126151,0,1
1178,-1,29,1387655,5*277531,0,0
1178,-1,31,1387653,3*31*43*347,0,0
1178,-1,37,1387647,3*3*154183,0,0
1178,-1,41,1387643,353*3931,0,1
1178,-1,43,1387641,3*462547,0,0
1180,1,3,1392403,199*6997,0,1
1180,1,5,1392405,3*5*7*89*149,0,0
1180,1,7,1392407,1392407,1,1
1180,1,11,1392411,3*464137,0,0
1180,1,13,1392413,11*126583,0,1
1180,1,17,1392417,3*3*3*13*3967,0,0
1180,1,19,1392419,7*17*11701,0,0
1180,1,23,1392423,3*464141,0,0
1180,1,29,1392429,3*464143,0,0
1180,1,31,1392431,1392431,1,1
1180,1,37,1392437,673*2069,0,1
1180,1,41,1392441,3*179*2593,0,0
1180,1,43,1392443,13*23*4657,0,0
1180,-1,3,1392397,23*60539,0,1
1180,-1,5,1392395,5*278479,0,0
1180,-1,7,1392393,3*464131,0,0
1180,-1,11,1392389,211*6599,0,1
1180,-1,13,1392387,3*464129,0,0
1180,-1,17,1392383,43*32381,0,1
1180,-1,19,1392381,3*3*71*2179,0,0
1180,-1,23,1392377,7*19*19*19*29,0,0
1180,-1,29,1392371,151*9221,0,1
1180,-1,31,1392369,3*11*42193,0,0
1180,-1,37,1392363,3*3*3*7*53*139,0,0
1180,-1,41,1392359,797*1747,0,1
1180,-1,43,1392357,3*464119,0,0
1182,1,3,1397127,3*19*127*193,0,0
1182,1,5,1397129,229*6101,0,1
1182,1,7,1397131,1397131,1,1
1182,1,11,1397135,5*23*12149,0,0
1182,1,13,1397137,7*7*28513,0,0
1182,1,17,1397141,797*1753,0,1
1182,1,19,1397143,11*157*809,0,0
1182,1,23,1397147,73*19139,0,1
1182,1,29,1397153,1397153,1,1
1182,1,31,1397155,5*279431,0,0
1182,1,37,1397161,1397161,1,1
1182,1,41,1397165,5*7*11*19*191,0,0
1182,1,43,1397167,1397167,1,1
1182,-1,3,1397121,3*11*42337,0,0
1182,-1,5,1397119,1397119,1,1
1182,-1,7,1397117,1397117,1,1
1182,-1,11,1397113,43*32491,0,1
1182,-1,13,1397111,17*82183,0,1
1182,-1,17,1397107,1397107,1,1
1182,-1,19,1397105,5*279421,0,0
1182,-1,23,1397101,1397101,1,1
1182,-1,29,1397095,5*7*179*223,0,0
1182,-1,31,1397093,701*1993,0,1
1182,-1,37,1397087,1397087,1,1
1182,-1,41,1397083,37*61*619,0,0
1182,-1,43,1397081,7*199583,0,1
1184,1,3,1401859,673*2083,0,1
1184,1,5,1401861,3*503*929,0,0
1184,1,7,1401863,953*1471,0,1
1184,1,11,1401867,3*3*3*3*3*3*3*641,0,0
1184,1,13,1401869,7*47*4261,0,0
1184,1,17,1401873,3*11*23*1847,0,0
1184,1,19,1401875,5*5*5*5*2243,0,0
1184,1,23,1401879,3*467293,0,0
1184,1,29,1401885,3*3*5*31153,0,0
1184,1,31,1401887,769*1823,0,1
1184,1,37,1401893,37*37889,0,1
1184,1,41,1401897,3*7*241*277,0,0
1184,1,43,1401899,59*23761,0,1
1184,-1,3,1401853,157*8929,0,1
1184,-1,5,1401851,11*31*4111,0,0
1184,-1,7,1401849,3*3*109*1429,0,0
1184,-1,11,1401845,5*181*1549,0,0
1184,-1,13,1401843,3*43*10867,0,0
1184,-1,17,1401839,19*89*829,0,0
1184,-1,19,1401837,3*17*27487,0,0
1184,-1,23,1401833,1021*1373,0,1
1184,-1,29,1401827,7*23*8707,0,0
1184,-1,31,1401825,3*5*5*18691,0,0
1184,-1,37,1401819,3*37*73*173,0,0
1184,-1,41,1401815,5*139*2017,0,0
1184,-1,43,1401813,3*3*3*7*7417,0,0
1186,1,3,1406599,61*23059,0,1
1186,1,5,1406601,3*3*7*83*269,0,0
1186,1,7,1406603,11*127873,0,1
1186,1,11,1406607,3*468869,0,0
1186,1,13,1406609,1406609,1,1
1186,1,17,1406613,3*13*36067,0,0
1186,1,19,1406615,5*7*40189,0,0
1186,1,23,1406619,3*3*3*59*883,0,0
1186,1,29,1406625,3*5*5*5*11*11*31,0,0
1186,1,31,1406627,19*101*733,0,0
1186,1,37,1406633,1406633,1,1
1186,1,41,1406637,3*3*73*2141,0,0
1186,1,43,1406639,13*108203,0,1
1186,-1,3,1406593,1406593,1,1
1186,-1,5,1406591,1406591,1,1
1186,-1,7,1406589,3*19*24677,0,0
1186,-1,11,1406585,5*281317,0,0
1186,-1,13,1406583,3*3*373*419,0,0
1186,-1,17,1406579,137*10267,0,1
1186,-1,19,1406577,3*468859,0,0
1186,-1,23,1406573,7*43*4673,0,0
1186,-1,29,1406567,53*26539,0,1
1186,-1,31,1406565,3*3*3*3*5*23*151,0,0
1186,-1,37,1406559,3*7*11*6089,0,0
1186,-1,41,1406555,5*37*7603,0,0
1186,-1,43,1406553,3*468851,0,0
1188,1,3,1411347,3*7*7*9601,0,0
1188,1,5,1411349,23*61363,0,1
1188,1,7,1411351,127*11113,0,1
1188,1,11,1411355,5*11*67*383,0,0
1188,1,13,1411357,17*61*1361,0,0
1188,1,17,1411361,7*201623,0,1
1188,1,19,1411363,47*30029,0,1
1188,1,23,1411367,223*6329,0,1
1188,1,29,1411373,251*5623,0,1
1188,1,31,1411375,5*5*5*7*1613,0,0
1188,1,37,1411381,293*4817,0,1
1188,1,41,1411385,5*439*643,0,0
1188,1,43,1411387,1411387,1,1
1188,-1,3,1411341,3*470447,0,0
1188,-1,5,1411339,19*59*1259,0,0
1188,-1,7,1411337,31*53*859,0,0
1188,-1,11,1411333,7*11*18329,0,0
1188,-1,13,1411331,1411331,1,1
1188,-1,17,1411327,229*6163,0,1
1188,-1,19,1411325,5*5*56453,0,0
1188,-1,23,1411321,283*4987,0,1
1188,-1,29,1411315,5*277*1019,0,0
1188,-1,31,1411313,1411313,1,1
1188,-1,37,1411307,1411307,1,1
1188,-1,41,1411303,23*43*1427,0,0
1188,-1,43,1411301,19*74279,0,1
1190,1,3,1416103,13*97*1123,0,0
1190,1,5,1416105,3*3*5*31469,0,0
1190,1,7,1416107,7*11*53*347,0,0
1190,1,11,1416111,3*31*15227,0,0
1190,1,13,1416113,1416113,1,1
1190,1,17,1416117,3*17*27767,0,0
1190,1,19,1416119,43*32933,0,1
1190,1,23,1416123,3*3*3*3*17483,0,0
1190,1,29,1416129,3*11*13*3301,0,0
1190,1,31,1416131,607*2333,0,1
1190,1,37,1416137,1416137,1,1
1190,1,41,1416141,3*3*157349,0,0
1190,1,43,1416143,1416143,1,1
1190,-1,3,1416097,1416097,1,1
1190,-1,5,1416095,5*71*3989,0,0
1190,-1,7,1416093,3*7*67433,0,0
1190,-1,11,1416089,19*74531,0,1
1190,-1,13,1416087,3*3*23*6841,0,0
1190,-1,17,1416083,17*83299,0,1
1190,-1,19,1416081,3*472027,0,0
1190,-1,23,1416077,13*108929,0,1
1190,-1,29,1416071,1416071,1,1
1190,-1,31,1416069,3*3*3*179*293,0,0
1190,-1,37,1416063,3*11*11*47*83,0,0
1190,-1,41,1416059,59*24001,0,1
1190,-1,43,1416057,3*472019,0,0
1192,1,3,1420867,7*202981,0,1
1192,1,5,1420869,3*67*7069,0,0
1192,1,7,1420871,23*163*379,0,0
1192,1,11,1420875,3*3*3*5*5*5*421,0,0
1192,1,13,1420877,17*19*53*83,0,0
1192,1,17,1420881,3*7*11*6151,0,0
1192,1,19,1420883,1420883,1,1
1192,1,23,1420887,3*13*36433,0,0
1192,1,29,1420893,3*3*157877,0,0
1192,1,31,1420895,5*7*40597,0,0
1192,1,37,1420901,1420901,1,1
1192,1,41,1420905,3*5*94727,0,0
1192,1,43,1420907,557*2551,0,1
1192,-1,3,1420861,13*109297,0,1
1192,-1,5,1420859,11*129169,0,1
1192,-1,7,1420857,3*3*47*3359,0,0
1192,-1,11,1420853,7*7*107*271,0,0
1192,-1,13,1420851,3*473617,0,0
1192,-1,17,1420847,1420847,1,1
1192,-1,19,1420845,3*5*94723,0,0
1192,-1,23,1420841,1420841,1,1
1192,-1,29,1420835,5*13*21859,0,0
1192,-1,31,1420833,3*473611,0,0
1192,-1,37,1420827,3*137*3457,0,0
1192,-1,41,1420823,31*45833,0,1
1192,-1,43,1420821,3*3*3*3*3*3*1949,0,0
1194,1,3,1425639,3*223*2131,0,0
1194,1,5,1425641,7*203663,0,1
1194,1,7,1425643,499*2857,0,1
1194,1,11,1425647,37*53*727,0,0
1194,1,13,1425649,1425649,1,1
1194,1,17,1425653,1425653,1,1
1194,1,19,1425655,5*7*7*11*23*23,0,0
1194,1,23,1425659,31*45989,0,1
1194,1,29,1425665,5*19*43*349,0,0
1194,1,31,1425667,1425667,1,1
1194,1,37,1425673,131*10883,0,1
1194,1,41,1425677,11*129607,0,1
1194,1,43,1425679,167*8537,0,1
1194,-1,3,1425633,3*11*43201,0,0
1194,-1,5,1425631,61*23371,0,1
1194,-1,7,1425629,1425629,1,1
1194,-1,11,1425625,5*5*5*5*2281,0,0
1194,-1,13,1425623,103*13841,0,1
1194,-1,17,1425619,13*109663,0,1
1194,-1,19,1425617,59*73*331,0,0
1194,-1,23,1425613,7*203659,0,1
1194,-1,29,1425607,1425607,1,1
1194,-1,31,1425605,5*285121,0,0
1194,-1,37,1425599,7*203657,0,1
1194,-1,41,1425595,5*285119,0,0
1194,-1,43,1425593,13*109661,0,1
1196,1,3,1430419,1430419,1,1
1196,1,5,1430421,3*467*1021,0,0
1196,1,7,1430423,151*9473,0,1
1196,1,11,1430427,3*157*3037,0,0
1196,1,13,1430429,7*11*13*1429,0,0
1196,1,17,1430433,3*3*3*31*1709,0,0
1196,1,19,1430435,5*73*3919,0,0
1196,1,23,1430439,3*23*20731,0,0
1196,1,29,1430445,3*5*47*2029,0,0
1196,1,31,1430447,443*3229,0,1
1196,1,37,1430453,19*79*953,0,0
1196,1,41,1430457,3*7*7*37*263,0,0
1196,1,43,1430459,97*14747,0,1
1196,-1,3,1430413,1430413,1,1
1196,-1,5,1430411,1051*1361,0,1
1196,-1,7,1430409,3*476803,0,0
1196,-1,11,1430405,5*523*547,0,0
1196,-1,13,1430403,3*13*36677,0,0
1196,-1,17,1430399,191*7489,0,1
1196,-1,19,1430397,3*3*17*9349,0,0
1196,-1,23,1430393,23*62191,0,1
1196,-1,29,1430387,7*233*877,0,0
1196,-1,31,1430385,3*5*11*8669,0,0
1196,-1,37,1430379,3*3*3*3*17659,0,0
1196,-1,41,1430375,5*5*5*11443,0,0
1196,-1,43,1430373,3*7*68113,0,0
1198,1,3,1435207,31*67*691,0,0
1198,1,5,1435209,3*478403,0,0
1198,1,7,1435211,43*33377,0,1
1198,1,11,1435215,3*5*163*587,0,0
1198,1,13,1435217,7*205031,0,1
1198,1,17,1435221,3*3*159469,0,0
1198,1,19,1435223,23*62401,0,1
1198,1,23,1435227,3*127*3767,0,0
1198,1,29,1435233,3*478411,0,0
1198,1,31,1435235,5*287047,0,0
1198,1,37,1435241,19*75539,0,1
1198,1,41,1435245,3*5*7*13669,0,0
1198,1,43,1435247,11*130477,0,1
1198,-1,3,1435201,1435201,1,1
1198,-1,5,1435199,641*2239,0,1
1198,-1,7,1435197,3*478399,0,0
1198,-1,11,1435193,37*79*491,0,0
1198,-1,13,1435191,3*17*107*263,0,0
1198,-1,17,1435187,13*53*2083,0,0
1198,-1,19,1435185,3*3*3*5*10631,0,0
1198,-1,23,1435181,11*11*29*409,0,0
1198,-1,29,1435175,5*5*7*59*139,0,0
1198,-1,31,1435173,3*478391,0,0
1198,-1,37,1435167,3*3*159463,0,0
1198,-1,41,1435163,1435163,1,1
1198,-1,43,1435161,3*7*7*13*751,0,0
1200,1,3,1440003,3*37*12973,0,0
1200,1,5,1440005,5*7*41143,0,0
1200,1,7,1440007,23*137*457,0,0
1200,1,11,1440011,1440011,1,1
1200,1,13,1440013,59*24407,0,1
1200,1,17,1440017,1440017,1,1
1200,1,19,1440019,7*17*12101,0,0
1200,1,23,1440023,13*110771,0,1
1200,1,29,1440029,19*19*3989,0,0
1200,1,31,1440031,67*21493,0,1
1200,1,37,1440037,1440037,1,1
1200,1,41,1440041,167*8623,0,1
1200,1,43,1440043,11*31*41*103,0,0
1200,-1,3,1439997,3*13*36923,0,0
1200,-1,5,1439995,5*29*9931,0,0
1200,-1,7,1439993,971*1483,0,1
1200,-1,11,1439989,1439989,1,1
1200,-1,13,1439987,251*5737,0,1
1200,-1,17,1439983,953*1511,0,1
1200,-1,19,1439981,31*46451,0,1
1200,-1,23,1439977,7*11*18701,0,0
1200,-1,29,1439971,13*257*431,0,0
1200,-1,31,1439969,1439969,1,1
1200,-1,37,1439963,7*7*29387,0,0
1200,-1,41,1439959,113*12743,0,1
1200,-1,43,1439957,53*101*269,0,0
1202,1,3,1444807,7*13*15877,0,0
1202,1,5,1444809,3*29*16607,0,0
1202,1,7,1444811,1444811,1,1
1202,1,11,1444815,3*3*5*97*331,0,0
1202,1,13,1444817,11*19*31*223,0,0
1202,1,17,1444821,3*7*107*643,0,0
1202,1,19,1444823,1444823,1,1
1202,1,23,1444827,3*47*10247,0,0
1202,1,29,1444833,3*3*13*53*233,0,0
1202,1,31,1444835,5*7*41281,0,0
1202,1,37,1444841,613*2357,0,1
1202,1,41,1444845,3*5*96323,0,0
1202,1,43,1444847,17*84991,0,1
1202,-1,3,1444801,1444801,1,1
1202,-1,5,1444799,41*131*269,0,0
1202,-1,7,1444797,3*3*3*3*17837,0,0
1202,-1,11,1444793,7*206399,0,1
1202,-1,13,1444791,3*23*20939,0,0
1202,-1,17,1444787,1444787,1,1
1202,-1,19,1444785,3*5*61*1579,0,0
1202,-1,23,1444781,13*13*83*103,0,0
1202,-1,29,1444775,5*5*57791,0,0
1202,-1,31,1444773,3*11*43781,0,0
1202,-1,37,1444767,3*481589,0,0
1202,-1,41,1444763,1444763,1,1
1202,-1,43,1444761,3*3*229*701,0,0
1204,1,3,1449619,1449619,1,1
1204,1,5,1449621,3*3*23*47*149,0,0
1204,1,7,1449623,7*29*37*193,0,0
1204,1,11,1449627,3*483209,0,0
1204,1,13,1449629,181*8009,0,1
1204,1,17,1449633,3*483211,0,0
1204,1,19,1449635,5*11*26357,0,0
1204,1,23,1449639,3*3*161071,0,0
1204,1,29,1449645,3*5*96643,0,0
1204,1,31,1449647,1449647,1,1
1204,1,37,1449653,31*101*463,0,0
1204,1,41,1449657,3*3*3*3*11*1627,0,0
1204,1,43,1449659,43*33713,0,1
1204,-1,3,1449613,11*131783,0,1
1204,-1,5,1449611,1449611,1,1
1204,-1,7,1449609,3*7*69029,0,0
1204,-1,11,1449605,5*19*15259,0,0
1204,-1,13,1449603,3*3*3*53*1013,0,0
1204,-1,17,1449599,1449599,1,1
1204,-1,19,1449597,3*137*3527,0,0
1204,-1,23,1449593,743*1951,0,1
1204,-1,29,1449587,1449587,1,1
1204,-1,31,1449585,3*3*5*32213,0,0
1204,-1,37,1449579,3*271*1783,0,0
1204,-1,41,1449575,5*5*23*2521,0,0
1204,-1,43,1449573,3*17*43*661,0,0
1206,1,3,1454439,3*7*69259,0,0
1206,1,5,1454441,1454441,1,1
1206,1,7,1454443,1454443,1,1
1206,1,11,1454447,433*3359,0,1
1206,1,13,1454449,163*8923,0,1
1206,1,17,1454453,7*11*13*1453,0,0
1206,1,19,1454455,5*461*631,0,0
1206,1,23,1454459,1454459,1,1
1206,1,29,1454465,5*191*1523,0,0
1206,1,31,1454467,7*7*29683,0,0
1206,1,37,1454473,547*2659,0,1
1206,1,41,1454477,1454477,1,1
1206,1,43,1454479,13*53*2111,0,0
1206,-1,3,1454433,3*37*13103,0,0
1206,-1,5,1454431,11*19*6959,0,0
1206,-1,7,1454429,641*2269,0,1
1206,-1,11,1454425,5*5*7*8311,0,0
1206,-1,13,1454423,61*113*211,0,0
1206,-1,17,1454419,1454419,1,1
1206,-1,19,1454417,1454417,1,1
1206,-1,23,1454413,659*2207,0,1
1206,-1,29,1454407,439*3313,0,1
1206,-1,31,1454405,5*23*12647,0,0
1206,-1,37,1454399,1454399,1,1
1206,-1,41,1454395,5*290879,0,0
1206,-1,43,1454393,19*41*1867,0,0
1208,1,3,1459267,199*7333,0,1
1208,1,5,1459269,3*3*3*7*7*1103,0,0
1208,1,7,1459271,11*132661,0,1
1208,1,11,1459275,3*5*5*19457,0,0
1208,1,13,1459277,1459277,1,1
1208,1,17,1459281,3*23*21149,0,0
1208,1,19,1459283,7*208469,0,1
1208,1,23,1459287,3*3*162143,0,0
1208,1,29,1459293,3*11*44221,0,0
1208,1,31,1459295,5*19*15361,0,0
1208,1,37,1459301,1459301,1,1
1208,1,41,1459305,3*3*5*32429,0,0
1208,1,43,1459307,797*1831,0,1
1208,-1,3,1459261,1459261,1,1
1208,-1,5,1459259,1459259,1,1
1208,-1,7,1459257,3*19*25601,0,0
1208,-1,11,1459253,1459253,1,1
1208,-1,13,1459251,3*3*29*5591,0,0
1208,-1,17,1459247,59*24733,0,1
1208,-1,19,1459245,3*5*97283,0,0
1208,-1,23,1459241,7*208463,0,1
1208,-1,29,1459235,5*23*12689,0,0
1208,-1,31,1459233,3*3*281*577,0,0
1208,-1,37,1459227,3*7*11*6317,0,0
1208,-1,41,1459223,83*17581,0,1
1208,-1,43,1459221,3*486407,0,0
1210,1,3,1464103,1464103,1,1
1210,1,5,1464105,3*5*97607,0,0
1210,1,7,1464107,43*79*431,0,0
1210,1,11,1464111,3*3*11*23*643,0,0
1210,1,13,1464113,7*209159,0,1
1210,1,17,1464117,3*593*823,0,0
1210,1,19,1464119,137*10687,0,1
1210,1,23,1464123,3*29*16829,0,0
1210,1,29,1464129,3*3*3*211*257,0,0
1210,1,31,1464131,1464131,1,1
1210,1,37,1464137,1464137,1,1
1210,1,41,1464141,3*7*113*617,0,0
1210,1,43,1464143,1464143,1,1
1210,-1,3,1464097,47*31151,0,1
1210,-1,5,1464095,5*292819,0,0
1210,-1,7,1464093,3*3*162677,0,0
1210,-1,11,1464089,11*167*797,0,0
1210,-1,13,1464087,3*139*3511,0,0
1210,-1,17,1464083,19*251*307,0,0
1210,-1,19,1464081,3*107*4561,0,0
1210,-1,23,1464077,379*3863,0,1
1210,-1,29,1464071,7*7*29879,0,0
1210,-1,31,1464069,3*41*11903,0,0
1210,-1,37,1464063,3*488021,0,0
1210,-1,41,1464059,1009*1451,0,1
1210,-1,43,1464057,3*3*7*17*1367,0,0
1212,1,3,1468947,3*19*25771,0,0
1212,1,5,1468949,1468949,1,1
1212,1,7,1468951,11*133541,0,1
1212,1,11,1468955,5*293791,0,0
1212,1,13,1468957,7*209851,0,1
1212,1,17,1468961,13*112997,0,1
1212,1,19,1468963,1468963,1,1
1212,1,23,1468967,1468967,1,1
1212,1,29,1468973,11*133543,0,1
1212,1,31,1468975,5*5*67*877,0,0
1212,1,37,1468981,191*7691,0,1
1212,1,41,1468985,5*7*19*47*47,0,0
1212,1,43,1468987,13*17*17*17*23,0,0
1212,-1,3,1468941,3*23*61*349,0,0
1212,-1,5,1468939,1468939,1,1
1212,-1,7,1468937,29*37*37*37,0,0
1212,-1,11,1468933,1468933,1,1
1212,-1,13,1468931,277*5303,0,1
1212,-1,17,1468927,1468927,1,1
1212,-1,19,1468925,5*5*58757,0,0
1212,-1,23,1468921,1468921,1,1
1212,-1,29,1468915,5*7*41969,0,0
1212,-1,31,1468913,1468913,1,1
1212,-1,37,1468907,11*41*3257,0,0
1212,-1,41,1468903,131*11213,0,1
1212,-1,43,1468901,7*223*941,0,0
1214,1,3,1473799,67*21997,0,1
1214,1,5,1473801,3*7*70181,0,0
1214,1,7,1473803,1473803,1,1
1214,1,11,1473807,3*223*2203,0,0
1214,1,13,1473809,29*50821,0,1
1214,1,17,1473813,3*3*11*14887,0,0
1214,1,19,1473815,5*7*17*2477,0,0
1214,1,23,1473819,3*491273,0,0
1214,1,29,1473825,3*5*5*43*457,0,0
1214,1,31,1473827,41*103*349,0,0
1214,1,37,1473833,31*47543,0,1
1214,1,41,1473837,3*491279,0,0
1214,1,43,1473839,619*2381,0,1
1214,-1,3,1473793,1473793,1,1
1214,-1,5,1473791,11*133981,0,1
1214,-1,7,1473789,3*109*4507,0,0
1214,-1,11,1473785,5*294757,0,0
1214,-1,13,1473783,3*491261,0,0
1214,-1,17,1473779,47*31357,0,1
1214,-1,19,1473777,3*3*163753,0,0
1214,-1,23,1473773,7*7*19*1583,0,0
1214,-1,29,1473767,1473767,1,1
1214,-1,31,1473765,3*5*98251,0,0
1214,-1,37,1473759,3*3*7*149*157,0,0
1214,-1,41,1473755,5*294751,0,0
1214,-1,43,1473753,3*491251,0,0
1216,1,3,1478659,7*13*16249,0,0
1216,1,5,1478661,3*127*3881,0,0
1216,1,7,1478663,1478663,1,1
1216,1,11,1478667,3*47*10487,0,0
1216,1,13,1478669,31*47699,0,1
1216,1,17,1478673,3*3*7*7*7*479,0,0
1216,1,19,1478675,5*5*11*19*283,0,0
1216,1,23,1478679,3*492893,0,0
1216,1,29,1478685,3*5*13*7583,0,0
1216,1,31,1478687,7*211241,0,1
1216,1,37,1478693,23*239*269,0,0
1216,1,41,1478697,3*11*44809,0,0
1216,1,43,1478699,1478699,1,1
1216,-1,3,1478653,11*229*587,0,0
1216,-1,5,1478651,419*3529,0,1
1216,-1,7,1478649,3*492883,0,0
1216,-1,11,1478645,5*7*83*509,0,0
1216,-1,13,1478643,3*17*79*367,0,0
1216,-1,17,1478639,1478639,1,1
1216,-1,19,1478637,3*3*19*8647,0,0
1216,-1,23,1478633,13*107*1063,0,0
1216,-1,29,1478627,1478627,1,1
1216,-1,31,1478625,3*5*5*5*3943,0,0
1216,-1,37,1478619,3*3*164291,0,0
1216,-1,41,1478615,5*73*4051,0,0
1216,-1,43,1478613,3*492871,0,0
1218,1,3,1483527,3*499*991,0,0
1218,1,5,1483529,1483529,1,1
1218,1,7,1483531,7*211933,0,1
1218,1,11,1483535,5*269*1103,0,0
1218,1,13,1483537,11*134867,0,1
1218,1,17,1483541,79*89*211,0,0
1218,1,19,1483543,43*34501,0,1
1218,1,23,1483547,13*139*821,0,0
1218,1,29,1483553,29*51157,0,1
1218,1,31,1483555,5*47*59*107,0,0
1218,1,37,1483561,1483561,1,1
1218,1,41,1483565,5*296713,0,0
1218,1,43,1483567,31*47857,0,1
1218,-1,3,1483521,3*13*38039,0,0
1218,-1,5,1483519,1483519,1,1
1218,-1,7,1483517,7*211931,0,1
1218,-1,11,1483513,1021*1453,0,1
1218,-1,13,1483511,233*6367,0,1
1218,-1,17,1483507,1483507,1,1
1218,-1,19,1483505,5*17*31*563,0,0
1218,-1,23,1483501,19*78079,0,1
1218,-1,29,1483495,5*13*29*787,0,0
1218,-1,31,1483493,11*157*859,0,0
1218,-1,37,1483487,127*11681,0,1
1218,-1,41,1483483,1123*1321,0,1
1218,-1,43,1483481,631*2351,0,1
1220,1,3,1488403,7*19*19*19*31,0,0
1220,1,5,1488405,3*5*67*1481,0,0
1220,1,7,1488407,151*9857,0,1
1220,1,11,1488411,3*3*165379,0,0
1220,1,13,1488413,1488413,1,1
1220,1,17,1488417,3*7*70877,0,0
1220,1,19,1488419,1488419,1,1
1220,1,23,1488423,3*41*12101,0,0
1220,1,29,1488429,3*3*3*55127,0,0
1220,1,31,1488431,7*212633,0,1
1220,1,37,1488437,101*14737,0,1
1220,1,41,1488441,3*19*26113,0,0
1220,1,43,1488443,11*47*2879,0,0
1220,-1,3,1488397,73*20389,0,1
1220,-1,5,1488395,5*109*2731,0,0
1220,-1,7,1488393,3*3*59*2803,0,0
1220,-1,11,1488389,7*212627,0,1
1220,-1,13,1488387,3*547*907,0,0
1220,-1,17,1488383,13*13*8807,0,0
1220,-1,19,1488381,3*496127,0,0
1220,-1,23,1488377,11*269*503,0,0
1220,-1,29,1488371,1488371,1,1
1220,-1,31,1488369,3*496123,0,0
1220,-1,37,1488363,3*181*2741,0,0
1220,-1,41,1488359,43*34613,0,1
1220,-1,43,1488357,3*3*13*12721,0,0
1222,1,3,1493287,421*3547,0,1
1222,1,5,1493289,3*3*3*7*7901,0,0
1222,1,7,1493291,1493291,1,1
1222,1,11,1493295,3*5*113*881,0,0
1222,1,13,1493297,13*17*29*233,0,0
1222,1,17,1493301,3*31*16057,0,0
1222,1,19,1493303,7*213329,0,1
1222,1,23,1493307,3*3*277*599,0,0
1222,1,29,1493313,3*497771,0,0
1222,1,31,1493315,5*97*3079,0,0
1222,1,37,1493321,23*64927,0,1
1222,1,41,1493325,3*3*5*5*6637,0,0
1222,1,43,1493327,11*135757,0,1
1222,-1,3,1493281,1493281,1,1
1222,-1,5,1493279,1493279,1,1
1222,-1,7,1493277,3*139*3581,0,0
1222,-1,11,1493273,1493273,1,1
1222,-1,13,1493271,3*3*13*12763,0,0
1222,-1,17,1493267,19*78593,0,1
1222,-1,19,1493265,3*5*99551,0,0
1222,-1,23,1493261,7*11*11*41*43,0,0
1222,-1,29,1493255,5*298651,0,0
1222,-1,31,1493253,3*3*83*1999,0,0
1222,-1,37,1493247,3*7*211*337,0,0
1222,-1,41,1493243,163*9161,0,1
1222,-1,43,1493241,3*193*2579,0,0
1224,1,3,1498179,3*73*6841,0,0
1224,1,5,1498181,41*36541,0,1
1224,1,7,1498183,1129*1327,0,1
1224,1,11,1498187,59*67*379,0,0
1224,1,13,1498189,7*11*19457,0,0
1224,1,17,1498193,17*88129,0,1
1224,1,19,1498195,5*149*2011,0,0
1224,1,23,1498199,31*31*1559,0,0
1224,1,29,1498205,5*109*2749,0,0
1224,1,31,1498207,19*78853,0,1
1224,1,37,1498213,1498213,1,1
1224,1,41,1498217,7*214031,0,1
1224,1,43,1498219,47*127*251,0,0
1224,-1,3,1498173,3*499391,0,0
1224,-1,5,1498171,71*21101,0,1
1224,-1,7,1498169,19*29*2719,0,0
1224,-1,11,1498165,5*97*3089,0,0
1224,-1,13,1498163,43*34841,0,1
1224,-1,17,1498159,13*17*6779,0,0
1224,-1,19,1498157,167*8971,0,1
1224,-1,23,1498153,1498153,1,1
1224,-1,29,1498147,7*214021,0,1
1224,-1,31,1498145,5*11*27239,0,0
1224,-1,37,1498139,1498139,1,1
1224,-1,41,1498135,5*103*2909,0,0
1224,-1,43,1498133,7*13*101*163,0,0
1226,1,3,1503079,103*14593,0,1
1226,1,5,1503081,3*3*167009,0,0
1226,1,7,1503083,233*6451,0,1
1226,1,11,1503087,3*501029,0,0
1226,1,13,1503089,7*17*17*743,0,0
1226,1,17,1503093,3*501031,0,0
1226,1,19,1503095,5*11*27329,0,0
1226,1,23,1503099,3*3*13*29*443,0,0
1226,1,29,1503105,3*5*100207,0,0
1226,1,31,1503107,47*31981,0,1
1226,1,37,1503113,1503113,1,1
1226,1,41,1503117,3*3*3*3*7*11*241,0,0
1226,1,43,1503119,23*65353,0,1
1226,-1,3,1503073,11*13*23*457,0,0
1226,-1,5,1503071,19*239*331,0,0
1226,-1,7,1503069,3*281*1783,0,0
1226,-1,11,1503065,5*43*6991,0,0
1226,-1,13,1503063,3*3*3*179*311,0,0
1226,-1,17,1503059,1503059,1,1
1226,-1,19,1503057,3*501019,0,0
1226,-1,23,1503053,1503053,1,1
1226,-1,29,1503047,7*13*83*199,0,0
1226,-1,31,1503045,3*3*5*127*263,0,0
1226,-1,37,1503039,3*501013,0,0
1226,-1,41,1503035,5*31*9697,0,0
1226,-1,43,1503033,3*7*19*3767,0,0
1228,1,3,1507987,13*13*8923,0,0
1228,1,5,1507989,3*7*71809,0,0
1228,1,7,1507991,463*3257,0,1
1228,1,11,1507995,3*3*5*23*31*47,0,0
1228,1,13,1507997,1507997,1,1
1228,1,17,1508001,3*11*45697,0,0
1228,1,19,1508003,7*367*587,0,0
1228,1,23,1508007,3*502669,0,0
1228,1,29,1508013,3*3*13*12889,0,0
1228,1,31,1508015,5*109*2767,0,0
1228,1,37,1508021,41*36781,0,1
1228,1,41,1508025,3*5*5*20107,0,0
1228,1,43,1508027,83*18169,0,1
1228,-1,3,1507981,59*61*419,0,0
1228,-1,5,1507979,11*137089,0,1
1228,-1,7,1507977,3*3*3*3*18617,0,0
1228,-1,11,1507973,19*79367,0,1
1228,-1,13,1507971,3*29*17333,0,0
1228,-1,17,1507967,43*35069,0,1
1228,-1,19,1507965,3*5*229*439,0,0
1228,-1,23,1507961,7*13*73*227,0,0
1228,-1,29,1507955,5*301591,0,0
1228,-1,31,1507953,3*502651,0,0
1228,-1,37,1507947,3*7*71807,0,0
1228,-1,41,1507943,467*3229,0,1
1228,-1,43,1507941,3*3*131*1279,0,0
1230,1,3,1512903,3*7*72043,0,0
1230,1,5,1512905,5*302581,0,0
1230,1,7,1512907,11*137537,0,1
1230,1,11,1512911,89*89*191,0,0
1230,1,13,1512913,19*79627,0,1
1230,1,17,1512917,7*23*9397,0,0
1230,1,19,1512919,131*11549,0,1
1230,1,23,1512923,1512923,1,1
1230,1,29,1512929,11*79*1741,0,0
1230,1,31,1512931,7*216133,0,1
1230,1,37,1512937,59*25643,0,1
1230,1,41,1512941,41*36901,0,1
1230,1,43,1512943,1512943,1,1
1230,-1,3,1512897,3*504299,0,0
1230,-1,5,1512895,5*302579,0,0
1230,-1,7,1512893,31*37*1319,0,0
1230,-1,11,1512889,7*216127,0,1
1230,-1,13,1512887,727*2081,0,1
1230,-1,17,1512883,47*32189,0,1
1230,-1,19,1512881,17*88993,0,1
1230,-1,23,1512877,1512877,1,1
1230,-1,29,1512871,23*65777,0,1
1230,-1,31,1512869,43*151*233,0,0
1230,-1,37,1512863,11*11*12503,0,0
1230,-1,41,1512859,41*36899,0,1
1230,-1,43,1512857,1512857,1,1
1232,1,3,1517827,79*19213,0,1
1232,1,5,1517829,3*383*1321,0,0
1232,1,7,1517831,7*29*7477,0,0
1232,1,11,1517835,3*5*11*9199,0,0
1232,1,13,1517837,1517837,1,1
1232,1,17,1517841,3*3*13*12973,0,0
1232,1,19,1517843,1517843,1,1
1232,1,23,1517847,3*505949,0,0
1232,1,29,1517853,3*19*31*859,0,0
1232,1,31,1517855,5*303571,0,0
1232,1,37,1517861,41*37021,0,1
1232,1,41,1517865,3*5*47*2153,0,0
1232,1,43,1517867,13*53*2203,0,0
1232,-1,3,1517821,83*18287,0,1
1232,-1,5,1517819,1517819,1,1
1232,-1,7,1517817,3*7*72277,0,0
1232,-1,11,1517813,11*137983,0,1
1232,-1,13,1517811,3*17*29761,0,0
1232,-1,17,1517807,1517807,1,1
1232,-1,19,1517805,3*3*3*5*11243,0,0
1232,-1,23,1517801,349*4349,0,1
1232,-1,29,1517795,5*107*2837,0,0
1232,-1,31,1517793,3*23*21997,0,0
1232,-1,37,1517787,3*3*168643,0,0
1232,-1,41,1517783,1517783,1,1
1232,-1,43,1517781,3*505927,0,0
1234,1,3,1522759,7*43*5059,0,0
1234,1,5,1522761,3*23*29*761,0,0
1234,1,7,1522763,11*138433,0,1
1234,1,11,1522767,3*507589,0,0
1234,1,13,1522769,1522769,1,1
1234,1,17,1522773,3*3*3*7*7*1151,0,0
1234,1,19,1522775,5*5*17*3583,0,0
1234,1,23,1522779,3*507593,0,0
1234,1,29,1522785,3*5*11*11*839,0,0
1234,1,31,1522787,7*211*1031,0,0
1234,1,37,1522793,19*80147,0,1
1234,1,41,1522797,3*507599,0,0
1234,1,43,1522799,1522799,1,1
1234,-1,3,1522753,47*179*181,0,0
1234,-1,5,1522751,31*49121,0,1
1234,-1,7,1522749,3*271*1873,0,0
1234,-1,11,1522745,5*7*139*313,0,0
1234,-1,13,1522743,3*53*61*157,0,0
1234,-1,17,1522739,281*5419,0,1
1234,-1,19,1522737,3*3*71*2383,0,0
1234,-1,23,1522733,1522733,1,1
1234,-1,29,1522727,1522727,1,1
1234,-1,31,1522725,3*5*5*79*257,0,0
1234,-1,37,1522719,3*3*3*3*11*1709,0,0
1234,-1,41,1522715,5*23*13241,0,0
1234,-1,43,1522713,3*507571,0,0
1236,1,3,1527699,3*241*2113,0,0
1236,1,5,1527701,7*41*5323,0,0
1236,1,7,1527703,1527703,1,1
1236,1,11,1527707,71*21517,0,1
1236,1,13,1527709,1527709,1,1
1236,1,17,1527713,11*138883,0,1
1236,1,19,1527715,5*7*43649,0,0
1236,1,23,1527719,487*3137,0,1
1236,1,29,1527725,5*5*53*1153,0,0
1236,1,31,1527727,1527727,1,1
1236,1,37,1527733,19*80407,0,1
1236,1,41,1527737,1527737,1,1
1236,1,43,1527739,17*89867,0,1
1236,-1,3,1527693,3*37*13763,0,0
1236,-1,5,1527691,11*29*4789,0,0
1236,-1,7,1527689,1527689,1,1
1236,-1,11,1527685,5*89*3433,0,0
1236,-1,13,1527683,23*127*523,0,0
1236,-1,17,1527679,1527679,1,1
1236,-1,19,1527677,1527677,1,1
1236,-1,23,1527673,7*7*31177,0,0
1236,-1,29,1527667,67*151*151,0,0
1236,-1,31,1527665,5*305533,0,0
1236,-1,37,1527659,7*229*953,0,0
1236,-1,41,1527655,5*277*1103,0,0
1236,-1,43,1527653,97*15749,0,1
1238,1,3,1532647,1532647,1,1
1238,1,5,1532649,3*43*109*109,0,0
1238,1,7,1532651,23*37*1801,0,0
1238,1,11,1532655,3*3*3*5*11353,0,0
1238,1,13,1532657,7*373*587,0,0
1238,1,17,1532661,3*13*13*3023,0,0
1238,1,19,1532663,11*139333,0,1
1238,1,23,1532667,3*510889,0,0
1238,1,29,1532673,3*3*19*8963,0,0
1238,1,31,1532675,5*5*101*607,0,0
1238,1,37,1532681,1532681,1,1
1238,1,41,1532685,3*5*7*11*1327,0,0
1238,1,43,1532687,13*117899,0,1
1238,-1,3,1532641,11*277*503,0,0
1238,-1,5,1532639,1532639,1,1
1238,-1,7,1532637,3*3*170293,0,0
1238,-1,11,1532633,1532633,1,1
1238,-1,13,1532631,3*641*797,0,0
1238,-1,17,1532627,1532627,1,1
1238,-1,19,1532625,3*5*5*5*61*67,0,0
1238,-1,23,1532621,29*41*1289,0,0
1238,-1,29,1532615,5*7*43789,0,0
1238,-1,31,1532613,3*193*2647,0,0
1238,-1,37,1532607,3*173*2953,0,0
1238,-1,41,1532603,1532603,1,1
1238,-1,43,1532601,3*3*3*3*3*7*17*53,0,0
1240,1,3,1537603,379*4057,0,1
1240,1,5,1537605,3*3*5*47*727,0,0
1240,1,7,1537607,1537607,1,1
1240,1,11,1537611,3*512537,0,0
1240,1,13,1537613,7*11*19*1051,0,0
1240,1,17,1537617,3*547*937,0,0
1240,1,19,1537619,23*66853,0,1
1240,1,23,1537623,3*3*3*3*41*463,0,0
1240,1,29,1537629,3*512543,0,0
1240,1,31,1537631,31*193*257,0,0
1240,1,37,1537637,43*35759,0,1
1240,1,41,1537641,3*3*7*24407,0,0
1240,1,43,1537643,1537643,1,1
1240,-1,3,1537597,359*4283,0,1
1240,-1,5,1537595,5*181*1699,0,0
1240,-1,7,1537593,3*512531,0,0
1240,-1,11,1537589,127*12107,0,1
1240,-1,13,1537587,3*3*170843,0,0
1240,-1,17,1537583,53*67*433,0,0
1240,-1,19,1537581,3*397*1291,0,0
1240,-1,23,1537577,79*19463,0,1
1240,-1,29,1537571,7*7*31379,0,0
1240,-1,31,1537569,3*3*3*11*31*167,0,0
1240,-1,37,1537563,3*512521,0,0
1240,-1,41,1537559,1537559,1,1
1240,-1,43,1537557,3*7*211*347,0,0
1242,1,3,1542567,3*13*37*1069,0,0
1242,1,5,1542569,7*7*31481,0,0
1242,1,7,1542571,1542571,1,1
1242,1,11,1542575,5*5*61703,0,0
1242,1,13,1542577,1117*1381,0,1
1242,1,17,1542581,1542581,1,1
1242,1,19,1542583,7*220369,0,1
1242,1,23,1542587,23*47*1427,0,0
1242,1,29,1542593,13*118661,0,1
1242,1,31,1542595,5*308519,0,0
1242,1,37,1542601,883*1747,0,1
1242,1,41,1542605,5*308521,0,0
1242,1,43,1542607,11*140237,0,1
1242,-1,3,1542561,3*514187,0,0
1242,-1,5,1542559,569*2711,0,1
1242,-1,7,1542557,643*2399,0,1
1242,-1,11,1542553,19*19*4273,0,0
1242,-1,13,1542551,1542551,1,1
1242,-1,17,1542547,761*2027,0,1
1242,-1,19,1542545,5*308509,0,0
1242,-1,23,1542541,7*11*13*23*67,0,0
1242,-1,29,1542535,5*308507,0,0
1242,-1,31,1542533,1542533,1,1
1242,-1,37,1542527,7*220361,0,1
1242,-1,41,1542523,1542523,1,1
1242,-1,43,1542521,1542521,1,1
1244,1,3,1547539,7*221077,0,1
1244,1,5,1547541,3*3*107*1607,0,0
1244,1,7,1547543,1547543,1,1
1244,1,11,1547547,3*53*9733,0,0
1244,1,13,1547549,157*9857,0,1
1244,1,17,1547553,3*7*73693,0,0
1244,1,19,1547555,5*23*13457,0,0
1244,1,23,1547559,3*3*3*13*4409,0,0
1244,1,29,1547565,3*5*103171,0,0
1244,1,31,1547567,7*7*31583,0,0
1244,1,37,1547573,1547573,1,1
1244,1,41,1547577,3*3*373*461,0,0
1244,1,43,1547579,11*140689,0,1
1244,-1,3,1547533,13*13*9157,0,0
1244,-1,5,1547531,19*79*1031,0,0
1244,-1,7,1547529,3*515843,0,0
1244,-1,11,1547525,5*5*7*37*239,0,0
1244,-1,13,1547523,3*3*171947,0,0
1244,-1,17,1547519,1547519,1,1
1244,-1,19,1547517,3*515839,0,0
1244,-1,23,1547513,11*140683,0,1
1244,-1,29,1547507,13*119039,0,1
1244,-1,31,1547505,3*3*3*3*5*3821,0,0
1244,-1,37,1547499,3*67*7699,0,0
1244,-1,41,1547495,5*127*2437,0,0
1244,-1,43,1547493,3*17*19*1597,0,0
1246,1,3,1552519,103*15073,0,1
1246,1,5,1552521,3*517507,0,0
1246,1,7,1552523,7*23*9643,0,0
1246,1,11,1552527,3*3*3*3*3*6389,0,0
1246,1,13,1552529,11*53*2663,0,0
1246,1,17,1552533,3*517511,0,0
1246,1,19,1552535,5*310507,0,0
1246,1,23,1552539,3*517513,0,0
1246,1,29,1552545,3*3*5*34501,0,0
1246,1,31,1552547,19*41*1993,0,0
1246,1,37,1552553,1552553,1,1
1246,1,41,1552557,3*37*71*197,0,0
1246,1,43,1552559,17*271*337,0,0
1246,-1,3,1552513,1552513,1,1
1246,-1,5,1552511,31*61*821,0,0
1246,-1,7,1552509,3*3*7*19*1297,0,0
1246,-1,11,1552505,5*310501,0,0
1246,-1,13,1552503,3*517501,0,0
1246,-1,17,1552499,13*307*389,0,0
1246,-1,19,1552497,3*517499,0,0
1246,-1,23,1552493,1091*1423,0,1
1246,-1,29,1552487,109*14243,0,1
1246,-1,31,1552485,3*5*11*97*97,0,0
1246,-1,37,1552479,3*233*2221,0,0
1246,-1,41,1552475,5*5*62099,0,0
1246,-1,43,1552473,3*3*3*13*4423,0,0
1248,1,3,1557507,3*7*74167,0,0
1248,1,5,1557509,1557509,1,1
1248,1,7,1557511,53*29387,0,1
1248,1,11,1557515,5*37*8419,0,0
1248,1,13,1557517,13*119809,0,1
1248,1,17,1557521,7*101*2203,0,0
1248,1,19,1557523,11*17*8329,0,0
1248,1,23,1557527,71*21937,0,1
1248,1,29,1557533,31*47*1069,0,0
1248,1,31,1557535,5*7*44501,0,0
1248,1,37,1557541,59*26399,0,1
1248,1,41,1557545,5*11*28319,0,0
1248,1,43,1557547,1557547,1,1
1248,-1,3,1557501,3*11*109*433,0,0
1248,-1,5,1557499,1557499,1,1
1248,-1,7,1557497,149*10453,0,1
1248,-1,11,1557493,7*222499,0,1
1248,-1,13,1557491,13*23*5209,0,0
1248,-1,17,1557487,19*81973,0,1
1248,-1,19,1557485,5*79*3943,0,0
1248,-1,23,1557481,1557481,1,1
1248,-1,29,1557475,5*5*62299,0,0
1248,-1,31,1557473,787*1979,0,1
1248,-1,37,1557467,41*37987,0,1
1248,-1,41,1557463,103*15121,0,1
1248,-1,43,1557461,1039*1499,0,1
1250,1,3,1562503,19*82237,0,1
1250,1,5,1562505,3*5*7*23*647,0,0
1250,1,7,1562507,67*23321,0,1
1250,1,11,1562511,3*520837,0,0
1250,1,13,1562513,1562513,1,1
1250,1,17,1562517,3*3*3*11*5261,0,0
1250,1,19,1562519,7*223217,0,1
1250,1,23,1562523,3*520841,0,0
1250,1,29,1562529,3*701*743,0,0
1250,1,31,1562531,1562531,1,1
1250,1,37,1562537,613*2549,0,1
1250,1,41,1562541,3*19*79*347,0,0
1250,1,43,1562543,1562543,1,1
1250,-1,3,1562497,59*71*373,0,0
1250,-1,5,1562495,5*11*28409,0,0
1250,-1,7,1562493,3*31*53*317,0,0
1250,-1,11,1562489,659*2371,0,1
1250,-1,13,1562487,3*17*30637,0,0
1250,-1,17,1562483,13*263*457,0,0
1250,-1,19,1562481,3*3*127*1367,0,0
1250,-1,23,1562477,7*223211,0,1
1250,-1,29,1562471,1562471,1,1
1250,-1,31,1562469,3*41*12703,0,0
1250,-1,37,1562463,3*3*3*7*7*1181,0,0
1250,-1,41,1562459,23*67933,0,1
1250,-1,43,1562457,3*13*40063,0,0
1252,1,3,1567507,967*1621,0,1
1252,1,5,1567509,3*401*1303,0,0
1252,1,7,1567511,11*142501,0,1
1252,1,11,1567515,3*5*31*3371,0,0
1252,1,13,1567517,7*61*3671,0,0
1252,1,17,1567521,3*3*174169,0,0
1252,1,19,1567523,199*7877,0,1
1252,1,23,1567527,3*13*40193,0,0
1252,1,29,1567533,3*11*47501,0,0
1252,1,31,1567535,5*313507,0,0
1252,1,37,1567541,1567541,1,1
1252,1,41,1567545,3*5*7*14929,0,0
1252,1,43,1567547,431*3637,0,1
1252,-1,3,1567501,13*120577,0,1
1252,-1,5,1567499,1567499,1,1
1252,-1,7,1567497,3*47*11117,0,0
1252,-1,11,1567493,1567493,1,1
1252,-1,13,1567491,3*522497,0,0
1252,-1,17,1567487,1567487,1,1
1252,-1,19,1567485,3*3*3*5*17*683,0,0
1252,-1,23,1567481,19*82499,0,1
1252,-1,29,1567475,5*5*7*13*13*53,0,0
1252,-1,31,1567473,3*23*22717,0,0
1252,-1,37,1567467,3*3*11*71*223,0,0
1252,-1,41,1567463,269*5827,0,1
1252,-1,43,1567461,3*7*7*10663,0,0
1254,1,3,1572519,3*13*61*661,0,0
1254,1,5,1572521,1572521,1,1
1254,1,7,1572523,487*3229,0,1
1254,1,11,1572527,11*59*2423,0,0
1254,1,13,1572529,7*277*811,0,0
1254,1,17,1572533,23*68371,0,1
1254,1,19,1572535,5*19*16553,0,0
1254,1,23,1572539,1572539,1,1
1254,1,29,1572545,5*13*13*1861,0,0
1254,1,31,1572547,1572547,1,1
1254,1,37,1572553,43*36571,0,1
1254,1,41,1572557,7*7*67*479,0,0
1254,1,43,1572559,1572559,1,1
1254,-1,3,1572513,3*524171,0,0
1254,-1,5,1572511,1572511,1,1
1254,-1,7,1572509,1572509,1,1
1254,-1,11,1572505,5*11*28591,0,0
1254,-1,13,1572503,191*8233,0,1
1254,-1,17,1572499,1069*1471,0,1
1254,-1,19,1572497,19*82763,0,1
1254,-1,23,1572493,13*73*1657,0,0
1254,-1,29,1572487,7*23*9767,0,0
1254,-1,31,1572485,5*314497,0,0
1254,-1,37,1572479,47*33457,0,1
1254,-1,41,1572475,5*5*31*2029,0,0
1254,-1,43,1572473,7*41*5479,0,0
1256,1,3,1577539,1577539,1,1
1256,1,5,1577541,3*7*43*1747,0,0
1256,1,7,1577543,11*143413,0,1
1256,1,11,1577547,3*3*23*7621,0,0
1256,1,13,1577549,17*71*1307,0,0
1256,1,17,1577553,3*691*761,0,0
1256,1,19,1577555,5*7*7*47*137,0,0
1256,1,23,1577559,3*31*16963,0,0
1256,1,29,1577565,3*3*5*11*3187,0,0
1256,1,31,1577567,1577567,1,1
1256,1,37,1577573,1577573,1,1
1256,1,41,1577577,3*383*1373,0,0
1256,1,43,1577579,1577579,1,1
1256,-1,3,1577533,1577533,1,1
1256,-1,5,1577531,1577531,1,1
1256,-1,7,1577529,3*3*3*58427,0,0
1256,-1,11,1577525,5*5*89*709,0,0
1256,-1,13,1577523,3*443*1187,0,0
1256,-1,17,1577519,101*15619,0,1
1256,-1,19,1577517,3*525839,0,0
1256,-1,23,1577513,7*19*29*409,0,0
1256,-1,29,1577507,1577507,1,1
1256,-1,31,1577505,3*5*105167,0,0
1256,-1,37,1577499,3*7*11*6829,0,0
1256,-1,41,1577495,5*37*8527,0,0
1256,-1,43,1577493,3*3*175277,0,0
1258,1,3,1582567,7*19*73*163,0,0
1258,1,5,1582569,3*3*101*1741,0,0
1258,1,7,1582571,109*14519,0,1
1258,1,11,1582575,3*5*5*21101,0,0
1258,1,13,1582577,1582577,1,1
1258,1,17,1582581,3*7*11*13*17*31,0,0
1258,1,19,1582583,1582583,1,1
1258,1,23,1582587,3*3*175843,0,0
1258,1,29,1582593,3*563*937,0,0
1258,1,31,1582595,5*7*103*439,0,0
1258,1,37,1582601,37*42773,0,1
1258,1,41,1582605,3*3*3*5*19*617,0,0
1258,1,43,1582607,13*23*67*79,0,0
1258,-1,3,1582561,23*83*829,0,0
1258,-1,5,1582559,11*11*11*29*41,0,0
1258,-1,7,1582557,3*59*8941,0,0
1258,-1,11,1582553,7*7*32297,0,0
1258,-1,13,1582551,3*3*3*58613,0,0
1258,-1,17,1582547,17*127*733,0,0
1258,-1,19,1582545,3*5*105503,0,0
1258,-1,23,1582541,1582541,1,1
1258,-1,29,1582535,5*316507,0,0
1258,-1,31,1582533,3*3*175837,0,0
1258,-1,37,1582527,3*37*53*269,0,0
1258,-1,41,1582523,61*25943,0,1
1258,-1,43,1582521,3*527507,0,0
1260,1,3,1587603,3*31*43*397,0,0
1260,1,5,1587605,5*29*10949,0,0
1260,1,7,1587607,7*337*673,0,0
1260,1,11,1587611,1587611,1,1
1260,1,13,1587613,17*47*1987,0,0
1260,1,17,1587617,1587617,1,1
1260,1,19,1587619,11*101*1429,0,0
1260,1,23,1587623,197*8059,0,1
1260,1,29,1587629,1587629,1,1
1260,1,31,1587631,59*71*379,0,0
1260,1,37,1587637,1587637,1,1
1260,1,41,1587641,11*11*13121,0,0
1260,1,43,1587643,41*38723,0,1
1260,-1,3,1587597,3*11*48109,0,0
1260,-1,5,1587595,5*149*2131,0,0
1260,-1,7,1587593,7*226799,0,1
1260,-1,11,1587589,131*12119,0,1
1260,-1,13,1587587,1587587,1,1
1260,-1,17,1587583,19*83557,0,1
1260,-1,19,1587581,1587581,1,1
1260,-1,23,1587577,1587577,1,1
1260,-1,29,1587571,509*3119,0,1
1260,-1,31,1587569,1587569,1,1
1260,-1,37,1587563,1587563,1,1
1260,-1,41,1587559,37*107*401,0,0
1260,-1,43,1587557,1587557,1,1
1262,1,3,1592647,7*7*32503,0,0
1262,1,5,1592649,3*3*3*61*967,0,0
1262,1,7,1592651,29*54919,0,1
1262,1,11,1592655,3*5*89*1193,0,0
1262,1,13,1592657,11*67*2161,0,0
1262,1,17,1592661,3*7*149*509,0,0
1262,1,19,1592663,1592663,1,1
1262,1,23,1592667,3*3*271*653,0,0
1262,1,29,1592673,3*163*3257,0,0
1262,1,31,1592675,5*5*7*19*479,0,0
1262,1,37,1592681,23*69247,0,1
1262,1,41,1592685,3*3*5*35393,0,0
1262,1,43,1592687,31*83*619,0,0
1262,-1,3,1592641,73*21817,0,1
1262,-1,5,1592639,1592639,1,1
1262,-1,7,1592637,3*19*27941,0,0
1262,-1,11,1592633,7*227519,0,1
1262,-1,13,1592631,3*3*311*569,0,0
1262,-1,17,1592627,919*1733,0,1
1262,-1,19,1592625,3*5*5*5*31*137,0,0
1262,-1,23,1592621,1592621,1,1
1262,-1,29,1592615,5*318523,0,0
1262,-1,31,1592613,3*3*11*16087,0,0
1262,-1,37,1592607,3*530869,0,0
1262,-1,41,1592603,449*3547,0,1
1262,-1,43,1592601,3*71*7477,0,0
1264,1,3,1597699,1597699,1,1
1264,1,5,1597701,3*7*76081,0,0
1264,1,7,1597703,1597703,1,1
1264,1,11,1597707,3*3*113*1571,0,0
1264,1,13,1597709,31*51539,0,1
1264,1,17,1597713,3*13*71*577,0,0
1264,1,19,1597715,5*7*191*239,0,0
1264,1,23,1597719,3*101*5273,0,0
1264,1,29,1597725,3*3*3*3*3*5*5*263,0,0
1264,1,31,1597727,149*10723,0,1
1264,1,37,1597733,229*6977,0,1
1264,1,41,1597737,3*331*1609,0,0
1264,1,43,1597739,11*13*11173,0,0
1264,-1,3,1597693,1597693,1,1
1264,-1,5,1597691,19*84089,0,1
1264,-1,7,1597689,3*3*167*1063,0,0
1264,-1,11,1597685,5*53*6029,0,0
1264,-1,13,1597683,3*532561,0,0
1264,-1,17,1597679,1597679,1,1
1264,-1,19,1597677,3*17*31327,0,0
1264,-1,23,1597673,7*11*20749,0,0
1264,-1,29,1597667,83*19249,0,1
1264,-1,31,1597665,3*5*43*2477,0,0
1264,-1,37,1597659,3*7*76079,0,0
1264,-1,41,1597655,5*173*1847,0,0
1264,-1,43,1597653,3*3*19*9343,0,0
1266,1,3,1602759,3*534253,0,0
1266,1,5,1602761,1602761,1,1
1266,1,7,1602763,137*11699,0,1
1266,1,11,1602767,797*2011,0,1
1266,1,13,1602769,7*101*2267,0,0
1266,1,17,1602773,53*30241,0,1
1266,1,19,1602775,5*5*61*1051,0,0
1266,1,23,1602779,163*9833,0,1
1266,1,29,1602785,5*131*2447,0,0
1266,1,31,1602787,853*1879,0,1
1266,1,37,1602793,31*149*347,0,0
1266,1,41,1602797,7*401*571,0,0
1266,1,43,1602799,11*145709,0,1
1266,-1,3,1602753,3*107*4993,0,0
1266,-1,5,1602751,1602751,1,1
1266,-1,7,1602749,1602749,1,1
1266,-1,11,1602745,5*19*16871,0,0
1266,-1,13,1602743,17*29*3251,0,0
1266,-1,17,1602739,43*37273,0,1
1266,-1,19,1602737,1602737,1,1
1266,-1,23,1602733,11*145703,0,1
1266,-1,29,1602727,7*228961,0,1
1266,-1,31,1602725,5*5*64109,0,0
1266,-1,37,1602719,1602719,1,1
1266,-1,41,1602715,5*73*4391,0,0
1266,-1,43,1602713,7*228959,0,1
1268,1,3,1607827,13*337*367,0,0
1268,1,5,1607829,3*535943,0,0
1268,1,7,1607831,1607831,1,1
1268,1,11,1607835,3*5*37*2897,0,0
1268,1,13,1607837,7*7*11*19*157,0,0
1268,1,17,1607841,3*3*227*787,0,0
1268,1,19,1607843,17*271*349,0,0
1268,1,23,1607847,3*29*18481,0,0
1268,1,29,1607853,3*13*41227,0,0
1268,1,31,1607855,5*321571,0,0
1268,1,37,1607861,23*53*1319,0,0
1268,1,41,1607865,3*5*7*15313,0,0
1268,1,43,1607867,1607867,1,1
1268,-1,3,1607821,1607821,1,1
1268,-1,5,1607819,101*15919,0,1
1268,-1,7,1607817,3*535939,0,0
1268,-1,11,1607813,43*139*269,0,0
1268,-1,13,1607811,3*535937,0,0
1268,-1,17,1607807,1607807,1,1
1268,-1,19,1607805,3*3*5*35729,0,0
1268,-1,23,1607801,13*123677,0,1
1268,-1,29,1607795,5*7*71*647,0,0
1268,-1,31,1607793,3*11*83*587,0,0
1268,-1,37,1607787,3*3*178643,0,0
1268,-1,41,1607783,1171*1373,0,1
1268,-1,43,1607781,3*7*76561,0,0
1270,1,3,1612903,1612903,1,1
1270,1,5,1612905,3*5*7*15361,0,0
1270,1,7,1612907,71*22717,0,1
1270,1,11,1612911,3*537637,0,0
1270,1,13,1612913,1612913,1,1
1270,1,17,1612917,3*3*179213,0,0
1270,1,19,1612919,7*11*20947,0,0
1270,1,23,1612923,3*13*41357,0,0
1270,1,29,1612929,3*19*28297,0,0
1270,1,31,1612931,1612931,1,1
1270,1,37,1612937,1612937,1,1
1270,1,41,1612941,3*11*37*1321,0,0
1270,1,43,1612943,17*79*1201,0,0
1270,-1,3,1612897,11*13*11279,0,0
1270,-1,5,1612895,5*199*1621,0,0
1270,-1,7,1612893,3*29*18539,0,0
1270,-1,11,1612889,313*5153,0,1
1270,-1,13,1612887,3*43*12503,0,0
1270,-1,17,1612883,59*27337,0,1
1270,-1,19,1612881,3*3*179209,0,0
1270,-1,23,1612877,7*103*2237,0,0
1270,-1,29,1612871,13*124067,0,1
1270,-1,31,1612869,3*101*5323,0,0
1270,-1,37,1612863,3*3*7*25601,0,0
1270,-1,41,1612859,1612859,1,1
1270,-1,43,1612857,3*353*1523,0,0
1272,1,3,1617987,3*7*77047,0,0
1272,1,5,1617989,1617989,1,1
1272,1,7,1617991,149*10859,0,1
1272,1,11,1617995,5*323599,0,0
1272,1,13,1617997,29*55793,0,1
1272,1,17,1618001,7*11*21013,0,0
1272,1,19,1618003,1618003,1,1
1272,1,23,1618007,1618007,1,1
1272,1,29,1618013,359*4507,0,1
1272,1,31,1618015,5*7*46229,0,0
1272,1,37,1618021,19*85159,0,1
1272,1,41,1618025,5*5*61*1061,0,0
1272,1,43,1618027,23*103*683,0,0
1272,-1,3,1617981,3*23*131*179,0,0
1272,-1,5,1617979,11*147089,0,1
1272,-1,7,1617977,1617977,1,1
1272,-1,11,1617973,7*37*6247,0,0
1272,-1,13,1617971,1617971,1,1
1272,-1,17,1617967,13*124459,0,1
1272,-1,19,1617965,5*151*2143,0,0
1272,-1,23,1617961,43*191*197,0,0
1272,-1,29,1617955,5*323591,0,0
1272,-1,31,1617953,1091*1483,0,1
1272,-1,37,1617947,107*15121,0,1
1272,-1,41,1617943,1617943,1,1
1272,-1,43,1617941,13*17*7321,0,0
1274,1,3,1623079,37*43867,0,1
1274,1,5,1623081,3*541027,0,0
1274,1,7,1623083,7*11*107*197,0,0
1274,1,11,1623087,3*3*23*7841,0,0
1274,1,13,1623089,13*124853,0,1
1274,1,17,1623093,3*89*6079,0,0
1274,1,19,1623095,5*324619,0,0
1274,1,23,1623099,3*151*3583,0,0
1274,1,29,1623105,3*3*3*5*11*1093,0,0
1274,1,31,1623107,1623107,1,1
1274,1,37,1623113,19*85427,0,1
1274,1,41,1623117,3*659*821,0,0
1274,1,43,1623119,109*14891,0,1
1274,-1,3,1623073,167*9719,0,1
1274,-1,5,1623071,1623071,1,1
1274,-1,7,1623069,3*3*7*25763,0,0
1274,-1,11,1623065,5*83*3911,0,0
1274,-1,13,1623063,3*13*41617,0,0
1274,-1,17,1623059,1623059,1,1
1274,-1,19,1623057,3*149*3631,0,0
1274,-1,23,1623053,1623053,1,1
1274,-1,29,1623047,1623047,1,1
1274,-1,31,1623045,3*5*108203,0,0
1274,-1,37,1623039,3*11*137*359,0,0
1274,-1,41,1623035,5*43*7549,0,0
1274,-1,43,1623033,3*3*180337,0,0
1276,1,3,1628179,7*232597,0,1
1276,1,5,1628181,3*3*3*3*20101,0,0
1276,1,7,1628183,1628183,1,1
1276,1,11,1628187,3*11*49339,0,0
1276,1,13,1628189,331*4919,0,1
1276,1,17,1628193,3*7*23*3371,0,0
1276,1,19,1628195,5*43*7573,0,0
1276,1,23,1628199,3*3*131*1381,0,0
1276,1,29,1628205,3*5*19*29*197,0,0
1276,1,31,1628207,7*163*1427,0,0
1276,1,37,1628213,31*53*991,0,0
1276,1,41,1628217,3*3*113*1601,0,0
1276,1,43,1628219,107*15217,0,1
1276,-1,3,1628173,1628173,1,1
1276,-1,5,1628171,1628171,1,1
1276,-1,7,1628169,3*542723,0,0
1276,-1,11,1628165,5*7*11*4229,0,0
1276,-1,13,1628163,3*3*180907,0,0
1276,-1,17,1628159,13*125243,0,1
1276,-1,19,1628157,3*542719,0,0
1276,-1,23,1628153,1628153,1,1
1276,-1,29,1628147,23*29*2441,0,0
1276,-1,31,1628145,3*3*5*97*373,0,0
1276,-1,37,1628139,3*542713,0,0
1276,-1,41,1628135,5*325627,0,0
1276,-1,43,1628133,3*13*109*383,0,0
1278,1,3,1633287,3*544429,0,0
1278,1,5,1633289,7*233327,0,1
1278,1,7,1633291,11*37*4013,0,0
1278,1,11,1633295,5*326659,0,0
1278,1,13,1633297,19*31*47*59,0,0
1278,1,17,1633301,53*30817,0,1
1278,1,19,1633303,7*233329,0,1
1278,1,23,1633307,13*125639,0,1
1278,1,29,1633313,11*148483,0,1
1278,1,31,1633315,5*326663,0,0
1278,1,37,1633321,1633321,1,1
1278,1,41,1633325,5*5*79*827,0,0
1278,1,43,1633327,197*8291,0,1
1278,-1,3,1633281,3*13*41879,0,0
1278,-1,5,1633279,541*3019,0,1
1278,-1,7,1633277,1633277,1,1
1278,-1,11,1633273,401*4073,0,1
1278,-1,13,1633271,101*103*157,0,0
1278,-1,17,1633267,1633267,1,1
1278,-1,19,1633265,5*227*1439,0,0
1278,-1,23,1633261,7*233323,0,1
1278,-1,29,1633255,5*13*25127,0,0
1278,-1,31,1633253,23*71011,0,1
1278,-1,37,1633247,7*11*21211,0,0
1278,-1,41,1633243,1633243,1,1
1278,-1,43,1633241,17*191*503,0,0
1280,1,3,1638403,13*126031,0,1
1280,1,5,1638405,3*3*5*23*1583,0,0
1280,1,7,1638407,1093*1499,0,1
1280,1,11,1638411,3*546137,0,0
1280,1,13,1638413,7*7*29*1153,0,0
1280,1,17,1638417,3*11*131*379,0,0
1280,1,19,1638419,397*4127,0,1
1280,1,23,1638423,3*3*182047,0,0
1280,1,29,1638429,3*13*43*977,0,0
1280,1,31,1638431,1638431,1,1
1280,1,37,1638437,167*9811,0,1
1280,1,41,1638441,3*3*3*7*8669,0,0
1280,1,43,1638443,17*31*3109,0,0
1280,-1,3,1638397,37*44281,0,1
1280,-1,5,1638395,5*11*29789,0,0
1280,-1,7,1638393,3*139*3929,0,0
1280,-1,11,1638389,19*53*1627,0,0
1280,-1,13,1638387,3*3*3*3*113*179,0,0
1280,-1,17,1638383,137*11959,0,1
1280,-1,19,1638381,3*31*79*223,0,0
1280,-1,23,1638377,13*193*653,0,0
1280,-1,29,1638371,7*59*3967,0,0
1280,-1,31,1638369,3*3*182041,0,0
1280,-1,37,1638363,3*739*739,0,0
1280,-1,41,1638359,23*71233,0,1
1280,-1,43,1638357,3*7*78017,0,0
1282,1,3,1643527,31*53017,0,1
1282,1,5,1643529,3*163*3361,0,0
1282,1,7,1643531,823*1997,0,1
1282,1,11,1643535,3*3*5*36523,0,0
1282,1,13,1643537,7*234791,0,1
1282,1,17,1643541,3*199*2753,0,0
1282,1,19,1643543,11*11*17*17*47,0,0
1282,1,23,1643547,3*547849,0,0
1282,1,29,1643553,3*3*182617,0,0
1282,1,31,1643555,5*191*1721,0,0
1282,1,37,1643561,509*3229,0,1
1282,1,41,1643565,3*5*7*11*1423,0,0
1282,1,43,1643567,41*40087,0,1
1282,-1,3,1643521,11*149411,0,1
1282,-1,5,1643519,19*86501,0,1
1282,-1,7,1643517,3*3*3*29*2099,0,0
1282,-1,11,1643513,1643513,1,1
1282,-1,13,1643511,3*23*23819,0,0
1282,-1,17,1643507,127*12941,0,1
1282,-1,19,1643505,3*5*109567,0,0
1282,-1,23,1643501,1643501,1,1
1282,-1,29,1643495,5*7*46957,0,0
1282,-1,31,1643493,3*547831,0,0
1282,-1,37,1643487,3*263*2083,0,0
1282,-1,41,1643483,83*19801,0,1
1282,-1,43,1643481,3*3*7*19*1373,0,0
1284,1,3,1648659,3*549553,0,0
1284,1,5,1648661,7*235523,0,1
1284,1,7,1648663,23*43*1667,0,0
1284,1,11,1648667,719*2293,0,1
1284,1,13,1648669,11*67*2237,0,0
1284,1,17,1648673,13*31*4091,0,0
1284,1,19,1648675,5*5*7*9421,0,0
1284,1,23,1648679,29*139*409,0,0
1284,1,29,1648685,5*149*2213,0,0
1284,1,31,1648687,19*19*4567,0,0
1284,1,37,1648693,197*8369,0,1
1284,1,41,1648697,1648697,1,1
1284,1,43,1648699,13*126823,0,1
1284,-1,3,1648653,3*549551,0,0
1284,-1,5,1648651,41*79*509,0,0
1284,-1,7,1648649,19*86771,0,1
1284,-1,11,1648645,5*329729,0,0
1284,-1,13,1648643,17*96979,0,1
1284,-1,17,1648639,223*7393,0,1
1284,-1,19,1648637,59*27943,0,1
1284,-1,23,1648633,7*235519,0,1
1284,-1,29,1648627,281*5867,0,1
1284,-1,31,1648625,5*5*5*11*11*109,0,0
1284,-1,37,1648619,7*47*5011,0,0
1284,-1,41,1648615,5*329723,0,0
1284,-1,43,1648613,1648613,1,1
1286,1,3,1653799,7*7*33751,0,0
1286,1,5,1653801,3*167*3301,0,0
1286,1,7,1653803,71*23293,0,1
1286,1,11,1653807,3*551269,0,0
1286,1,13,1653809,307*5387,0,1
1286,1,17,1653813,3*3*7*26251,0,0
1286,1,19,1653815,5*23*73*197,0,0
1286,1,23,1653819,3*31*17783,0,0
1286,1,29,1653825,3*5*5*22051,0,0
1286,1,31,1653827,7*236261,0,1
1286,1,37,1653833,1033*1601,0,1
1286,1,41,1653837,3*541*1019,0,0
1286,1,43,1653839,11*251*599,0,0
1286,-1,3,1653793,419*3947,0,1
1286,-1,5,1653791,1653791,1,1
1286,-1,7,1653789,3*37*47*317,0,0
1286,-1,11,1653785,5*7*47251,0,0
1286,-1,13,1653783,3*29*19009,0,0
1286,-1,17,1653779,19*87041,0,1
1286,-1,19,1653777,3*3*3*3*17*1201,0,0
1286,-1,23,1653773,11*150343,0,1
1286,-1,29,1653767,1653767,1,1
1286,-1,31,1653765,3*5*110251,0,0
1286,-1,37,1653759,3*3*53*3467,0,0
1286,-1,41,1653755,5*113*2927,0,0
1286,-1,43,1653753,3*97*5683,0,0
1288,1,3,1658947,19*87313,0,1
1288,1,5,1658949,3*552983,0,0
1288,1,7,1658951,7*236993,0,1
1288,1,11,1658955,3*5*110597,0,0
1288,1,13,1658957,1658957,1,1
1288,1,17,1658961,3*3*3*3*3*6827,0,0
1288,1,19,1658963,1658963,1,1
1288,1,23,1658967,3*23*24043,0,0
1288,1,29,1658973,3*552991,0,0
1288,1,31,1658975,5*5*66359,0,0
1288,1,37,1658981,439*3779,0,1
1288,1,41,1658985,3*5*19*5821,0,0
1288,1,43,1658987,11*67*2251,0,0
1288,-1,3,1658941,1658941,1,1
1288,-1,5,1658939,359*4621,0,1
1288,-1,7,1658937,3*7*197*401,0,0
1288,-1,11,1658933,137*12109,0,1
1288,-1,13,1658931,3*607*911,0,0
1288,-1,17,1658927,1658927,1,1
1288,-1,19,1658925,3*3*5*5*73*101,0,0
1288,-1,23,1658921,11*23*79*83,0,0
1288,-1,29,1658915,5*71*4673,0,0
1288,-1,31,1658913,3*552971,0,0
1288,-1,37,1658907,3*3*3*61441,0,0
1288,-1,41,1658903,31*59*907,0,0
1288,-1,43,1658901,3*41*13487,0,0
1290,1,3,1664103,3*7*109*727,0,0
1290,1,5,1664105,5*241*1381,0,0
1290,1,7,1664107,29*57383,0,1
1290,1,11,1664111,31*53681,0,1
1290,1,13,1664113,11*11*17*809,0,0
1290,1,17,1664117,7*13*18287,0,0
1290,1,19,1664119,23*72353,0,1
1290,1,23,1664123,1664123,1,1
1290,1,29,1664129,47*35407,0,1
1290,1,31,1664131,7*237733,0,1
1290,1,37,1664137,227*7331,0,1
1290,1,41,1664141,61*27281,0,1
1290,1,43,1664143,13*13*43*229,0,0
1290,-1,3,1664097,3*554699,0,0
1290,-1,5,1664095,5*59*5641,0,0
1290,-1,7,1664093,131*12703,0,1
1290,-1,11,1664089,7*7*33961,0,0
1290,-1,13,1664087,173*9619,0,1
1290,-1,17,1664083,1664083,1,1
1290,-1,19,1664081,127*13103,0,1
1290,-1,23,1664077,19*87583,0,1
1290,-1,29,1664071,1664071,1,1
1290,-1,31,1664069,11*151279,0,1
1290,-1,37,1664063,1664063,1,1
1290,-1,41,1664059,197*8447,0,1
1290,-1,43,1664057,43*38699,0,1
1292,1,3,1669267,349*4783,0,1
1292,1,5,1669269,3*7*29*2741,0,0
1292,1,7,1669271,23*72577,0,1
1292,1,11,1669275,3*3*3*5*5*2473,0,0
1292,1,13,1669277,173*9649,0,1
1292,1,17,1669281,3*17*71*461,0,0
1292,1,19,1669283,7*7*11*19*163,0,0
1292,1,23,1669287,3*59*9431,0,0
1292,1,29,1669293,3*3*185477,0,0
1292,1,31,1669295,5*563*593,0,0
1292,1,37,1669301,1669301,1,1
1292,1,41,1669305,3*5*11*67*151,0,0
1292,1,43,1669307,107*15601,0,1
1292,-1,3,1669261,11*263*577,0,0
1292,-1,5,1669259,1669259,1,1
1292,-1,7,1669257,3*3*31*31*193,0,0
1292,-1,11,1669253,1669253,1,1
1292,-1,13,1669251,3*139*4003,0,0
1292,-1,17,1669247,17*149*659,0,0
1292,-1,19,1669245,3*5*19*5857,0,0
1292,-1,23,1669241,7*238463,0,1
1292,-1,29,1669235,5*53*6299,0,0
1292,-1,31,1669233,3*41*41*331,0,0
1292,-1,37,1669227,3*7*101*787,0,0
1292,-1,41,1669223,1669223,1,1
1292,-1,43,1669221,3*3*3*211*293,0,0
1294,1,3,1674439,13*151*853,0,0
1294,1,5,1674441,3*3*186049,0,0
1294,1,7,1674443,107*15649,0,1
1294,1,11,1674447,3*558149,0,0
1294,1,13,1674449,7*17*14071,0,0
1294,1,17,1674453,3*11*50741,0,0
1294,1,19,1674455,5*334891,0,0
1294,1,23,1674459,3*3*3*62017,0,0
1294,1,29,1674465,3*5*13*31*277,0,0
1294,1,31,1674467,173*9679,0,1
1294,1,37,1674473,1674473,1,1
1294,1,41,1674477,3*3*7*7*3797,0,0
1294,1,43,1674479,59*101*281,0,0
1294,-1,3,1674433,1674433,1,1
1294,-1,5,1674431,11*29*29*181,0,0
1294,-1,7,1674429,3*53*10531,0,0
1294,-1,11,1674425,5*5*66977,0,0
1294,-1,13,1674423,3*3*23*8089,0,0
1294,-1,17,1674419,937*1787,0,1
1294,-1,19,1674417,3*558139,0,0
1294,-1,23,1674413,13*19*6779,0,0
1294,-1,29,1674407,7*239201,0,1
1294,-1,31,1674405,3*3*3*5*79*157,0,0
1294,-1,37,1674399,3*41*13613,0,0
1294,-1,41,1674395,5*541*619,0,0
1294,-1,43,1674393,3*7*71*1123,0,0
1296,1,3,1679619,3*19*79*373,0,0
1296,1,5,1679621,23*103*709,0,0
1296,1,7,1679623,11*43*53*67,0,0
1296,1,11,1679627,1679627,1,1
1296,1,13,1679629,7*239947,0,1
1296,1,17,1679633,1679633,1,1
1296,1,19,1679635,5*61*5507,0,0
1296,1,23,1679639,13*47*2749,0,0
1296,1,29,1679645,5*11*30539,0,0
1296,1,31,1679647,41*71*577,0,0
1296,1,37,1679653,1679653,1,1
1296,1,41,1679657,7*19*73*173,0,0
1296,1,43,1679659,1679659,1,1
1296,-1,3,1679613,3*13*43067,0,0
1296,-1,5,1679611,31*54181,0,1
1296,-1,7,1679609,1679609,1,1
1296,-1,11,1679605,5*283*1187,0,0
1296,-1,13,1679603,1679603,1,1
1296,-1,17,1679599,1679599,1,1
1296,-1,19,1679597,307*5471,0,1
1296,-1,23,1679593,29*57917,0,1
1296,-1,29,1679587,7*13*18457,0,0
1296,-1,31,1679585,5*335917,0,0
1296,-1,37,1679579,11*107*1427,0,0
1296,-1,41,1679575,5*5*23*23*127,0,0
1296,-1,43,1679573,7*7*151*227,0,0
1298,1,3,1684807,271*6217,0,1
1298,1,5,1684809,3*3*7*47*569,0,0
1298,1,7,1684811,191*8821,0,1
1298,1,11,1684815,3*5*11*10211,0,0
1298,1,13,1684817,53*83*383,0,0
1298,1,17,1684821,3*561607,0,0
1298,1,19,1684823,7*233*1033,0,0
1298,1,23,1684827,3*3*3*62401,0,0
1298,1,29,1684833,3*79*7109,0,0
1298,1,31,1684835,5*211*1597,0,0
1298,1,37,1684841,373*4517,0,1
1298,1,41,1684845,3*3*5*37441,0,0
1298,1,43,1684847,173*9739,0,1
1298,-1,3,1684801,1684801,1,1
1298,-1,5,1684799,419*4021,0,1
1298,-1,7,1684797,3*561599,0,0
1298,-1,11,1684793,11*97*1579,0,0
1298,-1,13,1684791,3*3*131*1429,0,0
1298,-1,17,1684787,13*19*19*359,0,0
1298,-1,19,1684785,3*5*17*6607,0,0
1298,-1,23,1684781,7*101*2383,0,0
1298,-1,29,1684775,5*5*67391,0,0
1298,-1,31,1684773,3*3*3*23*2713,0,0
1298,-1,37,1684767,3*7*7*73*157,0,0
1298,-1,41,1684763,1684763,1,1
1298,-1,43,1684761,3*13*13*3323,0,0
1300,1,3,1690003,7*241429,0,1
1300,1,5,1690005,3*5*61*1847,0,0
1300,1,7,1690007,11*11*13967,0,0
1300,1,11,1690011,3*3*3*53*1181,0,0
1300,1,13,1690013,13*71*1831,0,0
1300,1,17,1690017,3*7*23*3499,0,0
1300,1,19,1690019,1690019,1,1
1300,1,23,1690023,3*73*7717,0,0
1300,1,29,1690029,3*3*11*43*397,0,0
1300,1,31,1690031,7*19*97*131,0,0
1300,1,37,1690037,173*9769,0,1
1300,1,41,1690041,3*613*919,0,0
1300,1,43,1690043,1690043,1,1
1300,-1,3,1689997,181*9337,0,1
1300,-1,5,1689995,5*337999,0,0
1300,-1,7,1689993,3*3*19*9883,0,0
1300,-1,11,1689989,7*127*1901,0,0
1300,-1,13,1689987,3*13*17*2549,0,0
1300,-1,17,1689983,251*6733,0,1
1300,-1,19,1689981,3*563327,0,0
1300,-1,23,1689977,277*6101,0,1
1300,-1,29,1689971,23*73477,0,1
1300,-1,31,1689969,3*239*2357,0,0
1300,-1,37,1689963,3*11*83*617,0,0
1300,-1,41,1689959,1091*1549,0,1
1300,-1,43,1689957,3*3*3*62591,0,0
1302,1,3,1695207,3*565069,0,0
1302,1,5,1695209,1695209,1,1
1302,1,7,1695211,7*242173,0,1
1302,1,11,1695215,5*23*14741,0,0
1302,1,13,1695217,167*10151,0,1
1302,1,17,1695221,11*154111,0,1
1302,1,19,1695223,17*99719,0,1
1302,1,23,1695227,41*173*239,0,0
1302,1,29,1695233,1695233,1,1
1302,1,31,1695235,5*31*10937,0,0
1302,1,37,1695241,877*1933,0,1
1302,1,41,1695245,5*339049,0,0
1302,1,43,1695247,59*59*487,0,0
1302,-1,3,1695201,3*107*5281,0,0
1302,-1,5,1695199,11*19*8111,0,0
1302,-1,7,1695197,7*242171,0,1
1302,-1,11,1695193,563*3011,0,1
1302,-1,13,1695191,1695191,1,1
1302,-1,17,1695187,13*130399,0,1
1302,-1,19,1695185,5*197*1721,0,0
1302,-1,23,1695181,479*3539,0,1
1302,-1,29,1695175,5*5*67807,0,0
1302,-1,31,1695173,31*149*367,0,0
1302,-1,37,1695167,67*25301,0,1
1302,-1,41,1695163,1695163,1,1
1302,-1,43,1695161,13*19*6863,0,0
1304,1,3,1700419,7*421*577,0,0
1304,1,5,1700421,3*83*6829,0,0
1304,1,7,1700423,1700423,1,1
1304,1,11,1700427,3*103*5503,0,0
1304,1,13,1700429,1049*1621,0,1
1304,1,17,1700433,3*3*3*3*7*2999,0,0
1304,1,19,1700435,5*11*43*719,0,0
1304,1,23,1700439,3*13*59*739,0,0
1304,1,29,1700445,3*5*113363,0,0
1304,1,31,1700447,7*7*34703,0,0
1304,1,37,1700453,727*2339,0,1
1304,1,41,1700457,3*11*227*227,0,0
1304,1,43,1700459,17*23*4349,0,0
1304,-1,3,1700413,11*11*13*23*47,0,0
1304,-1,5,1700411,151*11261,0,1
1304,-1,7,1700409,3*37*15319,0,0
1304,-1,11,1700405,5*7*19*2557,0,0
1304,-1,13,1700403,3*127*4463,0,0
1304,-1,17,1700399,53*32083,0,1
1304,-1,19,1700397,3*3*188933,0,0
1304,-1,23,1700393,41*67*619,0,0
1304,-1,29,1700387,13*139*941,0,0
1304,-1,31,1700385,3*5*113359,0,0
1304,-1,37,1700379,3*3*3*71*887,0,0
1304,-1,41,1700375,5*5*5*61*223,0,0
1304,-1,43,1700373,3*566791,0,0
1306,1,3,1705639,13*131203,0,1
1306,1,5,1705641,3*7*7*41*283,0,0
1306,1,7,1705643,331*5153,0,1
1306,1,11,1705647,3*568549,0,0
1306,1,13,1705649,11*19*8161,0,0
1306,1,17,1705653,3*3*189517,0,0
1306,1,19,1705655,5*7*48733,0,0
1306,1,23,1705659,3*509*1117,0,0
1306,1,29,1705665,3*5*13*8747,0,0
1306,1,31,1705667,1705667,1,1
1306,1,37,1705673,503*3391,0,1
1306,1,41,1705677,3*47*12097,0,0
1306,1,43,1705679,1705679,1,1
1306,-1,3,1705633,71*24023,0,1
1306,-1,5,1705631,59*28909,0,1
1306,-1,7,1705629,3*199*2857,0,0
1306,-1,11,1705625,5*5*5*5*2729,0,0
1306,-1,13,1705623,3*568541,0,0
1306,-1,17,1705619,67*25457,0,1
1306,-1,19,1705617,3*3*3*3*3*7019,0,0
1306,-1,23,1705613,7*13*18743,0,0
1306,-1,29,1705607,173*9859,0,1
1306,-1,31,1705605,3*5*11*10337,0,0
1306,-1,37,1705599,3*3*7*27073,0,0
1306,-1,41,1705595,5*43*7933,0,0
1306,-1,43,1705593,3*17*53*631,0,0
1308,1,3,1710867,3*61*9349,0,0
1308,1,5,1710869,1710869,1,1
1308,1,7,1710871,1710871,1,1
1308,1,11,1710875,5*5*5*13687,0,0
1308,1,13,1710877,7*244411,0,1
1308,1,17,1710881,1710881,1,1
1308,1,19,1710883,613*2791,0,1
1308,1,23,1710887,71*24097,0,1
1308,1,29,1710893,19*53*1699,0,0
1308,1,31,1710895,5*342179,0,0
1308,1,37,1710901,23*73*1019,0,0
1308,1,41,1710905,5*7*48883,0,0
1308,1,43,1710907,11*155537,0,1
1308,-1,3,1710861,3*383*1489,0,0
1308,-1,5,1710859,31*229*241,0,0
1308,-1,7,1710857,1710857,1,1
1308,-1,11,1710853,1710853,1,1
1308,-1,13,1710851,1710851,1,1
1308,-1,17,1710847,47*89*409,0,0
1308,-1,19,1710845,5*67*5107,0,0
1308,-1,23,1710841,11*43*3617,0,0
1308,-1,29,1710835,5*7*7*6983,0,0
1308,-1,31,1710833,1710833,1,1
1308,-1,37,1710827,293*5839,0,1
1308,-1,41,1710823,59*107*271,0,0
1308,-1,43,1710821,7*244403,0,1
1310,1,3,1716103,1716103,1,1
1310,1,5,1716105,3*5*114407,0,0
1310,1,7,1716107,1716107,1,1
1310,1,11,1716111,3*3*47*4057,0,0
1310,1,13,1716113,7*61*4019,0,0
1310,1,17,1716117,3*13*79*557,0,0
1310,1,19,1716119,757*2267,0,1
1310,1,23,1716123,3*572041,0,0
1310,1,29,1716129,3*3*31*6151,0,0
1310,1,31,1716131,113*15187,0,1
1310,1,37,1716137,19*41*2203,0,0
1310,1,41,1716141,3*7*71*1151,0,0
1310,1,43,1716143,11*11*13*1091,0,0
1310,-1,3,1716097,37*46381,0,1
1310,-1,5,1716095,5*343219,0,0
1310,-1,7,1716093,3*3*3*63559,0,0
1310,-1,11,1716089,1716089,1,1
1310,-1,13,1716087,3*43*53*251,0,0
1310,-1,17,1716083,103*16661,0,1
1310,-1,19,1716081,3*572027,0,0
1310,-1,23,1716077,11*156007,0,1
1310,-1,29,1716071,7*67*3659,0,0
1310,-1,31,1716069,3*572023,0,0
1310,-1,37,1716063,3*211*2711,0,0
1310,-1,41,1716059,1716059,1,1
1310,-1,43,1716057,3*3*7*27239,0,0
1312,1,3,1721347,1721347,1,1
1312,1,5,1721349,3*3*7*89*307,0,0
1312,1,7,1721351,37*46523,0,1
1312,1,11,1721355,3*5*114757,0,0
1312,1,13,1721357,11*156487,0,1
1312,1,17,1721361,3*573787,0,0
1312,1,19,1721363,7*245909,0,1
1312,1,23,1721367,3*3*193*991,0,0
1312,1,29,1721373,3*573791,0,0
1312,1,31,1721375,5*5*5*47*293,0,0
1312,1,37,1721381,19*90599,0,1
1312,1,41,1721385,3*3*3*5*41*311,0,0
1312,1,43,1721387,53*32479,0,1
1312,-1,3,1721341,227*7583,0,1
1312,-1,5,1721339,1721339,1,1
1312,-1,7,1721337,3*31*83*223,0,0
1312,-1,11,1721333,43*40031,0,1
1312,-1,13,1721331,3*3*3*3*79*269,0,0
1312,-1,17,1721327,1721327,1,1
1312,-1,19,1721325,3*5*5*59*389,0,0
1312,-1,23,1721321,7*7*35129,0,0
1312,-1,29,1721315,5*344263,0,0
1312,-1,31,1721313,3*3*11*17387,0,0
1312,-1,37,1721307,3*7*81967,0,0
1312,-1,41,1721303,41*41983,0,1
1312,-1,43,1721301,3*17*33751,0,0
1314,1,3,1726599,3*7*82219,0,0
1314,1,5,1726601,1726601,1,1
1314,1,7,1726603,1726603,1,1
1314,1,11,1726607,31*55697,0,1
1314,1,13,1726609,1726609,1,1
1314,1,17,1726613,7*7*167*211,0,0
1314,1,19,1726615,5*11*31393,0,0
1314,1,23,1726619,811*2129,0,1
1314,1,29,1726625,5*5*5*19*727,0,0
1314,1,31,1726627,7*246661,0,1
1314,1,37,1726633,23*41*1831,0,0
1314,1,41,1726637,11*156967,0,1
1314,1,43,1726639,17*47*2161,0,0
1314,-1,3,1726593,3*11*52321,0,0
1314,-1,5,1726591,1726591,1,1
1314,-1,7,1726589,103*16763,0,1
1314,-1,11,1726585,5*7*49331,0,0
1314,-1,13,1726583,283*6101,0,1
1314,-1,17,1726579,43*40153,0,1
1314,-1,19,1726577,1726577,1,1
1314,-1,23,1726573,29*29*2053,0,0
1314,-1,29,1726567,1726567,1,1
1314,-1,31,1726565,5*127*2719,0,0
1314,-1,37,1726559,181*9539,0,1
1314,-1,41,1726555,5*345311,0,0
1314,-1,43,1726553,397*4349,0,1
1316,1,3,1731859,37*46807,0,1
1316,1,5,1731861,3*3*3*3*3*7127,0,0
1316,1,7,1731863,7*247409,0,1
1316,1,11,1731867,3*157*3677,0,0
1316,1,13,1731869,19*91151,0,1
1316,1,17,1731873,3*11*11*13*367,0,0
1316,1,19,1731875,5*5*5*5*17*163,0,0
1316,1,23,1731879,3*3*192431,0,0
1316,1,29,1731885,3*5*115459,0,0
1316,1,31,1731887,1731887,1,1
1316,1,37,1731893,1731893,1,1
1316,1,41,1731897,3*3*199*967,0,0
1316,1,43,1731899,13*127*1049,0,0
1316,-1,3,1731853,1731853,1,1
1316,-1,5,1731851,11*29*61*89,0,0
1316,-1,7,1731849,3*7*82469,0,0
1316,-1,11,1731845,5*346369,0,0
1316,-1,13,1731843,3*3*337*571,0,0
1316,-1,17,1731839,373*4643,0,1
1316,-1,19,1731837,3*577279,0,0
1316,-1,23,1731833,1187*1459,0,1
1316,-1,29,1731827,59*149*197,0,0
1316,-1,31,1731825,3*3*5*5*43*179,0,0
1316,-1,37,1731819,3*151*3823,0,0
1316,-1,41,1731815,5*31*11173,0,0
1316,-1,43,1731813,3*577271,0,0
1318,1,3,1737127,7*248161,0,1
1318,1,5,1737129,3*29*41*487,0,0
1318,1,7,1737131,11*79*1999,0,0
1318,1,11,1737135,3*3*5*38603,0,0
1318,1,13,1737137,59*29443,0,1
1318,1,17,1737141,3*7*82721,0,0
1318,1,19,1737143,631*2753,0,1
1318,1,23,1737147,3*31*18679,0,0
1318,1,29,1737153,3*3*3*11*5849,0,0
1318,1,31,1737155,5*7*49633,0,0
1318,1,37,1737161,1737161,1,1
1318,1,41,1737165,3*5*115811,0,0
1318,1,43,1737167,23*47*1607,0,0
1318,-1,3,1737121,23*75527,0,1
1318,-1,5,1737119,971*1789,0,1
1318,-1,7,1737117,3*3*193013,0,0
1318,-1,11,1737113,7*19*37*353,0,0
1318,-1,13,1737111,3*17*34061,0,0
1318,-1,17,1737107,83*20929,0,1
1318,-1,19,1737105,3*5*115807,0,0
1318,-1,23,1737101,1737101,1,1
1318,-1,29,1737095,5*103*3373,0,0
1318,-1,31,1737093,3*173*3347,0,0
1318,-1,37,1737087,3*11*52639,0,0
1318,-1,41,1737083,139*12497,0,1
1318,-1,43,1737081,3*3*193009,0,0
1320,1,3,1742403,3*13*43*1039,0,0
1320,1,5,1742405,5*7*49783,0,0
1320,1,7,1742407,29*60083,0,1
1320,1,11,1742411,11*23*71*97,0,0
1320,1,13,1742413,1742413,1,1
1320,1,17,1742417,31*56207,0,1
1320,1,19,1742419,7*83*2999,0,0
1320,1,23,1742423,1742423,1,1
1320,1,29,1742429,13*134033,0,1
1320,1,31,1742431,47*131*283,0,0
1320,1,37,1742437,73*23869,0,1
1320,1,41,1742441,37*47093,0,1
1320,1,43,1742443,1742443,1,1
1320,-1,3,1742397,3*673*863,0,0
1320,-1,5,1742395,5*19*18341,0,0
1320,-1,7,1742393,1742393,1,1
1320,-1,11,1742389,11*151*1049,0,0
1320,-1,13,1742387,1742387,1,1
1320,-1,17,1742383,1742383,1,1
1320,-1,19,1742381,17*17*6029,0,0
1320,-1,23,1742377,7*13*41*467,0,0
1320,-1,29,1742371,647*2693,0,1
1320,-1,31,1742369,1742369,1,1
1320,-1,37,1742363,7*248909,0,1
1320,-1,41,1742359,1742359,1,1
1320,-1,43,1742357,19*91703,0,1
1322,1,3,1747687,31*56377,0,1
1322,1,5,1747689,3*582563,0,0
1322,1,7,1747691,11*158881,0,1
1322,1,11,1747695,3*5*37*47*67,0,0
1322,1,13,1747697,7*249671,0,1
1322,1,17,1747701,3*3*23*8443,0,0
1322,1,19,1747703,353*4951,0,1
1322,1,23,1747707,3*13*41*1093,0,0
1322,1,29,1747713,3*11*211*251,0,0
1322,1,31,1747715,5*19*18397,0,0
1322,1,37,1747721,1747721,1,1
1322,1,41,1747725,3*5*5*7*3329,0,0
1322,1,43,1747727,1747727,1,1
1322,-1,3,1747681,13*134437,0,1
1322,-1,5,1747679,271*6449,0,1
1322,-1,7,1747677,3*19*30661,0,0
1322,-1,11,1747673,227*7699,0,1
1322,-1,13,1747671,3*131*4447,0,0
1322,-1,17,1747667,1223*1429,0,1
1322,-1,19,1747665,3*3*5*71*547,0,0
1322,-1,23,1747661,1747661,1,1
1322,-1,29,1747655,5*7*13*23*167,0,0
1322,-1,31,1747653,3*582551,0,0
1322,-1,37,1747647,3*3*11*127*139,0,0
1322,-1,41,1747643,1747643,1,1
1322,-1,43,1747641,3*7*83221,0,0
1324,1,3,1752979,1752979,1,1
1324,1,5,1752981,3*43*107*127,0,0
1324,1,7,1752983,1752983,1,1
1324,1,11,1752987,3*499*1171,0,0
1324,1,13,1752989,7*17*14731,0,0
1324,1,17,1752993,3*3*11*17707,0,0
1324,1,19,1752995,5*229*1531,0,0
1324,1,23,1752999,3*167*3499,0,0
1324,1,29,1753005,3*5*116867,0,0
1324,1,31,1753007,1753007,1,1
1324,1,37,1753013,1753013,1,1
1324,1,41,1753017,3*7*83477,0,0
1324,1,43,1753019,31*193*293,0,0
1324,-1,3,1752973,1151*1523,0,1
1324,-1,5,1752971,11*159361,0,1
1324,-1,7,1752969,3*113*5171,0,0
1324,-1,11,1752965,5*350593,0,0
1324,-1,13,1752963,3*29*20149,0,0
1324,-1,17,1752959,13*19*47*151,0,0
1324,-1,19,1752957,3*3*31*61*103,0,0
1324,-1,23,1752953,1752953,1,1
1324,-1,29,1752947,7*179*1399,0,0
1324,-1,31,1752945,3*5*23*5081,0,0
1324,-1,37,1752939,3*3*194771,0,0
1324,-1,41,1752935,5*350587,0,0
1324,-1,43,1752933,3*7*13*6421,0,0
1326,1,3,1758279,3*19*109*283,0,0
1326,1,5,1758281,7*23*67*163,0,0
1326,1,7,1758283,1758283,1,1
1326,1,11,1758287,1758287,1,1
1326,1,13,1758289,13*31*4363,0,0
1326,1,17,1758293,17*293*353,0,0
1326,1,19,1758295,5*7*11*4567,0,0
1326,1,23,1758299,29*60631,0,1
1326,1,29,1758305,5*351661,0,0
1326,1,31,1758307,1758307,1,1
1326,1,37,1758313,43*103*397,0,0
1326,1,41,1758317,11*19*47*179,0,0
1326,1,43,1758319,97*18127,0,1
1326,-1,3,1758273,3*11*53281,0,0
1326,-1,5,1758271,491*3581,0,1
1326,-1,7,1758269,1758269,1,1
1326,-1,11,1758265,5*351653,0,0
1326,-1,13,1758263,13*211*641,0,0
1326,-1,17,1758259,17*59*1753,0,0
1326,-1,19,1758257,1758257,1,1
1326,-1,23,1758253,7*251179,0,1
1326,-1,29,1758247,1758247,1,1
1326,-1,31,1758245,5*593*593,0,0
1326,-1,37,1758239,7*251177,0,1
1326,-1,41,1758235,5*23*15289,0,0
1326,-1,43,1758233,1758233,1,1
1328,1,3,1763587,7*251941,0,1
1328,1,5,1763589,3*587863,0,0
1328,1,7,1763591,113*15607,0,1
1328,1,11,1763595,3*3*5*39191,0,0
1328,1,13,1763597,11*17*9431,0,0
1328,1,17,1763601,3*7*137*613,0,0
1328,1,19,1763603,1763603,1,1
1328,1,23,1763607,3*73*8053,0,0
1328,1,29,1763613,3*3*3*3*21773,0,0
1328,1,31,1763615,5*7*41*1229,0,0
1328,1,37,1763621,31*56891,0,1
1328,1,41,1763625,3*5*5*5*4703,0,0
1328,1,43,1763627,1763627,1,1
1328,-1,3,1763581,47*157*239,0,0
1328,-1,5,1763579,1763579,1,1
1328,-1,7,1763577,3*3*29*29*233,0,0
1328,-1,11,1763573,7*251939,0,1
1328,-1,13,1763571,3*23*61*419,0,0
1328,-1,17,1763567,13*293*463,0,0
1328,-1,19,1763565,3*5*117571,0,0
1328,-1,23,1763561,19*101*919,0,0
1328,-1,29,1763555,5*352711,0,0
1328,-1,31,1763553,3*11*53441,0,0
1328,-1,37,1763547,3*587849,0,0
1328,-1,41,1763543,1763543,1,1
1328,-1,43,1763541,3*3*13*15073,0,0
1330,1,3,1768903,1768903,1,1
1330,1,5,1768905,3*3*3*5*13103,0,0
1330,1,7,1768907,7*23*10987,0,0
1330,1,11,1768911,3*199*2963,0,0
1330,1,13,1768913,29*181*337,0,0
1330,1,17,1768917,3*589639,0,0
1330,1,19,1768919,19*157*593,0,0
1330,1,23,1768923,3*3*13*13*1163,0,0
1330,1,29,1768929,3*589643,0,0
1330,1,31,1768931,257*6883,0,1
1330,1,37,1768937,1768937,1,1
1330,1,41,1768941,3*3*196549,0,0
1330,1,43,1768943,11*160813,0,1
1330,-1,3,1768897,13*136069,0,1
1330,-1,5,1768895,5*281*1259,0,0
1330,-1,7,1768893,3*7*131*643,0,0
1330,-1,11,1768889,79*22391,0,1
1330,-1,13,1768887,3*3*196543,0,0
1330,-1,17,1768883,353*5011,0,1
1330,-1,19,1768881,3*19*31033,0,0
1330,-1,23,1768877,11*160807,0,1
1330,-1,29,1768871,13*136067,0,1
1330,-1,31,1768869,3*3*196541,0,0
1330,-1,37,1768863,3*41*73*197,0,0
1330,-1,41,1768859,37*47807,0,1
1330,-1,43,1768857,3*461*1279,0,0
1332,1,3,1774227,3*7*13*67*97,0,0
1332,1,5,1774229,389*4561,0,1
1332,1,7,1774231,701*2531,0,1
1332,1,11,1774235,5*354847,0,0
1332,1,13,1774237,271*6547,0,1
1332,1,17,1774241,7*7*36209,0,0
1332,1,19,1774243,23*77141,0,1
1332,1,23,1774247,1774247,1,1
1332,1,29,1774253,13*136481,0,1
1332,1,31,1774255,5*7*163*311,0,0
1332,1,37,1774261,37*79*607,0,0
1332,1,41,1774265,5*73*4861,0,0
1332,1,43,1774267,11*101*1597,0,0
1332,-1,3,1774221,3*591407,0,0
1332,-1,5,1774219,71*24989,0,1
1332,-1,7,1774217,1774217,1,1
1332,-1,11,1774213,7*113*2243,0,0
1332,-1,13,1774211,347*5113,0,1
1332,-1,17,1774207,1774207,1,1
1332,-1,19,1774205,5*17*20873,0,0
1332,-1,23,1774201,11*13*19*653,0,0
1332,-1,29,1774195,5*354839,0,0
1332,-1,31,1774193,41*109*397,0,0
1332,-1,37,1774187,37*47951,0,1
1332,-1,41,1774183,1774183,1,1
1332,-1,43,1774181,821*2161,0,1
1334,1,3,1779559,19*229*409,0,0
1334,1,5,1779561,3*3*7*47*601,0,0
1334,1,7,1779563,359*4957,0,1
1334,1,11,1779567,3*421*1409,0,0
1334,1,13,1779569,11*161779,0,1
1334,1,17,1779573,3*281*2111,0,0
1334,1,19,1779575,5*5*7*10169,0,0
1334,1,23,1779579,3*3*23*8597,0,0
1334,1,29,1779585,3*5*29*4091,0,0
1334,1,31,1779587,67*26561,0,1
1334,1,37,1779593,593*3001,0,1
1334,1,41,1779597,3*3*3*19*3469,0,0
1334,1,43,1779599,431*4129,0,1
1334,-1,3,1779553,61*29173,0,1
1334,-1,5,1779551,349*5099,0,1
1334,-1,7,1779549,3*593183,0,0
1334,-1,11,1779545,5*355909,0,0
1334,-1,13,1779543,3*3*3*17*3877,0,0
1334,-1,17,1779539,613*2903,0,1
1334,-1,19,1779537,3*593179,0,0
1334,-1,23,1779533,7*7*23*1579,0,0
1334,-1,29,1779527,29*61363,0,1
1334,-1,31,1779525,3*3*5*5*11*719,0,0
1334,-1,37,1779519,3*7*101*839,0,0
1334,-1,41,1779515,5*37*9619,0,0
1334,-1,43,1779513,3*593171,0,0
1336,1,3,1784899,139*12841,0,1
1336,1,5,1784901,3*227*2621,0,0
1336,1,7,1784903,1784903,1,1
1336,1,11,1784907,3*3*198323,0,0
1336,1,13,1784909,7*254987,0,1
1336,1,17,1784913,3*13*45767,0,0
1336,1,19,1784915,5*11*17*23*83,0,0
1336,1,23,1784919,3*47*12659,0,0
1336,1,29,1784925,3*3*5*5*7933,0,0
1336,1,31,1784927,59*30253,0,1
1336,1,37,1784933,157*11369,0,1
1336,1,41,1784937,3*7*11*7727,0,0
1336,1,43,1784939,13*137303,0,1
1336,-1,3,1784893,11*162263,0,1
1336,-1,5,1784891,1784891,1,1
1336,-1,7,1784889,3*3*3*66107,0,0
1336,-1,11,1784885,5*356977,0,0
1336,-1,13,1784883,3*594961,0,0
1336,-1,17,1784879,19*93941,0,1
1336,-1,19,1784877,3*594959,0,0
1336,-1,23,1784873,1784873,1,1
1336,-1,29,1784867,7*107*2383,0,0
1336,-1,31,1784865,3*5*257*463,0,0
1336,-1,37,1784859,3*594953,0,0
1336,-1,41,1784855,5*487*733,0,0
1336,-1,43,1784853,3*3*7*41*691,0,0
1338,1,3,1790247,3*596749,0,0
1338,1,5,1790249,647*2767,0,1
1338,1,7,1790251,23*277*281,0,0
1338,1,11,1790255,5*358051,0,0
1338,1,13,1790257,7*29*8819,0,0
1338,1,17,1790261,11*162751,0,1
1338,1,19,1790263,1790263,1,1
1338,1,23,1790267,593*3019,0,1
1338,1,29,1790273,857*2089,0,1
1338,1,31,1790275,5*5*19*3769,0,0
1338,1,37,1790281,31*57751,0,1
1338,1,41,1790285,5*7*51151,0,0
1338,1,43,1790287,17*53*1987,0,0
1338,-1,3,1790241,3*263*2269,0,0
1338,-1,5,1790239,11*162749,0,1
1338,-1,7,1790237,19*59*1597,0,0
1338,-1,11,1790233,1790233,1,1
1338,-1,13,1790231,1790231,1,1
1338,-1,17,1790227,83*21569,0,1
1338,-1,19,1790225,5*5*101*709,0,0
1338,-1,23,1790221,1790221,1,1
1338,-1,29,1790215,5*7*7*7307,0,0
1338,-1,31,1790213,1790213,1,1
1338,-1,37,1790207,1217*1471,0,1
1338,-1,41,1790203,1790203,1,1
1338,-1,43,1790201,7*255743,0,1
1340,1,3,1795603,1795603,1,1
1340,1,5,1795605,3*5*7*7*7*349,0,0
1340,1,7,1795607,11*239*683,0,0
1340,1,11,1795611,3*598537,0,0
1340,1,13,1795613,31*57923,0,1
1340,1,17,1795617,3*3*131*1523,0,0
1340,1,19,1795619,7*256517,0,1
1340,1,23,1795623,3*598541,0,0
1340,1,29,1795629,3*11*54413,0,0
1340,1,31,1795631,397*4523,0,1
1340,1,37,1795637,43*41759,0,1
1340,1,41,1795641,3*751*797,0,0
1340,1,43,1795643,307*5849,0,1
1340,-1,3,1795597,997*1801,0,1
1340,-1,5,1795595,5*19*41*461,0,0
1340,-1,7,1795593,3*29*20639,0,0
1340,-1,11,1795589,229*7841,0,1
1340,-1,13,1795587,3*23*53*491,0,0
1340,-1,17,1795583,1795583,1,1
1340,-1,19,1795581,3*3*3*73*911,0,0
1340,-1,23,1795577,7*199*1289,0,0
1340,-1,29,1795571,1795571,1,1
1340,-1,31,1795569,3*487*1229,0,0
1340,-1,37,1795563,3*3*7*11*2591,0,0
1340,-1,41,1795559,1795559,1,1
1340,-1,43,1795557,3*17*17*19*109,0,0
1342,1,3,1800967,7*257281,0,1
1342,1,5,1800969,3*23*43*607,0,0
1342,1,7,1800971,331*5441,0,1
1342,1,11,1800975,3*5*5*11*37*59,0,0
1342,1,13,1800977,151*11927,0,1
1342,1,17,1800981,3*3*3*7*13*733,0,0
1342,1,19,1800983,73*24671,0,1
1342,1,23,1800987,3*29*127*163,0,0
1342,1,29,1800993,3*47*53*241,0,0
1342,1,31,1800995,5*7*7*7351,0,0
1342,1,37,1801001,311*5791,0,1
1342,1,41,1801005,3*5*120067,0,0
1342,1,43,1801007,13*31*41*109,0,0
1342,-1,3,1800961,1800961,1,1
1342,-1,5,1800959,1800959,1,1
1342,-1,7,1800957,3*600319,0,0
1342,-1,11,1800953,7*11*19*1231,0,0
1342,-1,13,1800951,3*600317,0,0
1342,-1,17,1800947,157*11471,0,1
1342,-1,19,1800945,3*3*5*31*1291,0,0
1342,-1,23,1800941,593*3037,0,1
1342,-1,29,1800935,5*360187,0,0
1342,-1,31,1800933,3*600311,0,0
1342,-1,37,1800927,3*3*3*66701,0,0
1342,-1,41,1800923,23*78301,0,1
1342,-1,43,1800921,3*600307,0,0
1344,1,3,1806339,3*31*19423,0,0
1344,1,5,1806341,1806341,1,1
1344,1,7,1806343,7*11*23459,0,0
1344,1,11,1806347,1806347,1,1
1344,1,13,1806349,19*95071,0,1
1344,1,17,1806353,1806353,1,1
1344,1,19,1806355,5*361271,0,0
1344,1,23,1806359,131*13789,0,1
1344,1,29,1806365,5*11*32843,0,0
1344,1,31,1806367,839*2153,0,1
1344,1,37,1806373,1806373,1,1
1344,1,41,1806377,37*48821,0,1
1344,1,43,1806379,1806379,1,1
1344,-1,3,1806333,3*602111,0,0
1344,-1,5,1806331,1806331,1,1
1344,-1,7,1806329,7*83*3109,0,0
1344,-1,11,1806325,5*5*72253,0,0
1344,-1,13,1806323,29*199*313,0,0
1344,-1,17,1806319,659*2741,0,1
1344,-1,19,1806317,277*6521,0,1
1344,-1,23,1806313,1806313,1,1
1344,-1,29,1806307,521*3467,0,1
1344,-1,31,1806305,5*23*113*139,0,0
1344,-1,37,1806299,11*164209,0,1
1344,-1,41,1806295,5*241*1499,0,0
1344,-1,43,1806293,53*173*197,0,0
1346,1,3,1811719,7*13*43*463,0,0
1346,1,5,1811721,3*603907,0,0
1346,1,7,1811723,1811723,1,1
1346,1,11,1811727,3*3*3*3*22367,0,0
1346,1,13,1811729,113*16033,0,1
1346,1,17,1811733,3*7*11*11*23*31,0,0
1346,1,19,1811735,5*362347,0,0
1346,1,23,1811739,3*603913,0,0
1346,1,29,1811745,3*3*5*13*19*163,0,0
1346,1,31,1811747,7*67*3863,0,0
1346,1,37,1811753,439*4127,0,1
1346,1,41,1811757,3*603919,0,0
1346,1,43,1811759,1811759,1,1
1346,-1,3,1811713,59*30707,0,1
1346,-1,5,1811711,11*164701,0,1
1346,-1,7,1811709,3*3*47*4283,0,0
1346,-1,11,1811705,5*7*37*1399,0,0
1346,-1,13,1811703,3*603901,0,0
1346,-1,17,1811699,53*34183,0,1
1346,-1,19,1811697,3*603899,0,0
1346,-1,23,1811693,13*139361,0,1
1346,-1,29,1811687,23*227*347,0,0
1346,-1,31,1811685,3*5*120779,0,0
1346,-1,37,1811679,3*603893,0,0
1346,-1,41,1811675,5*5*72467,0,0
1346,-1,43,1811673,3*3*3*17*3947,0,0
1348,1,3,1817107,37*67*733,0,0
1348,1,5,1817109,3*3*7*28843,0,0
1348,1,7,1817111,29*62659,0,1
1348,1,11,1817115,3*5*23*23*229,0,0
1348,1,13,1817117,239*7603,0,1
1348,1,17,1817121,3*605707,0,0
1348,1,19,1817123,7*11*23599,0,0
1348,1,23,1817127,3*3*3*13*31*167,0,0
1348,1,29,1817133,3*307*1973,0,0
1348,1,31,1817135,5*227*1601,0,0
1348,1,37,1817141,19*59*1621,0,0
1348,1,41,1817145,3*3*5*11*3671,0,0
1348,1,43,1817147,17*139*769,0,0
1348,-1,3,1817101,11*13*97*131,0,0
1348,-1,5,1817099,1817099,1,1
1348,-1,7,1817097,3*467*1297,0,0
1348,-1,11,1817093,1817093,1,1
1348,-1,13,1817091,3*3*101*1999,0,0
1348,-1,17,1817087,1817087,1,1
1348,-1,19,1817085,3*5*121139,0,0
1348,-1,23,1817081,7*259583,0,1
1348,-1,29,1817075,5*5*13*5591,0,0
1348,-1,31,1817073,3*3*3*3*22433,0,0
1348,-1,37,1817067,3*7*7*47*263,0,0
1348,-1,41,1817063,1817063,1,1
1348,-1,43,1817061,3*605687,0,0
1350,1,3,1822503,3*163*3727,0,0
1350,1,5,1822505,5*29*12569,0,0
1350,1,7,1822507,569*3203,0,1
1350,1,11,1822511,53*137*251,0,0
1350,1,13,1822513,7*11*23669,0,0
1350,1,17,1822517,1822517,1,1
1350,1,19,1822519,17*47*2281,0,0
1350,1,23,1822523,653*2791,0,1
1350,1,29,1822529,1822529,1,1
1350,1,31,1822531,107*17033,0,1
1350,1,37,1822537,19*95923,0,1
1350,1,41,1822541,7*260363,0,1
1350,1,43,1822543,23*79241,0,1
1350,-1,3,1822497,3*23*61*433,0,0
1350,-1,5,1822495,5*364499,0,0
1350,-1,7,1822493,1822493,1,1
1350,-1,11,1822489,181*10069,0,1
1350,-1,13,1822487,1822487,1,1
1350,-1,17,1822483,13*140191,0,1
1350,-1,19,1822481,1822481,1,1
1350,-1,23,1822477,1822477,1,1
1350,-1,29,1822471,7*167*1559,0,0
1350,-1,31,1822469,11*43*3853,0,0
1350,-1,37,1822463,1822463,1,1
1350,-1,41,1822459,31*58789,0,1
1350,-1,43,1822457,7*7*13*2861,0,0
1352,1,3,1827907,619*2953,0,1
1352,1,5,1827909,3*3*83*2447,0,0
1352,1,7,1827911,37*127*389,0,0
1352,1,11,1827915,3*5*31*3931,0,0
1352,1,13,1827917,7*13*53*379,0,0
1352,1,17,1827921,3*609307,0,0
1352,1,19,1827923,277*6599,0,1
1352,1,23,1827927,3*3*3*3*22567,0,0
1352,1,29,1827933,3*19*32069,0,0
1352,1,31,1827935,5*365587,0,0
1352,1,37,1827941,103*17747,0,1
1352,1,41,1827945,3*3*5*7*7*829,0,0
1352,1,43,1827947,11*11*15107,0,0
1352,-1,3,1827901,1827901,1,1
1352,-1,5,1827899,29*63031,0,1
1352,-1,7,1827897,3*283*2153,0,0
1352,-1,11,1827893,211*8663,0,1
1352,-1,13,1827891,3*3*13*17*919,0,0
1352,-1,17,1827887,43*42509,0,1
1352,-1,19,1827885,3*5*233*523,0,0
1352,-1,23,1827881,11*107*1553,0,0
1352,-1,29,1827875,5*5*5*7*2089,0,0
1352,-1,31,1827873,3*3*3*67699,0,0
1352,-1,37,1827867,3*609289,0,0
1352,-1,41,1827863,1827863,1,1
1352,-1,43,1827861,3*7*87041,0,0
1354,1,3,1833319,1833319,1,1
1354,1,5,1833321,3*7*67*1303,0,0
1354,1,7,1833323,53*34591,0,1
1354,1,11,1833327,3*3*3*67901,0,0
1354,1,13,1833329,19*47*2053,0,0
1354,1,17,1833333,3*611111,0,0
1354,1,19,1833335,5*7*7*7*1069,0,0
1354,1,23,1833339,3*611113,0,0
1354,1,29,1833345,3*3*5*131*311,0,0
1354,1,31,1833347,1833347,1,1
1354,1,37,1833353,23*79*1009,0,0
1354,1,41,1833357,3*389*1571,0,0
1354,1,43,1833359,11*166669,0,1
1354,-1,3,1833313,37*49549,0,1
1354,-1,5,1833311,89*20599,0,1
1354,-1,7,1833309,3*3*31*6571,0,0
1354,-1,11,1833305,5*43*8527,0,0
1354,-1,13,1833303,3*611101,0,0
1354,-1,17,1833299,13*141023,0,1
1354,-1,19,1833297,3*17*103*349,0,0
1354,-1,23,1833293,7*11*29*821,0,0
1354,-1,29,1833287,241*7607,0,1
1354,-1,31,1833285,3*5*122219,0,0
1354,-1,37,1833279,3*7*87299,0,0
1354,-1,41,1833275,5*5*73331,0,0
1354,-1,43,1833273,3*3*3*3*13*1741,0,0
1356,1,3,1838739,3*7*87559,0,0
1356,1,5,1838741,1838741,1,1
1356,1,7,1838743,1838743,1,1
1356,1,11,1838747,1838747,1,1
1356,1,13,1838749,11*167159,0,1
1356,1,17,1838753,7*347*757,0,0
1356,1,19,1838755,5*367751,0,0
1356,1,23,1838759,13*141443,0,1
1356,1,29,1838765,5*31*11863,0,0
1356,1,31,1838767,7*262681,0,1
1356,1,37,1838773,1838773,1,1
1356,1,41,1838777,353*5209,0,1
1356,1,43,1838779,181*10159,0,1
1356,-1,3,1838733,3*13*47147,0,0
1356,-1,5,1838731,1201*1531,0,1
1356,-1,7,1838729,53*34693,0,1
1356,-1,11,1838725,5*5*7*7*19*79,0,0
1356,-1,13,1838723,43*61*701,0,0
1356,-1,17,1838719,1838719,1,1
1356,-1,19,1838717,1838717,1,1
1356,-1,23,1838713,1061*1733,0,1
1356,-1,29,1838707,13*141439,0,1
1356,-1,31,1838705,5*11*101*331,0,0
1356,-1,37,1838699,83*22153,0,1
1356,-1,41,1838695,5*367739,0,0
1356,-1,43,1838693,1838693,1,1
1358,1,3,1844167,13*127*1117,0,0
1358,1,5,1844169,3*89*6907,0,0
1358,1,7,1844171,7*109*2417,0,0
1358,1,11,1844175,3*5*5*67*367,0,0
1358,1,13,1844177,17*83*1307,0,0
1358,1,17,1844181,3*3*3*167*409,0,0
1358,1,19,1844183,11*359*467,0,0
1358,1,23,1844187,3*614729,0,0
1358,1,29,1844193,3*13*47287,0,0
1358,1,31,1844195,5*233*1583,0,0
1358,1,37,1844201,1844201,1,1
1358,1,41,1844205,3*5*11*11177,0,0
1358,1,43,1844207,1844207,1,1
1358,-1,3,1844161,11*11*15241,0,0
1358,-1,5,1844159,19*31*31*101,0,0
1358,-1,7,1844157,3*7*137*641,0,0
1358,-1,11,1844153,1844153,1,1
1358,-1,13,1844151,3*614717,0,0
1358,-1,17,1844147,433*4259,0,1
1358,-1,19,1844145,3*3*5*107*383,0,0
1358,-1,23,1844141,13*43*3299,0,0
1358,-1,29,1844135,5*53*6959,0,0
1358,-1,31,1844133,3*199*3089,0,0
1358,-1,37,1844127,3*3*3*3*3*7589,0,0
1358,-1,41,1844123,1844123,1,1
1358,-1,43,1844121,3*19*32353,0,0
1360,1,3,1849603,7*7*37747,0,0
1360,1,5,1849605,3*5*123307,0,0
1360,1,7,1849607,179*10333,0,1
1360,1,11,1849611,3*616537,0,0
1360,1,13,1849613,101*18313,0,1
1360,1,17,1849617,3*3*7*11*17*157,0,0
1360,1,19,1849619,251*7369,0,1
1360,1,23,1849623,3*397*1553,0,0
1360,1,29,1849629,3*257*2399,0,0
1360,1,31,1849631,7*19*13907,0,0
1360,1,37,1849637,23*137*587,0,0
1360,1,41,1849641,3*616547,0,0
1360,1,43,1849643,1849643,1,1
1360,-1,3,1849597,491*3767,0,1
1360,-1,5,1849595,5*11*33629,0,0
1360,-1,7,1849593,3*19*37*877,0,0
1360,-1,11,1849589,7*131*2017,0,0
1360,-1,13,1849587,3*616529,0,0
1360,-1,17,1849583,17*108799,0,1
1360,-1,19,1849581,3*3*3*61*1123,0,0
1360,-1,23,1849577,1849577,1,1
1360,-1,29,1849571,103*17957,0,1
1360,-1,31,1849569,3*616523,0,0
1360,-1,37,1849563,3*3*205507,0,0
1360,-1,41,1849559,43*43013,0,1
1360,-1,43,1849557,3*616519,0,0
1362,1,3,1855047,3*618349,0,0
1362,1,5,1855049,7*265007,0,1
1362,1,7,1855051,11*11*15331,0,0
1362,1,11,1855055,5*577*643,0,0
1362,1,13,1855057,17*109121,0,1
1362,1,17,1855061,13*142697,0,1
1362,1,19,1855063,7*43*6163,0,0
1362,1,23,1855067,101*18367,0,1
1362,1,29,1855073,11*168643,0,1
1362,1,31,1855075,5*5*74203,0,0
1362,1,37,1855081,523*3547,0,1
1362,1,41,1855085,5*563*659,0,0
1362,1,43,1855087,13*142699,0,1
1362,-1,3,1855041,3*618347,0,0
1362,-1,5,1855039,1855039,1,1
1362,-1,7,1855037,809*2293,0,1
1362,-1,11,1855033,1855033,1,1
1362,-1,13,1855031,1855031,1,1
1362,-1,17,1855027,19*89*1097,0,0
1362,-1,19,1855025,5*5*74201,0,0
1362,-1,23,1855021,7*265003,0,1
1362,-1,29,1855015,5*353*1051,0,0
1362,-1,31,1855013,1855013,1,1
1362,-1,37,1855007,7*11*24091,0,0
1362,-1,41,1855003,73*25411,0,1
1362,-1,43,1855001,1855001,1,1
1364,1,3,1860499,19*181*541,0,0
1364,1,5,1860501,3*281*2207,0,0
1364,1,7,1860503,1860503,1,1
1364,1,11,1860507,3*3*11*18793,0,0
1364,1,13,1860509,7*265787,0,1
1364,1,17,1860513,3*620171,0,0
1364,1,19,1860515,5*139*2677,0,0
1364,1,23,1860519,3*349*1777,0,0
1364,1,29,1860525,3*3*5*5*8269,0,0
1364,1,31,1860527,31*60017,0,1
1364,1,37,1860533,1860533,1,1
1364,1,41,1860537,3*7*19*4663,0,0
1364,1,43,1860539,23*41*1973,0,0
1364,-1,3,1860493,23*23*3517,0,0
1364,-1,5,1860491,521*3571,0,1
1364,-1,7,1860489,3*3*3*3*103*223,0,0
1364,-1,11,1860485,5*11*33827,0,0
1364,-1,13,1860483,3*620161,0,0
1364,-1,17,1860479,1860479,1,1
1364,-1,19,1860477,3*620159,0,0
1364,-1,23,1860473,317*5869,0,1
1364,-1,29,1860467,7*265781,0,1
1364,-1,31,1860465,3*5*31*4001,0,0
1364,-1,37,1860459,3*53*11701,0,0
1364,-1,41,1860455,5*607*613,0,0
1364,-1,43,1860453,3*3*7*29531,0,0
1366,1,3,1865959,1865959,1,1
1366,1,5,1865961,3*3*207329,0,0
1366,1,7,1865963,11*169633,0,1
1366,1,11,1865967,3*23*27043,0,0
1366,1,13,1865969,7*7*113*337,0,0
1366,1,17,1865973,3*107*5813,0,0
1366,1,19,1865975,5*5*101*739,0,0
1366,1,23,1865979,3*3*207331,0,0
1366,1,29,1865985,3*5*11*43*263,0,0
1366,1,31,1865987,1865987,1,1
1366,1,37,1865993,59*31627,0,1
1366,1,41,1865997,3*3*3*3*3*7*1097,0,0
1366,1,43,1865999,1865999,1,1
1366,-1,3,1865953,73*25561,0,1
1366,-1,5,1865951,41*71*641,0,0
1366,-1,7,1865949,3*621983,0,0
1366,-1,11,1865945,5*157*2377,0,0
1366,-1,13,1865943,3*3*3*69109,0,0
1366,-1,17,1865939,1865939,1,1
1366,-1,19,1865937,3*17*36587,0,0
1366,-1,23,1865933,19*98207,0,1
1366,-1,29,1865927,7*149*1789,0,0
1366,-1,31,1865925,3*3*5*5*8293,0,0
1366,-1,37,1865919,3*11*56543,0,0
1366,-1,41,1865915,5*373183,0,0
1366,-1,43,1865913,3*7*88853,0,0
1368,1,3,1871427,3*313*1993,0,0
1368,1,5,1871429,7*101*2647,0,0
1368,1,7,1871431,79*23689,0,1
1368,1,11,1871435,5*374287,0,0
1368,1,13,1871437,1871437,1,1
1368,1,17,1871441,11*13*23*569,0,0
1368,1,19,1871443,7*19*14071,0,0
1368,1,23,1871447,1871447,1,1
1368,1,29,1871453,479*3907,0,1
1368,1,31,1871455,5*374291,0,0
1368,1,37,1871461,1871461,1,1
1368,1,41,1871465,5*374293,0,0
1368,1,43,1871467,13*359*401,0,0
1368,-1,3,1871421,3*59*97*109,0,0
1368,-1,5,1871419,11*61*2789,0,0
1368,-1,7,1871417,1871417,1,1
1368,-1,11,1871413,1871413,1,1
1368,-1,13,1871411,17*110083,0,1
1368,-1,17,1871407,103*18169,0,1
1368,-1,19,1871405,5*19*19699,0,0
1368,-1,23,1871401,7*83*3221,0,0
1368,-1,29,1871395,5*23*16273,0,0
1368,-1,31,1871393,113*16561,0,1
1368,-1,37,1871387,7*267341,0,1
1368,-1,41,1871383,1871383,1,1
1368,-1,43,1871381,607*3083,0,1
1370,1,3,1876903,7*73*3673,0,0
1370,1,5,1876905,3*3*3*5*13903,0,0
1370,1,7,1876907,43*43649,0,1
1370,1,11,1876911,3*625637,0,0
1370,1,13,1876913,167*11239,0,1
1370,1,17,1876917,3*7*139*643,0,0
1370,1,19,1876919,11*17*10037,0,0
1370,1,23,1876923,3*3*347*601,0,0
1370,1,29,1876929,3*625643,0,0
1370,1,31,1876931,7*268133,0,1
1370,1,37,1876937,1319*1423,0,1
1370,1,41,1876941,3*3*11*18959,0,0
1370,1,43,1876943,971*1933,0,1
1370,-1,3,1876897,11*170627,0,1
1370,-1,5,1876895,5*31*12109,0,0
1370,-1,7,1876893,3*625631,0,0
1370,-1,11,1876889,7*53*5059,0,0
1370,-1,13,1876887,3*3*107*1949,0,0
1370,-1,17,1876883,101*18583,0,1
1370,-1,19,1876881,3*625627,0,0
1370,-1,23,1876877,19*173*571,0,0
1370,-1,29,1876871,67*109*257,0,0
1370,-1,31,1876869,3*3*23*9067,0,0
1370,-1,37,1876863,3*625621,0,0
1370,-1,41,1876859,1876859,1,1
1370,-1,43,1876857,3*41*15259,0,0
1372,1,3,1882387,13*19*7621,0,0
1372,1,5,1882389,3*23*27281,0,0
1372,1,7,1882391,7*268913,0,1
1372,1,11,1882395,3*3*5*59*709,0,0
1372,1,13,1882397,11*11*47*331,0,0
1372,1,17,1882401,3*53*11839,0,0
1372,1,19,1882403,1882403,1,1
1372,1,23,1882407,3*233*2693,0,0
1372,1,29,1882413,3*3*3*13*31*173,0,0
1372,1,31,1882415,5*376483,0,0
1372,1,37,1882421,1882421,1,1
1372,1,41,1882425,3*5*5*19*1321,0,0
1372,1,43,1882427,17*110731,0,1
1372,-1,3,1882381,673*2797,0,1
1372,-1,5,1882379,619*3041,0,1
1372,-1,7,1882377,3*3*7*29879,0,0
1372,-1,11,1882373,521*3613,0,1
1372,-1,13,1882371,3*389*1613,0,0
1372,-1,17,1882367,1882367,1,1
1372,-1,19,1882365,3*5*67*1873,0,0
1372,-1,23,1882361,13*29*4993,0,0
1372,-1,29,1882355,5*376471,0,0
1372,-1,31,1882353,3*11*57041,0,0
1372,-1,37,1882347,3*627449,0,0
1372,-1,41,1882343,23*223*367,0,0
1372,-1,43,1882341,3*3*199*1051,0,0
1374,1,3,1887879,3*7*89899,0,0
1374,1,5,1887881,509*3709,0,1
1374,1,7,1887883,1887883,1,1
1374,1,11,1887887,103*18329,0,1
1374,1,13,1887889,61*30949,0,1
1374,1,17,1887893,7*283*953,0,0
1374,1,19,1887895,5*491*769,0,0
1374,1,23,1887899,13*13*11171,0,0
1374,1,29,1887905,5*377581,0,0
1374,1,31,1887907,7*269701,0,1
1374,1,37,1887913,53*179*199,0,0
1374,1,41,1887917,1887917,1,1
1374,1,43,1887919,11*171629,0,1
1374,-1,3,1887873,3*13*48407,0,0
1374,-1,5,1887871,29*65099,0,1
1374,-1,7,1887869,31*60899,0,1
1374,-1,11,1887865,5*7*53939,0,0
1374,-1,13,1887863,23*79*1039,0,0
1374,-1,17,1887859,19*67*1483,0,0
1374,-1,19,1887857,1887857,1,1
1374,-1,23,1887853,11*73*2351,0,0
1374,-1,29,1887847,13*145219,0,1
1374,-1,31,1887845,5*41*9209,0,0
1374,-1,37,1887839,1009*1871,0,1
1374,-1,41,1887835,5*83*4549,0,0
1374,-1,43,1887833,17*111049,0,1
1376,1,3,1893379,61*31039,0,1
1376,1,5,1893381,3*7*29*3109,0,0
1376,1,7,1893383,23*191*431,0,0
1376,1,11,1893387,3*31*20359,0,0
1376,1,13,1893389,151*12539,0,1
1376,1,17,1893393,3*3*79*2663,0,0
1376,1,19,1893395,5*7*47*1151,0,0
1376,1,23,1893399,3*631133,0,0
1376,1,29,1893405,3*5*126227,0,0
1376,1,31,1893407,19*227*439,0,0
1376,1,37,1893413,1893413,1,1
1376,1,41,1893417,3*631139,0,0
1376,1,43,1893419,11*43*4003,0,0
1376,-1,3,1893373,1893373,1,1
1376,-1,5,1893371,1893371,1,1
1376,-1,7,1893369,3*19*59*563,0,0
1376,-1,11,1893365,5*107*3539,0,0
1376,-1,13,1893363,3*631121,0,0
1376,-1,17,1893359,13*145643,0,1
1376,-1,19,1893357,3*3*71*2963,0,0
1376,-1,23,1893353,7*11*67*367,0,0
1376,-1,29,1893347,1893347,1,1
1376,-1,31,1893345,3*5*126223,0,0
1376,-1,37,1893339,3*3*7*41*733,0,0
1376,-1,41,1893335,5*378667,0,0
1376,-1,43,1893333,3*13*43*1129,0,0
1378,1,3,1898887,1898887,1,1
1378,1,5,1898889,3*109*5807,0,0
1378,1,7,1898891,29*65479,0,1
1378,1,11,1898895,3*5*71*1783,0,0
1378,1,13,1898897,7*7*11*13*271,0,0
1378,1,17,1898901,3*3*101*2089,0,0
1378,1,19,1898903,23*82561,0,1
1378,1,23,1898907,3*577*1097,0,0
1378,1,29,1898913,3*632971,0,0
1378,1,31,1898915,5*41*59*157,0,0
1378,1,37,1898921,1898921,1,1
1378,1,41,1898925,3*5*5*7*3617,0,0
1378,1,43,1898927,193*9839,0,1
1378,-1,3,1898881,1898881,1,1
1378,-1,5,1898879,19*139*719,0,0
1378,-1,7,1898877,3*37*17107,0,0
1378,-1,11,1898873,1898873,1,1
1378,-1,13,1898871,3*13*181*269,0,0
1378,-1,17,1898867,1898867,1,1
1378,-1,19,1898865,3*3*5*42197,0,0
1378,-1,23,1898861,1898861,1,1
1378,-1,29,1898855,5*7*227*239,0,0
1378,-1,31,1898853,3*11*11*5231,0,0
1378,-1,37,1898847,3*3*47*67*67,0,0
1378,-1,41,1898843,31*61253,0,1
1378,-1,43,1898841,3*7*19*4759,0,0
1380,1,3,1904403,3*739*859,0,0
1380,1,5,1904405,5*380881,0,0
1380,1,7,1904407,1904407,1,1
1380,1,11,1904411,641*2971,0,1
1380,1,13,1904413,7*272059,0,1
1380,1,17,1904417,947*2011,0,1
1380,1,19,1904419,11*11*15739,0,0
1380,1,23,1904423,23*31*2671,0,0
1380,1,29,1904429,1904429,1,1
1380,1,31,1904431,1279*1489,0,1
1380,1,37,1904437,137*13901,0,1
1380,1,41,1904441,7*11*24733,0,0
1380,1,43,1904443,569*3347,0,1
1380,-1,3,1904397,3*11*57709,0,0
1380,-1,5,1904395,5*380879,0,0
1380,-1,7,1904393,47*40519,0,1
1380,-1,11,1904389,19*113*887,0,0
1380,-1,13,1904387,337*5651,0,1
1380,-1,17,1904383,13*263*557,0,0
1380,-1,19,1904381,179*10639,0,1
1380,-1,23,1904377,23*82799,0,1
1380,-1,29,1904371,7*272053,0,1
1380,-1,31,1904369,149*12781,0,1
1380,-1,37,1904363,367*5189,0,1
1380,-1,41,1904359,61*31219,0,1
1380,-1,43,1904357,7*13*17*1231,0,0
1382,1,3,1909927,1909927,1,1
1382,1,5,1909929,3*7*103*883,0,0
1382,1,7,1909931,43*44417,0,1
1382,1,11,1909935,3*3*5*42443,0,0
1382,1,13,1909937,19*100523,0,1
1382,1,17,1909941,3*11*31*1867,0,0
1382,1,19,1909943,7*23*11863,0,0
1382,1,23,1909947,3*13*48973,0,0
1382,1,29,1909953,3*3*3*127*557,0,0
1382,1,31,1909955,5*381991,0,0
1382,1,37,1909961,53*36037,0,1
1382,1,41,1909965,3*5*127331,0,0
1382,1,43,1909967,17*283*397,0,0
1382,-1,3,1909921,13*146917,0,1
1382,-1,5,1909919,11*173629,0,1
1382,-1,7,1909917,3*3*137*1549,0,0
1382,-1,11,1909913,83*23011,0,1
1382,-1,13,1909911,3*29*29*757,0,0
1382,-1,17,1909907,1909907,1,1
1382,-1,19,1909905,3*5*157*811,0,0
1382,-1,23,1909901,7*233*1171,0,0
1382,-1,29,1909895,5*13*29383,0,0
1382,-1,31,1909893,3*636631,0,0
1382,-1,37,1909887,3*7*90947,0,0
1382,-1,41,1909883,1187*1609,0,1
1382,-1,43,1909881,3*3*212209,0,0
1384,1,3,1915459,7*7*13*31*97,0,0
1384,1,5,1915461,3*3*3*61*1163,0,0
1384,1,7,1915463,11*23*67*113,0,0
1384,1,11,1915467,3*638489,0,0
1384,1,13,1915469,1915469,1,1
1384,1,17,1915473,3*7*53*1721,0,0
1384,1,19,1915475,5*5*17*4507,0,0
1384,1,23,1915479,3*3*29*41*179,0,0
1384,1,29,1915485,3*5*11*13*19*47,0,0
1384,1,31,1915487,7*273641,0,1
1384,1,37,1915493,233*8221,0,1
1384,1,41,1915497,3*3*331*643,0,0
1384,1,43,1915499,1915499,1,1
1384,-1,3,1915453,37*51769,0,1
1384,-1,5,1915451,1915451,1,1
1384,-1,7,1915449,3*311*2053,0,0
1384,-1,11,1915445,5*7*54727,0,0
1384,-1,13,1915443,3*3*212827,0,0
1384,-1,17,1915439,1915439,1,1
1384,-1,19,1915437,3*761*839,0,0
1384,-1,23,1915433,13*147341,0,1
1384,-1,29,1915427,1915427,1,1
1384,-1,31,1915425,3*3*5*5*8513,0,0
1384,-1,37,1915419,3*11*58043,0,0
1384,-1,41,1915415,5*383083,0,0
1384,-1,43,1915413,3*163*3917,0,0
1386,1,3,1920999,3*640333,0,0
1386,1,5,1921001,167*11503,0,1
1386,1,7,1921003,7*37*7417,0,0
1386,1,11,1921007,11*174637,0,1
1386,1,13,1921009,359*5351,0,1
1386,1,17,1921013,1921013,1,1
1386,1,19,1921015,5*384203,0,0
1386,1,23,1921019,1151*1669,0,1
1386,1,29,1921025,5*5*43*1787,0,0
1386,1,31,1921027,1921027,1,1
1386,1,37,1921033,19*101107,0,1
1386,1,41,1921037,1921037,1,1
1386,1,43,1921039,31*31*1999,0,0
1386,-1,3,1920993,3*599*1069,0,0
1386,-1,5,1920991,1920991,1,1
1386,-1,7,1920989,7*29*9463,0,0
1386,-1,11,1920985,5*11*53*659,0,0
1386,-1,13,1920983,17*17*17*17*23,0,0
1386,-1,17,1920979,523*3673,0,1
1386,-1,19,1920977,31*61967,0,1
1386,-1,23,1920973,41*46853,0,1
1386,-1,29,1920967,431*4457,0,1
1386,-1,31,1920965,5*384193,0,0
1386,-1,37,1920959,1920959,1,1
1386,-1,41,1920955,5*163*2357,0,0
1386,-1,43,1920953,181*10613,0,1
1388,1,3,1926547,7*157*1753,0,0
1388,1,5,1926549,3*3*23*41*227,0,0
1388,1,7,1926551,11*175141,0,1
1388,1,11,1926555,3*5*128437,0,0
1388,1,13,1926557,29*31*2143,0,0
1388,1,17,1926561,3*7*13*7057,0,0
1388,1,19,1926563,61*31583,0,1
1388,1,23,1926567,3*3*214063,0,0
1388,1,29,1926573,3*11*79*739,0,0
1388,1,31,1926575,5*5*7*101*109,0,0
1388,1,37,1926581,19*101399,0,1
1388,1,41,1926585,3*3*3*3*5*67*71,0,0
1388,1,43,1926587,13*148199,0,1
1388,-1,3,1926541,1926541,1,1
1388,-1,5,1926539,271*7109,0,1
1388,-1,7,1926537,3*113*5683,0,0
1388,-1,11,1926533,7*7*39317,0,0
1388,-1,13,1926531,3*3*3*71353,0,0
1388,-1,17,1926527,59*32653,0,1
1388,-1,19,1926525,3*5*5*17*1511,0,0
1388,-1,23,1926521,1926521,1,1
1388,-1,29,1926515,5*313*1231,0,0
1388,-1,31,1926513,3*3*83*2579,0,0
1388,-1,37,1926507,3*11*58379,0,0
1388,-1,41,1926503,23*83761,0,1
1388,-1,43,1926501,3*541*1187,0,0
1390,1,3,1932103,37*79*661,0,0
1390,1,5,1932105,3*5*7*18401,0,0
1390,1,7,1932107,1932107,1,1
1390,1,11,1932111,3*3*137*1567,0,0
1390,1,13,1932113,1932113,1,1
1390,1,17,1932117,3*11*58549,0,0
1390,1,19,1932119,7*7*7*43*131,0,0
1390,1,23,1932123,3*47*71*193,0,0
1390,1,29,1932129,3*3*19*11299,0,0
1390,1,31,1932131,1932131,1,1
1390,1,37,1932137,31*62327,0,1
1390,1,41,1932141,3*644047,0,0
1390,1,43,1932143,97*19919,0,1
1390,-1,3,1932097,241*8017,0,1
1390,-1,5,1932095,5*11*35129,0,0
1390,-1,7,1932093,3*3*3*3*3*7951,0,0
1390,-1,11,1932089,1932089,1,1
1390,-1,13,1932087,3*644029,0,0
1390,-1,17,1932083,149*12967,0,1
1390,-1,19,1932081,3*607*1061,0,0
1390,-1,23,1932077,7*276011,0,1
1390,-1,29,1932071,1932071,1,1
1390,-1,31,1932069,3*23*28001,0,0
1390,-1,37,1932063,3*7*92003,0,0
1390,-1,41,1932059,1932059,1,1
1390,-1,43,1932057,3*3*214673,0,0
1392,1,3,1937667,3*645889,0,0
1392,1,5,1937669,47*41227,0,1
1392,1,7,1937671,683*2837,0,1
1392,1,11,1937675,5*5*179*433,0,0
1392,1,13,1937677,7*17*19*857,0,0
1392,1,17,1937681,23*84247,0,1
1392,1,19,1937683,11*176153,0,1
1392,1,23,1937687,587*3301,0,1
1392,1,29,1937693,29*109*613,0,0
1392,1,31,1937695,5*191*2029,0,0
1392,1,37,1937701,41*167*283,0,0
1392,1,41,1937705,5*7*7*11*719,0,0
1392,1,43,1937707,67*28921,0,1
1392,-1,3,1937661,3*11*71*827,0,0
1392,-1,5,1937659,1937659,1,1
1392,-1,7,1937657,1937657,1,1
1392,-1,11,1937653,37*52369,0,1
1392,-1,13,1937651,1937651,1,1
1392,-1,17,1937647,223*8689,0,1
1392,-1,19,1937645,5*387529,0,0
1392,-1,23,1937641,1937641,1,1
1392,-1,29,1937635,5*7*23*29*83,0,0
1392,-1,31,1937633,79*24527,0,1
1392,-1,37,1937627,53*36559,0,1
1392,-1,41,1937623,43*45061,0,1
1392,-1,43,1937621,7*131*2113,0,0
1394,1,3,1943239,1943239,1,1
1394,1,5,1943241,3*647747,0,0
1394,1,7,1943243,1943243,1,1
1394,1,11,1943247,3*23*28163,0,0
1394,1,13,1943249,7*11*25237,0,0
1394,1,17,1943253,3*3*13*17*977,0,0
1394,1,19,1943255,5*388651,0,0
1394,1,23,1943259,3*647753,0,0
1394,1,29,1943265,3*5*353*367,0,0
1394,1,31,1943267,359*5413,0,1
1394,1,37,1943273,1943273,1,1
1394,1,41,1943277,3*7*37*41*61,0,0
1394,1,43,1943279,13*83*1801,0,0
1394,-1,3,1943233,1019*1907,0,1
1394,-1,5,1943231,1943231,1,1
1394,-1,7,1943229,3*647743,0,0
1394,-1,11,1943225,5*5*19*4091,0,0
1394,-1,13,1943223,3*647741,0,0
1394,-1,17,1943219,17*151*757,0,0
1394,-1,19,1943217,3*3*3*71971,0,0
1394,-1,23,1943213,43*45191,0,1
1394,-1,29,1943207,7*277601,0,1
1394,-1,31,1943205,3*5*11*11777,0,0
1394,-1,37,1943199,3*3*71*3041,0,0
1394,-1,41,1943195,5*41*9479,0,0
1394,-1,43,1943193,3*7*7*13219,0,0
1396,1,3,1948819,1093*1783,0,1
1396,1,5,1948821,3*7*92801,0,0
1396,1,7,1948823,571*3413,0,1
1396,1,11,1948827,3*37*97*181,0,0
1396,1,13,1948829,17*29*59*67,0,0
1396,1,17,1948833,3*3*3*89*811,0,0
1396,1,19,1948835,5*7*55681,0,0
1396,1,23,1948839,3*649613,0,0
1396,1,29,1948845,3*5*173*751,0,0
1396,1,31,1948847,1948847,1,1
1396,1,37,1948853,41*47533,0,1
1396,1,41,1948857,3*649619,0,0
1396,1,43,1948859,11*23*7703,0,0
1396,-1,3,1948813,23*84731,0,1
1396,-1,5,1948811,19*109*941,0,0
1396,-1,7,1948809,3*421*1543,0,0
1396,-1,11,1948805,5*389761,0,0
1396,-1,13,1948803,3*43*15107,0,0
1396,-1,17,1948799,1948799,1,1
1396,-1,19,1948797,3*3*223*971,0,0
1396,-1,23,1948793,7*11*25309,0,0
1396,-1,29,1948787,1069*1823,0,1
1396,-1,31,1948785,3*5*129919,0,0
1396,-1,37,1948779,3*3*3*3*7*7*491,0,0
1396,-1,41,1948775,5*5*77951,0,0
1396,-1,43,1948773,3*19*179*191,0,0
1398,1,3,1954407,3*7*13*7159,0,0
1398,1,5,1954409,641*3049,0,1
1398,1,7,1954411,1954411,1,1
1398,1,11,1954415,5*390883,0,0
1398,1,13,1954417,71*27527,0,1
1398,1,17,1954421,7*279203,0,1
1398,1,19,1954423,1954423,1,1
1398,1,23,1954427,1954427,1,1
1398,1,29,1954433,13*149*1009,0,0
1398,1,31,1954435,5*7*19*2939,0,0
1398,1,37,1954441,1954441,1,1
1398,1,41,1954445,5*390889,0,0
1398,1,43,1954447,11*177677,0,1
1398,-1,3,1954401,3*47*83*167,0,0
1398,-1,5,1954399,1171*1669,0,1
1398,-1,7,1954397,19*29*3547,0,0
1398,-1,11,1954393,7*43*43*151,0,0
1398,-1,13,1954391,1954391,1,1
1398,-1,17,1954387,1954387,1,1
1398,-1,19,1954385,5*390877,0,0
1398,-1,23,1954381,11*13*79*173,0,0
1398,-1,29,1954375,5*5*5*5*53*59,0,0
1398,-1,31,1954373,1954373,1,1
1398,-1,37,1954367,1954367,1,1
1398,-1,41,1954363,1954363,1,1
1398,-1,43,1954361,1954361,1,1
1400,1,3,1960003,607*3229,0,1
1400,1,5,1960005,3*5*41*3187,0,0
1400,1,7,1960007,7*280001,0,1
1400,1,11,1960011,3*3*3*229*317,0,0
1400,1,13,1960013,11*178183,0,1
1400,1,17,1960017,3*653339,0,0
1400,1,19,1960019,1960019,1,1
1400,1,23,1960023,3*13*29*1733,0,0
1400,1,29,1960029,3*3*217781,0,0
1400,1,31,1960031,1103*1777,0,1
1400,1,37,1960037,23*31*2749,0,0
1400,1,41,1960041,3*47*13901,0,0
1400,1,43,1960043,541*3623,0,1
1400,-1,3,1959997,13*150769,0,1
1400,-1,5,1959995,5*391999,0,0
1400,-1,7,1959993,3*3*7*53*587,0,0
1400,-1,11,1959989,397*4937,0,1
1400,-1,13,1959987,3*103*6343,0,0
1400,-1,17,1959983,19*43*2399,0,0
1400,-1,19,1959981,3*17*38431,0,0
1400,-1,23,1959977,73*26849,0,1
1400,-1,29,1959971,13*150767,0,1
1400,-1,31,1959969,3*11*59393,0,0
1400,-1,37,1959963,3*653321,0,0
1400,-1,41,1959959,857*2287,0,1
1400,-1,43,1959957,3*3*3*3*24197,0,0
1402,1,3,1965607,7*19*14779,0,0
1402,1,5,1965609,3*3*218401,0,0
1402,1,7,1965611,53*37087,0,1
1402,1,11,1965615,3*5*131041,0,0
1402,1,13,1965617,31*163*389,0,0
1402,1,17,1965621,3*7*93601,0,0
1402,1,19,1965623,11*178693,0,1
1402,1,23,1965627,3*3*3*3*3*8089,0,0
1402,1,29,1965633,3*655211,0,0
1402,1,31,1965635,5*7*7*71*113,0,0
1402,1,37,1965641,1965641,1,1
1402,1,41,1965645,3*3*5*11*11*19*19,0,0
1402,1,43,1965647,1965647,1,1
1402,-1,3,1965601,11*178691,0,1
1402,-1,5,1965599,79*139*179,0,0
1402,-1,7,1965597,3*109*6011,0,0
1402,-1,11,1965593,7*227*1237,0,0
1402,-1,13,1965591,3*3*17*29*443,0,0
1402,-1,17,1965587,13*47*3217,0,0
1402,-1,19,1965585,3*5*59*2221,0,0
1402,-1,23,1965581,41*191*251,0,0
1402,-1,29,1965575,5*5*78623,0,0
1402,-1,31,1965573,3*3*3*43*1693,0,0
1402,-1,37,1965567,3*151*4339,0,0
1402,-1,41,1965563,271*7253,0,1
1402,-1,43,1965561,3*13*101*499,0,0
1404,1,3,1971219,3*73*9001,0,0
1404,1,5,1971221,7*7*7*7*821,0,0
1404,1,7,1971223,557*3539,0,1
1404,1,11,1971227,47*41941,0,1
1404,1,13,1971229,13*53*2861,0,0
1404,1,17,1971233,11*179203,0,1
1404,1,19,1971235,5*7*17*3313,0,0
1404,1,23,1971239,41*48079,0,1
1404,1,29,1971245,5*394249,0,0
1404,1,31,1971247,307*6421,0,1
1404,1,37,1971253,1971253,1,1
1404,1,41,1971257,503*3919,0,1
1404,1,43,1971259,31*63589,0,1
1404,-1,3,1971213,3*657071,0,0
1404,-1,5,1971211,11*11*11*1481,0,0
1404,-1,7,1971209,1971209,1,1
1404,-1,11,1971205,5*394241,0,0
1404,-1,13,1971203,13*151631,0,1
1404,-1,17,1971199,1971199,1,1
1404,-1,19,1971197,31*63587,0,1
1404,-1,23,1971193,7*19*14821,0,0
1404,-1,29,1971187,523*3769,0,1
1404,-1,31,1971185,5*263*1499,0,0
1404,-1,37,1971179,7*379*743,0,0
1404,-1,41,1971175,5*5*37*2131,0,0
1404,-1,43,1971173,71*27763,0,1
1406,1,3,1976839,31*43*1483,0,0
1406,1,5,1976841,3*3*219649,0,0
1406,1,7,1976843,11*29*6197,0,0
1406,1,11,1976847,3*53*12433,0,0
1406,1,13,1976849,7*282407,0,1
1406,1,17,1976853,3*71*9281,0,0
1406,1,19,1976855,5*19*20809,0,0
1406,1,23,1976859,3*3*3*211*347,0,0
1406,1,29,1976865,3*5*11*11981,0,0
1406,1,31,1976867,47*42061,0,1
1406,1,37,1976873,23*23*37*101,0,0
1406,1,41,1976877,3*3*7*31379,0,0
1406,1,43,1976879,17*103*1129,0,0
1406,-1,3,1976833,479*4127,0,1
1406,-1,5,1976831,1976831,1,1
1406,-1,7,1976829,3*658943,0,0
1406,-1,11,1976825,5*5*107*739,0,0
1406,-1,13,1976823,3*3*219647,0,0
1406,-1,17,1976819,13*152063,0,1
1406,-1,19,1976817,3*19*79*439,0,0
1406,-1,23,1976813,983*2011,0,1
1406,-1,29,1976807,7*7*40343,0,0
1406,-1,31,1976805,3*3*3*3*3*5*1627,0,0
1406,-1,37,1976799,3*11*37*1619,0,0
1406,-1,41,1976795,5*59*6701,0,0
1406,-1,43,1976793,3*7*13*13*557,0,0
1408,1,3,1982467,1982467,1,1
1408,1,5,1982469,3*29*22787,0,0
1408,1,7,1982471,1982471,1,1
1408,1,11,1982475,3*3*3*3*5*5*11*89,0,0
1408,1,13,1982477,7*283211,0,1
1408,1,17,1982481,3*31*21317,0,0
1408,1,19,1982483,1223*1621,0,1
1408,1,23,1982487,3*13*50833,0,0
1408,1,29,1982493,3*3*181*1217,0,0
1408,1,31,1982495,5*373*1063,0,0
1408,1,37,1982501,1982501,1,1
1408,1,41,1982505,3*5*7*79*239,0,0
1408,1,43,1982507,47*42181,0,1
1408,-1,3,1982461,13*73*2089,0,0
1408,-1,5,1982459,59*33601,0,1
1408,-1,7,1982457,3*3*167*1319,0,0
1408,-1,11,1982453,11*229*787,0,0
1408,-1,13,1982451,3*660817,0,0
1408,-1,17,1982447,1982447,1,1
1408,-1,19,1982445,3*5*149*887,0,0
1408,-1,23,1982441,19*103*1013,0,0
1408,-1,29,1982435,5*7*13*4357,0,0
1408,-1,31,1982433,3*660811,0,0
1408,-1,37,1982427,3*660809,0,0
1408,-1,41,1982423,37*131*409,0,0
1408,-1,43,1982421,3*3*3*7*17*617,0,0
1410,1,3,1988103,3*13*19*2683,0,0
1410,1,5,1988105,5*7*43*1321,0,0
1410,1,7,1988107,11*149*1213,0,0
1410,1,11,1988111,163*12197,0,1
1410,1,13,1988113,1988113,1,1
1410,1,17,1988117,139*14303,0,1
1410,1,19,1988119,7*191*1487,0,0
1410,1,23,1988123,31*59*1087,0,0
1410,1,29,1988129,11*13*13903,0,0
1410,1,31,1988131,41*48491,0,1
1410,1,37,1988137,1988137,1,1
1410,1,41,1988141,19*104639,0,1
1410,1,43,1988143,23*86441,0,1
1410,-1,3,1988097,3*23*28813,0,0
1410,-1,5,1988095,5*29*13711,0,0
1410,-1,7,1988093,193*10301,0,1
1410,-1,11,1988089,1988089,1,1
1410,-1,13,1988087,1988087,1,1
1410,-1,17,1988083,53*37511,0,1
1410,-1,19,1988081,599*3319,0,1
1410,-1,23,1988077,7*7*13*3121,0,0
1410,-1,29,1988071,71*28001,0,1
1410,-1,31,1988069,1019*1951,0,1
1410,-1,37,1988063,7*11*25819,0,0
1410,-1,41,1988059,491*4049,0,1
1410,-1,43,1988057,1988057,1,1
1412,1,3,1993747,7*271*1051,0,0
1412,1,5,1993749,3*664583,0,0
1412,1,7,1993751,71*28081,0,1
1412,1,11,1993755,3*5*23*5779,0,0
1412,1,13,1993757,1993757,1,1
1412,1,17,1993761,3*3*3*7*7*11*137,0,0
1412,1,19,1993763,1993763,1,1
1412,1,23,1993767,3*664589,0,0
1412,1,29,1993773,3*127*5233,0,0
1412,1,31,1993775,5*5*7*11393,0,0
1412,1,37,1993781,43*199*233,0,0
1412,1,41,1993785,3*5*61*2179,0,0
1412,1,43,1993787,47*59*719,0,0
1412,-1,3,1993741,227*8783,0,1
1412,-1,5,1993739,11*211*859,0,0
1412,-1,7,1993737,3*664579,0,0
1412,-1,11,1993733,7*284819,0,1
1412,-1,13,1993731,3*107*6211,0,0
1412,-1,17,1993727,19*104933,0,1
1412,-1,19,1993725,3*3*5*5*8861,0,0
1412,-1,23,1993721,29*68749,0,1
1412,-1,29,1993715,5*181*2203,0,0
1412,-1,31,1993713,3*664571,0,0
1412,-1,37,1993707,3*3*3*41*1801,0,0
1412,-1,41,1993703,31*73*881,0,0
1412,-1,43,1993701,3*53*12539,0,0
1414,1,3,1999399,229*8731,0,1
1414,1,5,1999401,3*666467,0,0
1414,1,7,1999403,7*285629,0,1
1414,1,11,1999407,3*31*21499,0,0
1414,1,13,1999409,431*4639,0,1
1414,1,17,1999413,3*3*13*23*743,0,0
1414,1,19,1999415,5*11*36353,0,0
1414,1,23,1999419,3*311*2143,0,0
1414,1,29,1999425,3*5*5*53*503,0,0
1414,1,31,1999427,19*47*2239,0,0
1414,1,37,1999433,1181*1693,0,1
1414,1,41,1999437,3*11*60589,0,0
1414,1,43,1999439,13*13*11831,0,0
1414,-1,3,1999393,11*181763,0,1
1414,-1,5,1999391,151*13241,0,1
1414,-1,7,1999389,3*7*19*5011,0,0
1414,-1,11,1999385,5*89*4493,0,0
1414,-1,13,1999383,3*666461,0,0
1414,-1,17,1999379,1999379,1,1
1414,-1,19,1999377,3*3*3*74051,0,0
1414,-1,23,1999373,233*8581,0,1
1414,-1,29,1999367,23*86929,0,1
1414,-1,31,1999365,3*5*41*3251,0,0
1414,-1,37,1999359,3*3*222151,0,0
1414,-1,41,1999355,5*399871,0,0
1414,-1,43,1999353,3*17*197*199,0,0
1416,1,3,2005059,3*7*95479,0,0
1416,1,5,2005061,2005061,1,1
1416,1,7,2005063,163*12301,0,1
1416,1,11,2005067,37*47*1153,0,0
1416,1,13,2005069,11*182279,0,1
1416,1,17,2005073,7*107*2677,0,0
1416,1,19,2005075,5*5*139*577,0,0
1416,1,23,2005079,2005079,1,1
1416,1,29,2005085,5*401017,0,0
1416,1,31,2005087,7*97*2953,0,0
1416,1,37,2005093,149*13457,0,1
1416,1,41,2005097,1327*1511,0,1
1416,1,43,2005099,17*79*1493,0,0
1416,-1,3,2005053,3*647*1033,0,0
1416,-1,5,2005051,19*105529,0,1
1416,-1,7,2005049,31*64679,0,1
1416,-1,11,2005045,5*7*57287,0,0
1416,-1,13,2005043,53*37831,0,1
1416,-1,17,2005039,2005039,1,1
1416,-1,19,2005037,2005037,1,1
1416,-1,23,2005033,2005033,1,1
1416,-1,29,2005027,2005027,1,1
1416,-1,31,2005025,5*5*11*23*317,0,0
1416,-1,37,2005019,2005019,1,1
1416,-1,41,2005015,5*359*1117,0,0
1416,-1,43,2005013,19*105527,0,1
1418,1,3,2010727,2010727,1,1
1418,1,5,2010729,3*7*23*23*181,0,0
1418,1,7,2010731,317*6343,0,1
1418,1,11,2010735,3*3*5*44683,0,0
1418,1,13,2010737,67*30011,0,1
1418,1,17,2010741,3*389*1723,0,0
1418,1,19,2010743,7*17*61*277,0,0
1418,1,23,2010747,3*670249,0,0
1418,1,29,2010753,3*3*31*7207,0,0
1418,1,31,2010755,5*149*2699,0,0
1418,1,37,2010761,251*8011,0,1
1418,1,41,2010765,3*5*37*3623,0,0
1418,1,43,2010767,11*53*3449,0,0
1418,-1,3,2010721,2010721,1,1
1418,-1,5,2010719,131*15349,0,1
1418,-1,7,2010717,3*3*3*74471,0,0
1418,-1,11,2010713,19*97*1091,0,0
1418,-1,13,2010711,3*670237,0,0
1418,-1,17,2010707,47*179*239,0,0
1418,-1,19,2010705,3*5*134047,0,0
1418,-1,23,2010701,7*11*26113,0,0
1418,-1,29,2010695,5*402139,0,0
1418,-1,31,2010693,3*670231,0,0
1418,-1,37,2010687,3*7*95747,0,0
1418,-1,41,2010683,23*87421,0,1
1418,-1,43,2010681,3*3*41*5449,0,0
1420,1,3,2016403,2016403,1,1
1420,1,5,2016405,3*3*5*44809,0,0
1420,1,7,2016407,2016407,1,1
1420,1,11,2016411,3*672137,0,0
1420,1,13,2016413,7*19*15161,0,0
1420,1,17,2016417,3*13*149*347,0,0
1420,1,19,2016419,2016419,1,1
1420,1,23,2016423,3*3*224047,0,0
1420,1,29,2016429,3*672143,0,0
1420,1,31,2016431,103*19577,0,1
1420,1,37,2016437,317*6361,0,1
1420,1,41,2016441,3*3*3*7*47*227,0,0
1420,1,43,2016443,11*13*59*239,0,0
1420,-1,3,2016397,2016397,1,1
1420,-1,5,2016395,5*31*13009,0,0
1420,-1,7,2016393,3*672131,0,0
1420,-1,11,2016389,37*54497,0,1
1420,-1,13,2016387,3*3*3*17*23*191,0,0
1420,-1,17,2016383,1277*1579,0,1
1420,-1,19,2016381,3*672127,0,0
1420,-1,23,2016377,11*183307,0,1
1420,-1,29,2016371,7*288053,0,1
1420,-1,31,2016369,3*3*224041,0,0
1420,-1,37,2016363,3*397*1693,0,0
1420,-1,41,2016359,2016359,1,1
1420,-1,43,2016357,3*7*96017,0,0
1422,1,3,2022087,3*37*18217,0,0
1422,1,5,2022089,61*33149,0,1
1422,1,7,2022091,23*87917,0,1
1422,1,11,2022095,5*404419,0,0
1422,1,13,2022097,7*11*26261,0,0
1422,1,17,2022101,2022101,1,1
1422,1,19,2022103,2022103,1,1
1422,1,23,2022107,59*34273,0,1
1422,1,29,2022113,19*106427,0,1
1422,1,31,2022115,5*404423,0,0
1422,1,37,2022121,101*20021,0,1
1422,1,41,2022125,5*5*5*7*2311,0,0
1422,1,43,2022127,67*30181,0,1
1422,-1,3,2022081,3*47*14341,0,0
1422,-1,5,2022079,41*149*331,0,0
1422,-1,7,2022077,2022077,1,1
1422,-1,11,2022073,269*7517,0,1
1422,-1,13,2022071,1213*1667,0,1
1422,-1,17,2022067,2022067,1,1
1422,-1,19,2022065,5*17*23789,0,0
1422,-1,23,2022061,193*10477,0,1
1422,-1,29,2022055,5*7*57773,0,0
1422,-1,31,2022053,11*183823,0,1
1422,-1,37,2022047,2022047,1,1
1422,-1,41,2022043,2022043,1,1
1422,-1,43,2022041,7*151*1913,0,0
1424,1,3,2027779,13*151*1033,0,0
1424,1,5,2027781,3*3*3*7*10729,0,0
1424,1,7,2027783,2027783,1,1
1424,1,11,2027787,3*675929,0,0
1424,1,13,2027789,2027789,1,1
1424,1,17,2027793,3*675931,0,0
1424,1,19,2027795,5*7*11*23*229,0,0
1424,1,23,2027799,3*3*233*967,0,0
1424,1,29,2027805,3*5*13*10399,0,0
1424,1,31,2027807,2027807,1,1
1424,1,37,2027813,19*106727,0,1
1424,1,41,2027817,3*3*11*20483,0,0
1424,1,43,2027819,41*49459,0,1
1424,-1,3,2027773,11*83*2221,0,0
1424,-1,5,2027771,59*34369,0,1
1424,-1,7,2027769,3*675923,0,0
1424,-1,11,2027765,5*405553,0,0
1424,-1,13,2027763,3*3*225307,0,0
1424,-1,17,2027759,2027759,1,1
1424,-1,19,2027757,3*107*6317,0,0
1424,-1,23,2027753,7*13*22283,0,0
1424,-1,29,2027747,2027747,1,1
1424,-1,31,2027745,3*3*5*45061,0,0
1424,-1,37,2027739,3*7*223*433,0,0
1424,-1,41,2027735,5*307*1321,0,0
1424,-1,43,2027733,3*173*3907,0,0
1426,1,3,2033479,7*290497,0,1
1426,1,5,2033481,3*677827,0,0
1426,1,7,2033483,37*54959,0,1
1426,1,11,2033487,3*3*225943,0,0
1426,1,13,2033489,17*119617,0,1
1426,1,17,2033493,3*7*11*8803,0,0
1426,1,19,2033495,5*406699,0,0
1426,1,23,2033499,3*13*23*2267,0,0
1426,1,29,2033505,3*3*3*3*5*5021,0,0
1426,1,31,2033507,7*31*9371,0,0
1426,1,37,2033513,19*19*43*131,0,0
1426,1,41,2033517,3*67*67*151,0,0
1426,1,43,2033519,1063*1913,0,1
1426,-1,3,2033473,13*156421,0,1
1426,-1,5,2033471,11*401*461,0,0
1426,-1,7,2033469,3*3*225941,0,0
1426,-1,11,2033465,5*7*58099,0,0
1426,-1,13,2033463,3*521*1301,0,0
1426,-1,17,2033459,2033459,1,1
1426,-1,19,2033457,3*277*2447,0,0
1426,-1,23,2033453,23*88411,0,1
1426,-1,29,2033447,13*156419,0,1
1426,-1,31,2033445,3*5*31*4373,0,0
1426,-1,37,2033439,3*677813,0,0
1426,-1,41,2033435,5*59*61*113,0,0
1426,-1,43,2033433,3*3*101*2237,0,0
1428,1,3,2039187,3*337*2017,0,0
1428,1,5,2039189,43*47*1009,0,0
1428,1,7,2039191,7*11*71*373,0,0
1428,1,11,2039195,5*313*1303,0,0
1428,1,13,2039197,2039197,1,1
1428,1,17,2039201,17*119953,0,1
1428,1,19,2039203,23*88661,0,1
1428,1,23,2039207,349*5843,0,1
1428,1,29,2039213,11*11*19*887,0,0
1428,1,31,2039215,5*407843,0,0
1428,1,37,2039221,2039221,1,1
1428,1,41,2039225,5*5*81569,0,0
1428,1,43,2039227,79*83*311,0,0
1428,-1,3,2039181,3*37*18371,0,0
1428,-1,5,2039179,2039179,1,1
1428,-1,7,2039177,7*523*557,0,0
1428,-1,11,2039173,2039173,1,1
1428,-1,13,2039171,2039171,1,1
1428,-1,17,2039167,13*17*9227,0,0
1428,-1,19,2039165,5*407833,0,0
1428,-1,23,2039161,2039161,1,1
1428,-1,29,2039155,5*439*929,0,0
1428,-1,31,2039153,199*10247,0,1
1428,-1,37,2039147,11*197*941,0,0
1428,-1,41,2039143,2039143,1,1
1428,-1,43,2039141,13*227*691,0,0
1430,1,3,2044903,7*61*4789,0,0
1430,1,5,2044905,3*5*136327,0,0
1430,1,7,2044907,23*67*1327,0,0
1430,1,11,2044911,3*11*61967,0,0
1430,1,13,2044913,13*17*19*487,0,0
1430,1,17,2044917,3*3*7*7*4637,0,0
1430,1,19,2044919,2044919,1,1
1430,1,23,2044923,3*47*14503,0,0
1430,1,29,2044929,3*353*1931,0,0
1430,1,31,2044931,7*292133,0,1
1430,1,37,2044937,2044937,1,1
1430,1,41,2044941,3*681647,0,0
1430,1,43,2044943,2044943,1,1
1430,-1,3,2044897,251*8147,0,1
1430,-1,5,2044895,5*408979,0,0
1430,-1,7,2044893,3*681631,0,0
1430,-1,11,2044889,7*11*26557,0,0
1430,-1,13,2044887,3*13*52433,0,0
1430,-1,17,2044883,2044883,1,1
1430,-1,19,2044881,3*3*59*3851,0,0
1430,-1,23,2044877,29*107*659,0,0
1430,-1,29,2044871,71*83*347,0,0
1430,-1,31,2044869,3*681623,0,0
1430,-1,37,2044863,3*3*227207,0,0
1430,-1,41,2044859,103*19853,0,1
1430,-1,43,2044857,3*97*7027,0,0
1432,1,3,2050627,43*103*463,0,0
1432,1,5,2050629,3*7*97649,0,0
1432,1,7,2050631,11*277*673,0,0
1432,1,11,2050635,3*5*136709,0,0
1432,1,13,2050637,61*33617,0,1
1432,1,17,2050641,3*3*227849,0,0
1432,1,19,2050643,7*73*4013,0,0
1432,1,23,2050647,3*443*1543,0,0
1432,1,29,2050653,3*11*62141,0,0
1432,1,31,2050655,5*107*3833,0,0
1432,1,37,2050661,911*2251,0,1
1432,1,41,2050665,3*5*136711,0,0
1432,1,43,2050667,139*14753,0,1
1432,-1,3,2050621,2050621,1,1
1432,-1,5,2050619,29*31*2281,0,0
1432,-1,7,2050617,3*109*6271,0,0
1432,-1,11,2050613,19*107927,0,1
1432,-1,13,2050611,3*23*113*263,0,0
1432,-1,17,2050607,13*157739,0,1
1432,-1,19,2050605,3*3*5*45569,0,0
1432,-1,23,2050601,7*7*41849,0,0
1432,-1,29,2050595,5*410119,0,0
1432,-1,31,2050593,3*167*4093,0,0
1432,-1,37,2050587,3*3*7*11*11*269,0,0
1432,-1,41,2050583,449*4567,0,1
1432,-1,43,2050581,3*13*52579,0,0
1434,1,3,2056359,3*685453,0,0
1434,1,5,2056361,23*29*3083,0,0
1434,1,7,2056363,2056363,1,1
1434,1,11,2056367,599*3433,0,1
1434,1,13,2056369,7*293767,0,1
1434,1,17,2056373,11*71*2633,0,0
1434,1,19,2056375,5*5*5*16451,0,0
1434,1,23,2056379,13*317*499,0,0
1434,1,29,2056385,5*31*13267,0,0
1434,1,31,2056387,521*3947,0,1
1434,1,37,2056393,227*9059,0,1
1434,1,41,2056397,7*263*1117,0,0
1434,1,43,2056399,2056399,1,1
1434,-1,3,2056353,3*13*52727,0,0
1434,-1,5,2056351,11*19*9839,0,0
1434,-1,7,2056349,37*149*373,0,0
1434,-1,11,2056345,5*89*4621,0,0
1434,-1,13,2056343,2056343,1,1
1434,-1,17,2056339,2056339,1,1
1434,-1,19,2056337,17*73*1657,0,0
1434,-1,23,2056333,2056333,1,1
1434,-1,29,2056327,7*13*59*383,0,0
1434,-1,31,2056325,5*5*83*991,0,0
1434,-1,37,2056319,2056319,1,1
1434,-1,41,2056315,5*23*17881,0,0
1434,-1,43,2056313,7*19*15461,0,0
1436,1,3,2062099,13*127*1249,0,0
1436,1,5,2062101,3*643*1069,0,0
1436,1,7,2062103,29*211*337,0,0
1436,1,11,2062107,3*3*229123,0,0
1436,1,13,2062109,7*59*4993,0,0
1436,1,17,2062113,3*163*4217,0,0
1436,1,19,2062115,5*11*37493,0,0
1436,1,23,2062119,3*307*2239,0,0
1436,1,29,2062125,3*3*3*5*5*5*13*47,0,0
1436,1,31,2062127,19*108533,0,1
1436,1,37,2062133,181*11393,0,1
1436,1,41,2062137,3*7*11*79*113,0,0
1436,1,43,2062139,379*5441,0,1
1436,-1,3,2062093,11*187463,0,1
1436,-1,5,2062091,2062091,1,1
1436,-1,7,2062089,3*3*19*31*389,0,0
1436,-1,11,2062085,5*317*1301,0,0
1436,-1,13,2062083,3*17*40433,0,0
1436,-1,17,2062079,1237*1667,0,1
1436,-1,19,2062077,3*687359,0,0
1436,-1,23,2062073,13*158621,0,1
1436,-1,29,2062067,7*7*42083,0,0
1436,-1,31,2062065,3*5*23*43*139,0,0
1436,-1,37,2062059,3*67*10259,0,0
1436,-1,41,2062055,5*412411,0,0
1436,-1,43,2062053,3*3*7*71*461,0,0
1438,1,3,2067847,157*13171,0,1
1438,1,5,2067849,3*3*3*3*7*7*521,0,0
1438,1,7,2067851,2067851,1,1
1438,1,11,2067855,3*5*31*4447,0,0
1438,1,13,2067857,11*187987,0,1
1438,1,17,2067861,3*23*23*1303,0,0
1438,1,19,2067863,7*17*17377,0,0
1438,1,23,2067867,3*3*229763,0,0
1438,1,29,2067873,3*689291,0,0
1438,1,31,2067875,5*5*5*71*233,0,0
1438,1,37,2067881,283*7307,0,1
1438,1,41,2067885,3*3*5*45953,0,0
1438,1,43,2067887,2067887,1,1
1438,-1,3,2067841,769*2689,0,1
1438,-1,5,2067839,61*109*311,0,0
1438,-1,7,2067837,3*689279,0,0
1438,-1,11,2067833,503*4111,0,1
1438,-1,13,2067831,3*3*229759,0,0
1438,-1,17,2067827,19*43*2531,0,0
1438,-1,19,2067825,3*5*5*79*349,0,0
1438,-1,23,2067821,7*67*4409,0,0
1438,-1,29,2067815,5*23*17981,0,0
1438,-1,31,2067813,3*3*11*20887,0,0
1438,-1,37,2067807,3*7*98467,0,0
1438,-1,41,2067803,269*7687,0,1
1438,-1,43,2067801,3*689267,0,0
1440,1,3,2073603,3*7*19*5197,0,0
1440,1,5,2073605,5*414721,0,0
1440,1,7,2073607,2073607,1,1
1440,1,11,2073611,23*89*1013,0,0
1440,1,13,2073613,2073613,1,1
1440,1,17,2073617,7*13*22787,0,0
1440,1,19,2073619,2073619,1,1
1440,1,23,2073623,1051*1973,0,1
1440,1,29,2073629,1163*1783,0,1
1440,1,31,2073631,7*7*101*419,0,0
1440,1,37,2073637,433*4789,0,1
1440,1,41,2073641,19*109139,0,1
1440,1,43,2073643,11*13*17*853,0,0
1440,-1,3,2073597,3*691199,0,0
1440,-1,5,2073595,5*229*1811,0,0
1440,-1,7,2073593,47*44119,0,1
1440,-1,11,2073589,7*43*83*83,0,0
1440,-1,13,2073587,29*71503,0,1
1440,-1,17,2073583,67*30949,0,1
1440,-1,19,2073581,937*2213,0,1
1440,-1,23,2073577,11*11*17137,0,0
1440,-1,29,2073571,401*5171,0,1
1440,-1,31,2073569,97*21377,0,1
1440,-1,37,2073563,2073563,1,1
1440,-1,41,2073559,31*66889,0,1
1440,-1,43,2073557,661*3137,0,1
1442,1,3,2079367,877*2371,0,1
1442,1,5,2079369,3*3*231041,0,0
1442,1,7,2079371,7*127*2339,0,0
1442,1,11,2079375,3*5*5*5*5*1109,0,0
1442,1,13,2079377,71*29287,0,1
1442,1,17,2079381,3*693127,0,0
1442,1,19,2079383,271*7673,0,1
1442,1,23,2079387,3*3*29*31*257,0,0
1442,1,29,2079393,3*109*6359,0,0
1442,1,31,2079395,5*415879,0,0
1442,1,37,2079401,2079401,1,1
1442,1,41,2079405,3*3*3*5*73*211,0,0
1442,1,43,2079407,11*23*8219,0,0
1442,-1,3,2079361,23*90407,0,1
1442,-1,5,2079359,79*26321,0,1
1442,-1,7,2079357,3*7*99017,0,0
1442,-1,11,2079353,2079353,1,1
1442,-1,13,2079351,3*3*3*3*3*43*199,0,0
1442,-1,17,2079347,2079347,1,1
1442,-1,19,2079345,3*5*67*2069,0,0
1442,-1,23,2079341,11*19*9949,0,0
1442,-1,29,2079335,5*197*2111,0,0
1442,-1,31,2079333,3*3*463*499,0,0
1442,-1,37,2079327,3*47*14747,0,0
1442,-1,41,2079323,2079323,1,1
1442,-1,43,2079321,3*17*40771,0,0
1444,1,3,2085139,7*139*2143,0,0
1444,1,5,2085141,3*695047,0,0
1444,1,7,2085143,2085143,1,1
1444,1,11,2085147,3*3*191*1213,0,0
1444,1,13,2085149,11*189559,0,1
1444,1,17,2085153,3*7*31*3203,0,0
1444,1,19,2085155,5*19*47*467,0,0
1444,1,23,2085159,3*151*4603,0,0
1444,1,29,2085165,3*3*5*46337,0,0
1444,1,31,2085167,7*297881,0,1
1444,1,37,2085173,641*3253,0,1
1444,1,41,2085177,3*695059,0,0
1444,1,43,2085179,53*39343,0,1
1444,-1,3,2085133,2085133,1,1
1444,-1,5,2085131,2085131,1,1
1444,-1,7,2085129,3*3*3*29*2663,0,0
1444,-1,11,2085125,5*5*5*7*2383,0,0
1444,-1,13,2085123,3*347*2003,0,0
1444,-1,17,2085119,59*59*599,0,0
1444,-1,19,2085117,3*19*157*233,0,0
1444,-1,23,2085113,43*48491,0,1
1444,-1,29,2085107,67*31121,0,1
1444,-1,31,2085105,3*5*11*12637,0,0
1444,-1,37,2085099,3*73*9521,0,0
1444,-1,41,2085095,5*417019,0,0
1444,-1,43,2085093,3*3*231677,0,0
1446,1,3,2090919,3*31*22483,0,0
1446,1,5,2090921,7*281*1063,0,0
1446,1,7,2090923,2090923,1,1
1446,1,11,2090927,331*6317,0,1
1446,1,13,2090929,29*72101,0,1
1446,1,17,2090933,13*160841,0,1
1446,1,19,2090935,5*7*11*5431,0,0
1446,1,23,2090939,73*28643,0,1
1446,1,29,2090945,5*418189,0,0
1446,1,31,2090947,109*19183,0,1
1446,1,37,2090953,23*90911,0,1
1446,1,41,2090957,11*433*439,0,0
1446,1,43,2090959,13*41*3923,0,0
1446,-1,3,2090913,3*11*63361,0,0
1446,-1,5,2090911,769*2719,0,1
1446,-1,7,2090909,1093*1913,0,1
1446,-1,11,2090905,5*418181,0,0
1446,-1,13,2090903,53*39451,0,1
1446,-1,17,2090899,179*11681,0,1
1446,-1,19,2090897,61*151*227,0,0
1446,-1,23,2090893,7*19*79*199,0,0
1446,-1,29,2090887,107*19541,0,1
1446,-1,31,2090885,5*418177,0,0
1446,-1,37,2090879,7*7*71*601,0,0
1446,-1,41,2090875,5*5*5*43*389,0,0
1446,-1,43,2090873,2090873,1,1
1448,1,3,2096707,19*211*523,0,0
1448,1,5,2096709,3*698903,0,0
1448,1,7,2096711,641*3271,0,1
1448,1,11,2096715,3*5*113*1237,0,0
1448,1,13,2096717,7*47*6373,0,0
1448,1,17,2096721,3*3*11*21179,0,0
1448,1,19,2096723,43*48761,0,1
1448,1,23,2096727,3*271*2579,0,0
1448,1,29,2096733,3*53*13187,0,0
1448,1,31,2096735,5*157*2671,0,0
1448,1,37,2096741,2096741,1,1
1448,1,41,2096745,3*5*7*19*1051,0,0
1448,1,43,2096747,31*239*283,0,0
1448,-1,3,2096701,71*29531,0,1
1448,-1,5,2096699,11*41*4649,0,0
1448,-1,7,2096697,3*698899,0,0
1448,-1,11,2096693,2096693,1,1
1448,-1,13,2096691,3*701*997,0,0
1448,-1,17,2096687,2096687,1,1
1448,-1,19,2096685,3*3*3*3*5*31*167,0,0
1448,-1,23,2096681,2096681,1,1
1448,-1,29,2096675,5*5*7*11981,0,0
1448,-1,31,2096673,3*698891,0,0
1448,-1,37,2096667,3*3*232963,0,0
1448,-1,41,2096663,83*25261,0,1
1448,-1,43,2096661,3*7*7*17*839,0,0
1450,1,3,2102503,13*161731,0,1
1450,1,5,2102505,3*5*140167,0,0
1450,1,7,2102507,11*191137,0,1
1450,1,11,2102511,3*700837,0,0
1450,1,13,2102513,7*31*9689,0,0
1450,1,17,2102517,3*3*3*3*101*257,0,0
1450,1,19,2102519,2102519,1,1
1450,1,23,2102523,3*71*9871,0,0
1450,1,29,2102529,3*11*13*13*13*29,0,0
1450,1,31,2102531,2102531,1,1
1450,1,37,2102537,163*12899,0,1
1450,1,41,2102541,3*7*7*14303,0,0
1450,1,43,2102543,17*337*367,0,0
1450,-1,3,2102497,2102497,1,1
1450,-1,5,2102495,5*420499,0,0
1450,-1,7,2102493,3*700831,0,0
1450,-1,11,2102489,2102489,1,1
1450,-1,13,2102487,3*61*11489,0,0
1450,-1,17,2102483,19*239*463,0,0
1450,-1,19,2102481,3*3*233609,0,0
1450,-1,23,2102477,13*161729,0,1
1450,-1,29,2102471,7*29*10357,0,0
1450,-1,31,2102469,3*173*4051,0,0
1450,-1,37,2102463,3*3*3*11*7079,0,0
1450,-1,41,2102459,2102459,1,1
1450,-1,43,2102457,3*7*53*1889,0,0
1452,1,3,2108307,3*103*6823,0,0
1452,1,5,2108309,7*349*863,0,0
1452,1,7,2108311,1019*2069,0,1
1452,1,11,2108315,5*11*38333,0,0
1452,1,13,2108317,2108317,1,1
1452,1,17,2108321,89*23689,0,1
1452,1,19,2108323,7*7*17*2531,0,0
1452,1,23,2108327,13*127*1277,0,0
1452,1,29,2108333,43*49031,0,1
1452,1,31,2108335,5*19*22193,0,0
1452,1,37,2108341,23*31*2957,0,0
1452,1,41,2108345,5*71*5939,0,0
1452,1,43,2108347,2108347,1,1
1452,-1,3,2108301,3*13*54059,0,0
1452,-1,5,2108299,2108299,1,1
1452,-1,7,2108297,19*37*2999,0,0
1452,-1,11,2108293,11*137*1399,0,0
1452,-1,13,2108291,2108291,1,1
1452,-1,17,2108287,53*39779,0,1
1452,-1,19,2108285,5*421657,0,0
1452,-1,23,2108281,7*301183,0,1
1452,-1,29,2108275,5*5*13*13*499,0,0
1452,-1,31,2108273,79*26687,0,1
1452,-1,37,2108267,7*301181,0,1
1452,-1,41,2108263,2108263,1,1
1452,-1,43,2108261,41*51421,0,1
1454,1,3,2114119,7*79*3823,0,0
1454,1,5,2114121,3*409*1723,0,0
1454,1,7,2114123,11*192193,0,1
1454,1,11,2114127,3*3*3*78301,0,0
1454,1,13,2114129,29*72901,0,1
1454,1,17,2114133,3*7*100673,0,0
1454,1,19,2114135,5*422827,0,0
1454,1,23,2114139,3*704713,0,0
1454,1,29,2114145,3*3*5*11*4271,0,0
1454,1,31,2114147,7*59*5119,0,0
1454,1,37,2114153,73*28961,0,1
1454,1,41,2114157,3*704719,0,0
1454,1,43,2114159,2114159,1,1
1454,-1,3,2114113,2114113,1,1
1454,-1,5,2114111,19*111269,0,1
1454,-1,7,2114109,3*3*467*503,0,0
1454,-1,11,2114105,5*7*7*8629,0,0
1454,-1,13,2114103,3*17*41453,0,0
1454,-1,17,2114099,13*162623,0,1
1454,-1,19,2114097,3*331*2129,0,0
1454,-1,23,2114093,83*25471,0,1
1454,-1,29,2114087,2114087,1,1
1454,-1,31,2114085,3*5*140939,0,0
1454,-1,37,2114079,3*11*64063,0,0
1454,-1,41,2114075,5*5*103*821,0,0
1454,-1,43,2114073,3*3*3*13*19*317,0,0
1456,1,3,2119939,2119939,1,1
1456,1,5,2119941,3*3*109*2161,0,0
1456,1,7,2119943,7*43*7043,0,0
1456,1,11,2119947,3*53*67*199,0,0
1456,1,13,2119949,13*313*521,0,0
1456,1,17,2119953,3*11*227*283,0,0
1456,1,19,2119955,5*423991,0,0
1456,1,23,2119959,3*3*3*78517,0,0
1456,1,29,2119965,3*5*79*1789,0,0
1456,1,31,2119967,2119967,1,1
1456,1,37,2119973,131*16183,0,1
1456,1,41,2119977,3*3*235553,0,0
1456,1,43,2119979,23*92173,0,1
1456,-1,3,2119933,23*61*1511,0,0
1456,-1,5,2119931,11*439*439,0,0
1456,-1,7,2119929,3*7*29*59*59,0,0
1456,-1,11,2119925,5*5*19*4463,0,0
1456,-1,13,2119923,3*3*13*18119,0,0
1456,-1,17,2119919,2119919,1,1
1456,-1,19,2119917,3*17*197*211,0,0
1456,-1,23,2119913,2119913,1,1
1456,-1,29,2119907,2119907,1,1
1456,-1,31,2119905,3*3*3*5*41*383,0,0
1456,-1,37,2119899,3*706633,0,0
1456,-1,41,2119895,5*359*1181,0,0
1456,-1,43,2119893,3*706631,0,0
1458,1,3,2125767,3*7*7*14461,0,0
1458,1,5,2125769,107*19867,0,1
1458,1,7,2125771,2125771,1,1
1458,1,11,2125775,5*5*23*3697,0,0
1458,1,13,2125777,19*53*2111,0,0
1458,1,17,2125781,7*303683,0,1
1458,1,19,2125783,11*149*1297,0,0
1458,1,23,2125787,29*73303,0,1
1458,1,29,2125793,2125793,1,1
1458,1,31,2125795,5*7*60737,0,0
1458,1,37,2125801,2125801,1,1
1458,1,41,2125805,5*11*38651,0,0
1458,1,43,2125807,229*9283,0,1
1458,-1,3,2125761,3*11*37*1741,0,0
1458,-1,5,2125759,349*6091,0,1
1458,-1,7,2125757,2125757,1,1
1458,-1,11,2125753,7*303679,0,1
1458,-1,13,2125751,2125751,1,1
1458,-1,17,2125747,13*101*1619,0,0
1458,-1,19,2125745,5*425149,0,0
1458,-1,23,2125741,2125741,1,1
1458,-1,29,2125735,5*425147,0,0
1458,-1,31,2125733,2125733,1,1
1458,-1,37,2125727,41*139*373,0,0
1458,-1,41,2125723,743*2861,0,1
1458,-1,43,2125721,13*163517,0,1
1460,1,3,2131603,2131603,1,1
1460,1,5,2131605,3*3*5*7*67*101,0,0
1460,1,7,2131607,37*53*1087,0,0
1460,1,11,2131611,3*59*12043,0,0
1460,1,13,2131613,11*17*11399,0,0
1460,1,17,2131617,3*23*30893,0,0
1460,1,19,2131619,7*304517,0,1
1460,1,23,2131623,3*3*3*13*6073,0,0
1460,1,29,2131629,3*19*37397,0,0
1460,1,31,2131631,41*51991,0,1
1460,1,37,2131637,181*11777,0,1
1460,1,41,2131641,3*3*239*991,0,0
1460,1,43,2131643,683*3121,0,1
1460,-1,3,2131597,13*13*12613,0,0
1460,-1,5,2131595,5*426319,0,0
1460,-1,7,2131593,3*710531,0,0
1460,-1,11,2131589,157*13577,0,1
1460,-1,13,2131587,3*3*29*8167,0,0
1460,-1,17,2131583,137*15559,0,1
1460,-1,19,2131581,3*710527,0,0
1460,-1,23,2131577,7*304511,0,1
1460,-1,29,2131571,13*23*7129,0,0
1460,-1,31,2131569,3*3*3*11*7177,0,0
1460,-1,37,2131563,3*7*101503,0,0
1460,-1,41,2131559,2131559,1,1
1460,-1,43,2131557,3*710519,0,0
1462,1,3,2137447,13*164419,0,1
1462,1,5,2137449,3*712483,0,0
1462,1,7,2137451,2137451,1,1
1462,1,11,2137455,3*3*3*5*71*223,0,0
1462,1,13,2137457,7*305351,0,1
1462,1,17,2137461,3*17*41911,0,0
1462,1,19,2137463,101*21163,0,1
1462,1,23,2137467,3*712489,0,0
1462,1,29,2137473,3*3*13*18269,0,0
1462,1,31,2137475,5*5*193*443,0,0
1462,1,37,2137481,19*19*31*191,0,0
1462,1,41,2137485,3*5*7*20357,0,0
1462,1,43,2137487,11*43*4519,0,0
1462,-1,3,2137441,2137441,1,1
1462,-1,5,2137439,179*11941,0,1
1462,-1,7,2137437,3*3*53*4481,0,0
1462,-1,11,2137433,167*12799,0,1
1462,-1,13,2137431,3*712477,0,0
1462,-1,17,2137427,17*125731,0,1
1462,-1,19,2137425,3*5*5*28499,0,0
1462,-1,23,2137421,11*13*14947,0,0
1462,-1,29,2137415,5*7*173*353,0,0
1462,-1,31,2137413,3*23*30977,0,0
1462,-1,37,2137407,3*619*1151,0,0
1462,-1,41,2137403,139*15377,0,1
1462,-1,43,2137401,3*3*3*7*43*263,0,0
1464,1,3,2143299,3*37*19309,0,0
1464,1,5,2143301,23*93187,0,1
1464,1,7,2143303,29*73907,0,1
1464,1,11,2143307,709*3023,0,1
1464,1,13,2143309,7*7*17*31*83,0,0
1464,1,17,2143313,2143313,1,1
1464,1,19,2143315,5*428663,0,0
1464,1,23,2143319,2143319,1,1
1464,1,29,2143325,5*5*85733,0,0
1464,1,31,2143327,103*20809,0,1
1464,1,37,2143333,19*112807,0,1
1464,1,41,2143337,7*306191,0,1
1464,1,43,2143339,11*271*719,0,0
1464,-1,3,2143293,3*59*12109,0,0
1464,-1,5,2143291,131*16361,0,1
1464,-1,7,2143289,251*8539,0,1
1464,-1,11,2143285,5*428657,0,0
1464,-1,13,2143283,503*4261,0,1
1464,-1,17,2143279,2143279,1,1
1464,-1,19,2143277,71*30187,0,1
1464,-1,23,2143273,11*11*17713,0,0
1464,-1,29,2143267,7*53*53*109,0,0
1464,-1,31,2143265,5*193*2221,0,0
1464,-1,37,2143259,2143259,1,1
1464,-1,41,2143255,5*23*18637,0,0
1464,-1,43,2143253,7*223*1373,0,0
1466,1,3,2149159,67*32077,0,1
1466,1,5,2149161,3*7*29*3529,0,0
1466,1,7,2149163,547*3929,0,1
1466,1,11,2149167,3*716389,0,0
1466,1,13,2149169,11*47*4157,0,0
1466,1,17,2149173,3*3*3*3*13*13*157,0,0
1466,1,19,2149175,5*5*7*12281,0,0
1466,1,23,2149179,3*41*101*173,0,0
1466,1,29,2149185,3*5*19*7541,0,0
1466,1,31,2149187,2149187,1,1
1466,1,37,2149193,59*73*499,0,0
1466,1,41,2149197,3*716399,0,0
1466,1,43,2149199,13*31*5333,0,0
1466,-1,3,2149153,109*19717,0,1
1466,-1,5,2149151,2149151,1,1
1466,-1,7,2149149,3*716383,0,0
1466,-1,11,2149145,5*37*11617,0,0
1466,-1,13,2149143,3*23*31147,0,0
1466,-1,17,2149139,2149139,1,1
1466,-1,19,2149137,3*3*31*7703,0,0
1466,-1,23,2149133,7*307019,0,1
1466,-1,29,2149127,2149127,1,1
1466,-1,31,2149125,3*5*5*5*11*521,0,0
1466,-1,37,2149119,3*3*3*7*83*137,0,0
1466,-1,41,2149115,5*429823,0,0
1466,-1,43,2149113,3*569*1259,0,0
1468,1,3,2155027,7*31*9931,0,0
1468,1,5,2155029,3*718343,0,0
1468,1,7,2155031,23*43*2179,0,0
1468,1,11,2155035,3*5*143669,0,0
1468,1,13,2155037,19*101*1123,0,0
1468,1,17,2155041,3*3*7*79*433,0,0
1468,1,19,2155043,11*195913,0,1
1468,1,23,2155047,3*718349,0,0
1468,1,29,2155053,3*191*3761,0,0
1468,1,31,2155055,5*7*67*919,0,0
1468,1,37,2155061,173*12457,0,1
1468,1,41,2155065,3*5*11*37*353,0,0
1468,1,43,2155067,2155067,1,1
1468,-1,3,2155021,11*409*479,0,0
1468,-1,5,2155019,29*74311,0,1
1468,-1,7,2155017,3*233*3083,0,0
1468,-1,11,2155013,7*307859,0,1
1468,-1,13,2155011,3*718337,0,0
1468,-1,17,2155007,2155007,1,1
1468,-1,19,2155005,3*3*3*3*5*17*313,0,0
1468,-1,23,2155001,41*52561,0,1
1468,-1,29,2154995,5*430999,0,0
1468,-1,31,2154993,3*718331,0,0
1468,-1,37,2154987,3*3*149*1607,0,0
1468,-1,41,2154983,197*10939,0,1
1468,-1,43,2154981,3*179*4013,0,0
1470,1,3,2160903,3*720301,0,0
1470,1,5,2160905,5*41*83*127,0,0
1470,1,7,2160907,7*308701,0,1
1470,1,11,2160911,37*58403,0,1
1470,1,13,2160913,2160913,1,1
1470,1,17,2160917,11*31*6337,0,0
1470,1,19,2160919,23*47*1999,0,0
1470,1,23,2160923,2160923,1,1
1470,1,29,2160929,619*3491,0,1
1470,1,31,2160931,2160931,1,1
1470,1,37,2160937,2160937,1,1
1470,1,41,2160941,199*10859,0,1
1470,1,43,2160943,173*12491,0,1
1470,-1,3,2160897,3*720299,0,0
1470,-1,5,2160895,5*11*101*389,0,0
1470,-1,7,2160893,7*197*1567,0,0
1470,-1,11,2160889,19*113731,0,1
1470,-1,13,2160887,17*79*1609,0,0
1470,-1,17,2160883,2160883,1,1
1470,-1,19,2160881,2160881,1,1
1470,-1,23,2160877,29*269*277,0,0
1470,-1,29,2160871,397*5443,0,1
1470,-1,31,2160869,97*22277,0,1
1470,-1,37,2160863,53*40771,0,1
1470,-1,41,2160859,251*8609,0,1
1470,-1,43,2160857,2160857,1,1
1472,1,3,2166787,7*309541,0,1
1472,1,5,2166789,3*523*1381,0,0
1472,1,7,2166791,11*281*701,0,0
1472,1,11,2166795,3*3*5*179*269,0,0
1472,1,13,2166797,2166797,1,1
1472,1,17,2166801,3*7*13*7937,0,0
1472,1,19,2166803,17*197*647,0,0
1472,1,23,2166807,3*23*31*1013,0,0
1472,1,29,2166813,3*3*11*43*509,0,0
1472,1,31,2166815,5*7*61909,0,0
1472,1,37,2166821,2166821,1,1
1472,1,41,2166825,3*5*5*167*173,0,0
1472,1,43,2166827,13*166679,0,1
1472,-1,3,2166781,61*35521,0,1
1472,-1,5,2166779,19*114041,0,1
1472,-1,7,2166777,3*3*3*80251,0,0
1472,-1,11,2166773,7*309539,0,1
1472,-1,13,2166771,3*722257,0,0
1472,-1,17,2166767,257*8431,0,1
1472,-1,19,2166765,3*5*144451,0,0
1472,-1,23,2166761,23*94207,0,1
1472,-1,29,2166755,5*433351,0,0
1472,-1,31,2166753,3*101*7151,0,0
1472,-1,37,2166747,3*11*11*47*127,0,0
1472,-1,41,2166743,379*5717,0,1
1472,-1,43,2166741,3*3*19*12671,0,0
1474,1,3,2172679,2172679,1,1
1474,1,5,2172681,3*3*7*34487,0,0
1474,1,7,2172683,137*15859,0,1
1474,1,11,2172687,3*11*65839,0,0
1474,1,13,2172689,223*9743,0,1
1474,1,17,2172693,3*461*1571,0,0
1474,1,19,2172695,5*7*23*2699,0,0
1474,1,23,2172699,3*3*73*3307,0,0
1474,1,29,2172705,3*5*144847,0,0
1474,1,31,2172707,19*173*661,0,0
1474,1,37,2172713,41*197*269,0,0
1474,1,41,2172717,3*3*3*80471,0,0
1474,1,43,2172719,17*127807,0,1
1474,-1,3,2172673,2172673,1,1
1474,-1,5,2172671,71*71*431,0,0
1474,-1,7,2172669,3*19*47*811,0,0
1474,-1,11,2172665,5*11*39503,0,0
1474,-1,13,2172663,3*3*3*3*3*8941,0,0
1474,-1,17,2172659,2172659,1,1
1474,-1,19,2172657,3*724219,0,0
1474,-1,23,2172653,7*310379,0,1
1474,-1,29,2172647,1399*1553,0,1
1474,-1,31,2172645,3*3*5*48281,0,0
1474,-1,37,2172639,3*7*307*337,0,0
1474,-1,41,2172635,5*31*107*131,0,0
1474,-1,43,2172633,3*724211,0,0
1476,1,3,2178579,3*13*13*4297,0,0
1476,1,5,2178581,2178581,1,1
1476,1,7,2178583,11*23*79*109,0,0
1476,1,11,2178587,31*31*2267,0,0
1476,1,13,2178589,7*7*173*257,0,0
1476,1,17,2178593,281*7753,0,1
1476,1,19,2178595,5*43*10133,0,0
1476,1,23,2178599,2178599,1,1
1476,1,29,2178605,5*11*11*13*277,0,0
1476,1,31,2178607,541*4027,0,1
1476,1,37,2178613,1423*1531,0,1
1476,1,41,2178617,7*41*7591,0,0
1476,1,43,2178619,2178619,1,1
1476,-1,3,2178573,3*726191,0,0
1476,-1,5,2178571,2178571,1,1
1476,-1,7,2178569,271*8039,0,1
1476,-1,11,2178565,5*53*8221,0,0
1476,-1,13,2178563,599*3637,0,1
1476,-1,17,2178559,19*114661,0,1
1476,-1,19,2178557,2178557,1,1
1476,-1,23,2178553,13*103*1627,0,0
1476,-1,29,2178547,7*139*2239,0,0
1476,-1,31,2178545,5*435709,0,0
1476,-1,37,2178539,11*73*2713,0,0
1476,-1,41,2178535,5*41*10627,0,0
1476,-1,43,2178533,7*17*18307,0,0
1478,1,3,2184487,19*114973,0,1
1478,1,5,2184489,3*3*3*3*149*181,0,0
1478,1,7,2184491,2184491,1,1
1478,1,11,2184495,3*5*145633,0,0
1478,1,13,2184497,7*312071,0,1
1478,1,17,2184501,3*11*53*1249,0,0
1478,1,19,2184503,2184503,1,1
1478,1,23,2184507,3*3*13*18671,0,0
1478,1,29,2184513,3*47*15493,0,0
1478,1,31,2184515,5*359*1217,0,0
1478,1,37,2184521,41*53281,0,1
1478,1,41,2184525,3*3*5*5*7*19*73,0,0
1478,1,43,2184527,103*127*167,0,0
1478,-1,3,2184481,13*168037,0,1
1478,-1,5,2184479,11*198589,0,1
1478,-1,7,2184477,3*31*83*283,0,0
1478,-1,11,2184473,2184473,1,1
1478,-1,13,2184471,3*3*23*61*173,0,0
1478,-1,17,2184467,191*11437,0,1
1478,-1,19,2184465,3*5*137*1063,0,0
1478,-1,23,2184461,2184461,1,1
1478,-1,29,2184455,5*7*13*4801,0,0
1478,-1,31,2184453,3*3*251*967,0,0
1478,-1,37,2184447,3*317*2297,0,0
1478,-1,41,2184443,37*43*1373,0,0
1478,-1,43,2184441,3*7*104021,0,0
1480,1,3,2190403,2190403,1,1
1480,1,5,2190405,3*5*7*23*907,0,0
1480,1,7,2190407,2190407,1,1
1480,1,11,2190411,3*3*257*947,0,0
1480,1,13,2190413,2190413,1,1
1480,1,17,2190417,3*730139,0,0
1480,1,19,2190419,7*11*28447,0,0
1480,1,23,2190423,3*179*4079,0,0
1480,1,29,2190429,3*3*3*31*2617,0,0
1480,1,31,2190431,67*32693,0,1
1480,1,37,2190437,37*53*1117,0,0
1480,1,41,2190441,3*11*66377,0,0
1480,1,43,2190443,197*11119,0,1
1480,-1,3,2190397,11*107*1861,0,0
1480,-1,5,2190395,5*281*1559,0,0
1480,-1,7,2190393,3*3*199*1223,0,0
1480,-1,11,2190389,2190389,1,1
1480,-1,13,2190387,3*101*7229,0,0
1480,-1,17,2190383,13*168491,0,1
1480,-1,19,2190381,3*683*1069,0,0
1480,-1,23,2190377,7*19*43*383,0,0
1480,-1,29,2190371,2190371,1,1
1480,-1,31,2190369,3*127*5749,0,0
1480,-1,37,2190363,3*7*37*2819,0,0
1480,-1,41,2190359,23*95233,0,1
1480,-1,43,2190357,3*3*13*97*193,0,0
1482,1,3,2196327,3*7*7*67*223,0,0
1482,1,5,2196329,41*53569,0,1
1482,1,7,2196331,2196331,1,1
1482,1,11,2196335,5*509*863,0,0
1482,1,13,2196337,11*13*15359,0,0
1482,1,17,2196341,7*313763,0,1
1482,1,19,2196343,19*115597,0,1
1482,1,23,2196347,2196347,1,1
1482,1,29,2196353,197*11149,0,1
1482,1,31,2196355,5*7*62753,0,0
1482,1,37,2196361,2196361,1,1
1482,1,41,2196365,5*439273,0,0
1482,1,43,2196367,2196367,1,1
1482,-1,3,2196321,3*313*2339,0,0
1482,-1,5,2196319,31*70849,0,1
1482,-1,7,2196317,439*5003,0,1
1482,-1,11,2196313,7*263*1193,0,0
1482,-1,13,2196311,13*43*3929,0,0
1482,-1,17,2196307,2196307,1,1
1482,-1,19,2196305,5*19*61*379,0,0
1482,-1,23,2196301,467*4703,0,1
1482,-1,29,2196295,5*151*2909,0,0
1482,-1,31,2196293,11*23*8681,0,0
1482,-1,37,2196287,2196287,1,1
1482,-1,41,2196283,37*59359,0,1
1482,-1,43,2196281,17*129193,0,1
1484,1,3,2202259,1231*1789,0,1
1484,1,5,2202261,3*734087,0,0
1484,1,7,2202263,7*197*1597,0,0
1484,1,11,2202267,3*521*1409,0,0
1484,1,13,2202269,2202269,1,1
1484,1,17,2202273,3*3*23*10639,0,0
1484,1,19,2202275,5*5*137*643,0,0
1484,1,23,2202279,3*47*15619,0,0
1484,1,29,2202285,3*5*146819,0,0
1484,1,31,2202287,2202287,1,1
1484,1,37,2202293,59*163*229,0,0
1484,1,41,2202297,3*719*1021,0,0
1484,1,43,2202299,11*17*11777,0,0
1484,-1,3,2202253,2202253,1,1
1484,-1,5,2202251,421*5231,0,1
1484,-1,7,2202249,3*7*104869,0,0
1484,-1,11,2202245,5*43*10243,0,0
1484,-1,13,2202243,3*103*7127,0,0
1484,-1,17,2202239,13*13*83*157,0,0
1484,-1,19,2202237,3*3*179*1367,0,0
1484,-1,23,2202233,11*19*41*257,0,0
1484,-1,29,2202227,23*23*23*181,0,0
1484,-1,31,2202225,3*5*5*29363,0,0
1484,-1,37,2202219,3*3*244691,0,0
1484,-1,41,2202215,5*440443,0,0
1484,-1,43,2202213,3*13*56467,0,0
1486,1,3,2208199,7*19*16603,0,0
1486,1,5,2208201,3*47*15661,0,0
1486,1,7,2208203,2208203,1,1
1486,1,11,2208207,3*23*32003,0,0
1486,1,13,2208209,359*6151,0,1
1486,1,17,2208213,3*3*7*35051,0,0
1486,1,19,2208215,5*17*83*313,0,0
1486,1,23,2208219,3*13*41*1381,0,0
1486,1,29,2208225,3*5*5*29443,0,0
1486,1,31,2208227,7*315461,0,1
1486,1,37,2208233,929*2377,0,1
1486,1,41,2208237,3*19*19*2039,0,0
1486,1,43,2208239,11*367*547,0,0
1486,-1,3,2208193,13*59*2879,0,0
1486,-1,5,2208191,409*5399,0,1
1486,-1,7,2208189,3*736063,0,0
1486,-1,11,2208185,5*7*7*9013,0,0
1486,-1,13,2208183,3*736061,0,0
1486,-1,17,2208179,43*89*577,0,0
1486,-1,19,2208177,3*3*73*3361,0,0
1486,-1,23,2208173,11*197*1019,0,0
1486,-1,29,2208167,13*169859,0,1
1486,-1,31,2208165,3*5*147211,0,0
1486,-1,37,2208159,3*3*107*2293,0,0
1486,-1,41,2208155,5*441631,0,0
1486,-1,43,2208153,3*736051,0,0
1488,1,3,2214147,3*13*56773,0,0
1488,1,5,2214149,7*67*4721,0,0
1488,1,7,2214151,107*20693,0,1
1488,1,11,2214155,5*442831,0,0
1488,1,13,2214157,11*201287,0,1
1488,1,17,2214161,2214161,1,1
1488,1,19,2214163,7*7*73*619,0,0
1488,1,23,2214167,223*9929,0,1
1488,1,29,2214173,13*181*941,0,0
1488,1,31,2214175,5*5*31*2857,0,0
1488,1,37,2214181,53*41777,0,1
1488,1,41,2214185,5*442837,0,0
1488,1,43,2214187,23*96269,0,1
1488,-1,3,2214141,3*23*32089,0,0
1488,-1,5,2214139,269*8231,0,1
1488,-1,7,2214137,2214137,1,1
1488,-1,11,2214133,79*28027,0,1
1488,-1,13,2214131,17*139*937,0,0
1488,-1,17,2214127,19*116533,0,1
1488,-1,19,2214125,5*5*5*17713,0,0
1488,-1,23,2214121,7*13*29*839,0,0
1488,-1,29,2214115,5*442823,0,0
1488,-1,31,2214113,11*31*43*151,0,0
1488,-1,37,2214107,7*316301,0,1
1488,-1,41,2214103,2214103,1,1
1488,-1,43,2214101,2214101,1,1
1490,1,3,2220103,769*2887,0,1
1490,1,5,2220105,3*5*89*1663,0,0
1490,1,7,2220107,911*2437,0,1
1490,1,11,2220111,3*3*37*59*113,0,0
1490,1,13,2220113,7*317159,0,1
1490,1,17,2220117,3*53*13963,0,0
1490,1,19,2220119,11*201829,0,1
1490,1,23,2220123,3*740041,0,0
1490,1,29,2220129,3*3*3*3*27409,0,0
1490,1,31,2220131,19*116849,0,1
1490,1,37,2220137,79*157*179,0,0
1490,1,41,2220141,3*7*7*11*1373,0,0
1490,1,43,2220143,107*20749,0,1
1490,-1,3,2220097,11*201827,0,1
1490,-1,5,2220095,5*29*61*251,0,0
1490,-1,7,2220093,3*3*19*12983,0,0
1490,-1,11,2220089,2220089,1,1
1490,-1,13,2220087,3*127*5827,0,0
1490,-1,17,2220083,2220083,1,1
1490,-1,19,2220081,3*17*101*431,0,0
1490,-1,23,2220077,2220077,1,1
1490,-1,29,2220071,7*239*1327,0,0
1490,-1,31,2220069,3*740023,0,0
1490,-1,37,2220063,3*740021,0,0
1490,-1,41,2220059,2220059,1,1
1490,-1,43,2220057,3*3*7*131*269,0,0
1492,1,3,2226067,43*51769,0,1
1492,1,5,2226069,3*3*3*29*2843,0,0
1492,1,7,2226071,1171*1901,0,1
1492,1,11,2226075,3*5*5*67*443,0,0
1492,1,13,2226077,7*487*653,0,0
1492,1,17,2226081,3*11*13*5189,0,0
1492,1,19,2226083,131*16993,0,1
1492,1,23,2226087,3*3*247343,0,0
1492,1,29,2226093,3*742031,0,0
1492,1,31,2226095,5*41*10859,0,0
1492,1,37,2226101,23*96787,0,1
1492,1,41,2226105,3*3*5*7*37*191,0,0
1492,1,43,2226107,13*109*1571,0,0
1492,-1,3,2226061,47*47363,0,1
1492,-1,5,2226059,11*19*10651,0,0
1492,-1,7,2226057,3*307*2417,0,0
1492,-1,11,2226053,53*97*433,0,0
1492,-1,13,2226051,3*3*247339,0,0
1492,-1,17,2226047,457*4871,0,1
1492,-1,19,2226045,3*5*148403,0,0
1492,-1,23,2226041,2226041,1,1
1492,-1,29,2226035,5*7*63601,0,0
1492,-1,31,2226033,3*3*247337,0,0
1492,-1,37,2226027,3*742009,0,0
1492,-1,41,2226023,2226023,1,1
1492,-1,43,2226021,3*7*7*19*797,0,0
1494,1,3,2232039,3*571*1303,0,0
1494,1,5,2232041,7*318863,0,1
1494,1,7,2232043,11*29*6997,0,0
1494,1,11,2232047,311*7177,0,1
1494,1,13,2232049,17*131297,0,1
1494,1,17,2232053,2232053,1,1
1494,1,19,2232055,5*7*63773,0,0
1494,1,23,2232059,2232059,1,1
1494,1,29,2232065,5*11*40583,0,0
1494,1,31,2232067,97*23011,0,1
1494,1,37,2232073,827*2699,0,1
1494,1,41,2232077,47*47491,0,1
1494,1,43,2232079,947*2357,0,1
1494,-1,3,2232033,3*659*1129,0,0
1494,-1,5,2232031,31*89*809,0,0
1494,-1,7,2232029,59*37831,0,1
1494,-1,11,2232025,5*5*19*37*127,0,0
1494,-1,13,2232023,2232023,1,1
1494,-1,17,2232019,353*6323,0,1
1494,-1,19,2232017,2232017,1,1
1494,-1,23,2232013,7*419*761,0,0
1494,-1,29,2232007,223*10009,0,1
1494,-1,31,2232005,5*446401,0,0
1494,-1,37,2231999,7*7*11*41*101,0,0
1494,-1,41,2231995,5*446399,0,0
1494,-1,43,2231993,109*20477,0,1
1496,1,3,2238019,7*37*8641,0,0
1496,1,5,2238021,3*3*43*5783,0,0
1496,1,7,2238023,2238023,1,1
1496,1,11,2238027,3*11*67819,0,0
1496,1,13,2238029,19*61*1931,0,0
1496,1,17,2238033,3*7*17*6269,0,0
1496,1,19,2238035,5*157*2851,0,0
1496,1,23,2238039,3*3*139*1789,0,0
1496,1,29,2238045,3*5*31*4813,0,0
1496,1,31,2238047,7*59*5419,0,0
1496,1,37,2238053,2238053,1,1
1496,1,41,2238057,3*3*3*82891,0,0
1496,1,43,2238059,101*22159,0,1
1496,-1,3,2238013,2238013,1,1
1496,-1,5,2238011,2238011,1,1
1496,-1,7,2238009,3*607*1229,0,0
1496,-1,11,2238005,5*7*11*5813,0,0
1496,-1,13,2238003,3*3*3*82889,0,0
1496,-1,17,2237999,17*47*2801,0,0
1496,-1,19,2237997,3*745999,0,0
1496,-1,23,2237993,227*9859,0,1
1496,-1,29,2237987,1103*2029,0,1
1496,-1,31,2237985,3*3*5*41*1213,0,0
1496,-1,37,2237979,3*745993,0,0
1496,-1,41,2237975,5*5*89519,0,0
1496,-1,43,2237973,3*647*1153,0,0
1498,1,3,2244007,61*36787,0,1
1498,1,5,2244009,3*748003,0,0
1498,1,7,2244011,7*11*151*193,0,0
1498,1,11,2244015,3*3*5*47*1061,0,0
1498,1,13,2244017,17*132001,0,1
1498,1,17,2244021,3*13*163*353,0,0
1498,1,19,2244023,233*9631,0,1
1498,1,23,2244027,3*197*3797,0,0
1498,1,29,2244033,3*3*11*19*1193,0,0
1498,1,31,2244035,5*448807,0,0
1498,1,37,2244041,23*43*2269,0,0
1498,1,41,2244045,3*5*149603,0,0
1498,1,43,2244047,13*172619,0,1
1498,-1,3,2244001,157*14293,0,1
1498,-1,5,2243999,719*3121,0,1
1498,-1,7,2243997,3*3*3*7*31*383,0,0
1498,-1,11,2243993,1063*2111,0,1
1498,-1,13,2243991,3*29*25793,0,0
1498,-1,17,2243987,2243987,1,1
1498,-1,19,2243985,3*5*211*709,0,0
1498,-1,23,2243981,971*2311,0,1
1498,-1,29,2243975,5*5*89759,0,0
1498,-1,31,2243973,3*747991,0,0
1498,-1,37,2243967,3*11*53*1283,0,0
1498,-1,41,2243963,127*17669,0,1
1498,-1,43,2243961,3*3*249329,0,0
1500,1,3,2250003,3*7*307*349,0,0
1500,1,5,2250005,5*450001,0,0
1500,1,7,2250007,37*60811,0,1
1500,1,11,2250011,31*181*401,0,0
1500,1,13,2250013,2250013,1,1
1500,1,17,2250017,7*11*29221,0,0
1500,1,19,2250019,541*4159,0,1
1500,1,23,2250023,29*77587,0,1
1500,1,29,2250029,2250029,1,1
1500,1,31,2250031,7*7*47*977,0,0
1500,1,37,2250037,19*118423,0,1
1500,1,41,2250041,2250041,1,1
1500,1,43,2250043,2250043,1,1
1500,-1,3,2249997,3*443*1693,0,0
1500,-1,5,2249995,5*11*11*3719,0,0
1500,-1,7,2249993,139*16187,0,1
1500,-1,11,2249989,7*321427,0,1
1500,-1,13,2249987,2249987,1,1
1500,-1,17,2249983,2249983,1,1
1500,-1,19,2249981,2249981,1,1
1500,-1,23,2249977,101*22277,0,1
1500,-1,29,2249971,587*3833,0,1
1500,-1,31,2249969,2249969,1,1
1500,-1,37,2249963,2249963,1,1
1500,-1,41,2249959,2249959,1,1
1500,-1,43,2249957,41*54877,0,1
1502,1,3,2256007,13*173539,0,1
1502,1,5,2256009,3*7*7*103*149,0,0
1502,1,7,2256011,967*2333,0,1
1502,1,11,2256015,3*5*150401,0,0
1502,1,13,2256017,2256017,1,1
1502,1,17,2256021,3*3*439*571,0,0
1502,1,19,2256023,7*11*83*353,0,0
1502,1,23,2256027,3*752009,0,0
1502,1,29,2256033,3*13*57847,0,0
1502,1,31,2256035,5*451207,0,0
1502,1,37,2256041,19*118739,0,1
1502,1,41,2256045,3*5*11*11*11*113,0,0
1502,1,43,2256047,23*47*2087,0,0
1502,-1,3,2256001,11*23*37*241,0,0
1502,-1,5,2255999,2255999,1,1
1502,-1,7,2255997,3*29*25931,0,0
1502,-1,11,2255993,661*3413,0,1
1502,-1,13,2255991,3*751997,0,0
1502,-1,17,2255987,2255987,1,1
1502,-1,19,2255985,3*3*3*5*17*983,0,0
1502,-1,23,2255981,7*13*13*1907,0,0
1502,-1,29,2255975,5*5*90239,0,0
1502,-1,31,2255973,3*109*6899,0,0
1502,-1,37,2255967,3*3*7*35809,0,0
1502,-1,41,2255963,31*61*1193,0,0
1502,-1,43,2255961,3*751987,0,0
1504,1,3,2262019,283*7993,0,1
1504,1,5,2262021,3*269*2803,0,0
1504,1,7,2262023,179*12637,0,1
1504,1,11,2262027,3*23*32783,0,0
1504,1,13,2262029,7*11*29*1013,0,0
1504,1,17,2262033,3*3*3*199*421,0,0
1504,1,19,2262035,5*389*1163,0,0
1504,1,23,2262039,3*13*31*1871,0,0
1504,1,29,2262045,3*5*19*7937,0,0
1504,1,31,2262047,1087*2081,0,1
1504,1,37,2262053,2262053,1,1
1504,1,41,2262057,3*7*107717,0,0
1504,1,43,2262059,359*6301,0,1
1504,-1,3,2262013,13*191*911,0,0
1504,-1,5,2262011,41*55171,0,1
1504,-1,7,2262009,3*754003,0,0
1504,-1,11,2262005,5*452401,0,0
1504,-1,13,2262003,3*17*17*2609,0,0
1504,-1,17,2261999,83*27253,0,1
1504,-1,19,2261997,3*3*127*1979,0,0
1504,-1,23,2261993,2261993,1,1
1504,-1,29,2261987,7*7*13*53*67,0,0
1504,-1,31,2261985,3*5*11*13709,0,0
1504,-1,37,2261979,3*3*3*83777,0,0
1504,-1,41,2261975,5*5*173*523,0,0
1504,-1,43,2261973,3*7*107713,0,0
1506,1,3,2268039,3*211*3583,0,0
1506,1,5,2268041,61*37181,0,1
1506,1,7,2268043,2268043,1,1
1506,1,11,2268047,419*5413,0,1
1506,1,13,2268049,7*19*17053,0,0
1506,1,17,2268053,23*31*3181,0,0
1506,1,19,2268055,5*17*26683,0,0
1506,1,23,2268059,887*2557,0,1
1506,1,29,2268065,5*479*947,0,0
1506,1,31,2268067,2268067,1,1
1506,1,37,2268073,2268073,1,1
1506,1,41,2268077,7*324011,0,1
1506,1,43,2268079,11*41*47*107,0,0
1506,-1,3,2268033,3*756011,0,0
1506,-1,5,2268031,2268031,1,1
1506,-1,7,2268029,53*42793,0,1
1506,-1,11,2268025,5*5*257*353,0,0
1506,-1,13,2268023,113*20071,0,1
1506,-1,17,2268019,13*59*2957,0,0
1506,-1,19,2268017,67*33851,0,1
1506,-1,23,2268013,11*206183,0,1
1506,-1,29,2268007,7*23*14087,0,0
1506,-1,31,2268005,5*453601,0,0
1506,-1,37,2267999,271*8369,0,1
1506,-1,41,2267995,5*453599,0,0
1506,-1,43,2267993,7*13*24923,0,0
1508,1,3,2274067,31*109*673,0,0
1508,1,5,2274069,3*7*108289,0,0
1508,1,7,2274071,53*107*401,0,0
1508,1,11,2274075,3*3*3*3*5*5*1123,0,0
1508,1,13,2274077,13*174929,0,1
1508,1,17,2274081,3*691*1097,0,0
1508,1,19,2274083,7*324869,0,1
1508,1,23,2274087,3*758029,0,0
1508,1,29,2274093,3*3*29*8713,0,0
1508,1,31,2274095,5*47*9677,0,0
1508,1,37,2274101,2274101,1,1
1508,1,41,2274105,3*5*151607,0,0
1508,1,43,2274107,11*17*12161,0,0
1508,-1,3,2274061,877*2593,0,1
1508,-1,5,2274059,71*32029,0,1
1508,-1,7,2274057,3*3*37*6829,0,0
1508,-1,11,2274053,19*119687,0,1
1508,-1,13,2274051,3*13*58309,0,0
1508,-1,17,2274047,67*33941,0,1
1508,-1,19,2274045,3*5*151603,0,0
1508,-1,23,2274041,7*7*11*4219,0,0
1508,-1,29,2274035,5*29*15683,0,0
1508,-1,31,2274033,3*23*32957,0,0
1508,-1,37,2274027,3*7*108287,0,0
1508,-1,41,2274023,73*31151,0,1
1508,-1,43,2274021,3*3*3*84223,0,0
1510,1,3,2280103,7*325729,0,1
1510,1,5,2280105,3*3*5*23*2203,0,0
1510,1,7,2280107,2280107,1,1
1510,1,11,2280111,3*47*103*157,0,0
1510,1,13,2280113,11*53*3911,0,0
1510,1,17,2280117,3*7*7*15511,0,0
1510,1,19,2280119,61*37379,0,1
1510,1,23,2280123,3*3*3*84449,0,0
1510,1,29,2280129,3*760043,0,0
1510,1,31,2280131,7*283*1151,0,0
1510,1,37,2280137,347*6571,0,1
1510,1,41,2280141,3*3*253349,0,0
1510,1,43,2280143,31*73553,0,1
1510,-1,3,2280097,2280097,1,1
1510,-1,5,2280095,5*19*24001,0,0
1510,-1,7,2280093,3*83*9157,0,0
1510,-1,11,2280089,7*307*1061,0,0
1510,-1,13,2280087,3*3*253343,0,0
1510,-1,17,2280083,13*175391,0,1
1510,-1,19,2280081,3*31*24517,0,0
1510,-1,23,2280077,67*34031,0,1
1510,-1,29,2280071,2280071,1,1
1510,-1,31,2280069,3*3*3*3*3*11*853,0,0
1510,-1,37,2280063,3*107*7103,0,0
1510,-1,41,2280059,23*99133,0,1
1510,-1,43,2280057,3*13*17*19*181,0,0
1512,1,3,2286147,3*762049,0,0
1512,1,5,2286149,2286149,1,1
1512,1,7,2286151,7*326593,0,1
1512,1,11,2286155,5*53*8627,0,0
1512,1,13,2286157,29*31*2543,0,0
1512,1,17,2286161,311*7351,0,1
1512,1,19,2286163,11*207833,0,1
1512,1,23,2286167,13*175859,0,1
1512,1,29,2286173,2286173,1,1
1512,1,31,2286175,5*5*19*4813,0,0
1512,1,37,2286181,43*79*673,0,0
1512,1,41,2286185,5*11*197*211,0,0
1512,1,43,2286187,2286187,1,1
1512,-1,3,2286141,3*11*13*73*73,0,0
1512,-1,5,2286139,2286139,1,1
1512,-1,7,2286137,7*19*17189,0,0
1512,-1,11,2286133,139*16447,0,1
1512,-1,13,2286131,23*99397,0,1
1512,-1,17,2286127,47*127*383,0,0
1512,-1,19,2286125,5*5*5*18289,0,0
1512,-1,23,2286121,997*2293,0,1
1512,-1,29,2286115,5*13*35171,0,0
1512,-1,31,2286113,631*3623,0,1
1512,-1,37,2286107,67*149*229,0,0
1512,-1,41,2286103,113*20231,0,1
1512,-1,43,2286101,401*5701,0,1
1514,1,3,2292199,7*13*25189,0,0
1514,1,5,2292201,3*3*43*5923,0,0
1514,1,7,2292203,23*99661,0,1
1514,1,11,2292207,3*97*7877,0,0
1514,1,13,2292209,59*38851,0,1
1514,1,17,2292213,3*7*11*9923,0,0
1514,1,19,2292215,5*359*1277,0,0
1514,1,23,2292219,3*3*3*3*3*9433,0,0
1514,1,29,2292225,3*5*5*13*2351,0,0
1514,1,31,2292227,7*317*1033,0,0
1514,1,37,2292233,31*73943,0,1
1514,1,41,2292237,3*3*47*5419,0,0
1514,1,43,2292239,2292239,1,1
1514,-1,3,2292193,2292193,1,1
1514,-1,5,2292191,11*191*1091,0,0
1514,-1,7,2292189,3*29*26347,0,0
1514,-1,11,2292185,5*7*79*829,0,0
1514,-1,13,2292183,3*3*257*991,0,0
1514,-1,17,2292179,19*120641,0,1
1514,-1,19,2292177,3*764059,0,0
1514,-1,23,2292173,13*176321,0,1
1514,-1,29,2292167,2292167,1,1
1514,-1,31,2292165,3*3*3*5*16979,0,0
1514,-1,37,2292159,3*764053,0,0
1514,-1,41,2292155,5*617*743,0,0
1514,-1,43,2292153,3*764051,0,0
1516,1,3,2298259,19*73*1657,0,0
1516,1,5,2298261,3*7*109441,0,0
1516,1,7,2298263,11*208933,0,1
1516,1,11,2298267,3*3*3*85121,0,0
1516,1,13,2298269,277*8297,0,1
1516,1,17,2298273,3*766091,0,0
1516,1,19,2298275,5*5*7*23*571,0,0
1516,1,23,2298279,3*29*26417,0,0
1516,1,29,2298285,3*3*5*11*4643,0,0
1516,1,31,2298287,1289*1783,0,1
1516,1,37,2298293,2298293,1,1
1516,1,41,2298297,3*19*61*661,0,0
1516,1,43,2298299,281*8179,0,1
1516,-1,3,2298253,47*107*457,0,0
1516,-1,5,2298251,199*11549,0,1
1516,-1,7,2298249,3*3*255361,0,0
1516,-1,11,2298245,5*459649,0,0
1516,-1,13,2298243,3*283*2707,0,0
1516,-1,17,2298239,53*103*421,0,0
1516,-1,19,2298237,3*766079,0,0
1516,-1,23,2298233,7*397*827,0,0
1516,-1,29,2298227,59*38953,0,1
1516,-1,31,2298225,3*5*5*30643,0,0
1516,-1,37,2298219,3*7*11*9949,0,0
1516,-1,41,2298215,5*419*1097,0,0
1516,-1,43,2298213,3*3*3*3*17*1669,0,0
1518,1,3,2304327,3*43*17863,0,0
1518,1,5,2304329,83*27763,0,1
1518,1,7,2304331,67*163*211,0,0
1518,1,11,2304335,5*11*41897,0,0
1518,1,13,2304337,7*329191,0,1
1518,1,17,2304341,13*177257,0,1
1518,1,19,2304343,2304343,1,1
1518,1,23,2304347,23*100189,0,1
1518,1,29,2304353,599*3847,0,1
1518,1,31,2304355,5*460871,0,0
1518,1,37,2304361,967*2383,0,1
1518,1,41,2304365,5*7*65839,0,0
1518,1,43,2304367,13*17*10427,0,0
1518,-1,3,2304321,3*768107,0,0
1518,-1,5,2304319,2304319,1,1
1518,-1,7,2304317,2304317,1,1
1518,-1,11,2304313,11*271*773,0,0
1518,-1,13,2304311,29*181*439,0,0
1518,-1,17,2304307,2304307,1,1
1518,-1,19,2304305,5*71*6491,0,0
1518,-1,23,2304301,19*23*5273,0,0
1518,-1,29,2304295,5*7*65837,0,0
1518,-1,31,2304293,1319*1747,0,1
1518,-1,37,2304287,2304287,1,1
1518,-1,41,2304283,2304283,1,1
1518,-1,43,2304281,7*53*6211,0,0
1520,1,3,2310403,193*11971,0,1
1520,1,5,2310405,3*5*154027,0,0
1520,1,7,2310407,11*210037,0,1
1520,1,11,2310411,3*71*10847,0,0
1520,1,13,2310413,7*239*1381,0,0
1520,1,17,2310417,3*3*3*85571,0,0
1520,1,19,2310419,17*19*23*311,0,0
1520,1,23,2310423,3*829*929,0,0
1520,1,29,2310429,3*11*53*1321,0,0
1520,1,31,2310431,2310431,1,1
1520,1,37,2310437,647*3571,0,1
1520,1,41,2310441,3*7*269*409,0,0
1520,1,43,2310443,97*23819,0,1
1520,-1,3,2310397,613*3769,0,1
1520,-1,5,2310395,5*462079,0,0
1520,-1,7,2310393,3*103*7477,0,0
1520,-1,11,2310389,2310389,1,1
1520,-1,13,2310387,3*770129,0,0
1520,-1,17,2310383,1171*1973,0,1
1520,-1,19,2310381,3*3*19*59*229,0,0
1520,-1,23,2310377,73*31649,0,1
1520,-1,29,2310371,7*330053,0,1
1520,-1,31,2310369,3*770123,0,0
1520,-1,37,2310363,3*3*3*3*11*2593,0,0
1520,-1,41,2310359,2310359,1,1
1520,-1,43,2310357,3*7*110017,0,0
1522,1,3,2316487,2316487,1,1
1522,1,5,2316489,3*7*47*2347,0,0
1522,1,7,2316491,23*23*29*151,0,0
1522,1,11,2316495,3*5*389*397,0,0
1522,1,13,2316497,2316497,1,1
1522,1,17,2316501,3*3*11*23399,0,0
1522,1,19,2316503,7*149*2221,0,0
1522,1,23,2316507,3*772169,0,0
1522,1,29,2316513,3*313*2467,0,0
1522,1,31,2316515,5*463303,0,0
1522,1,37,2316521,2316521,1,1
1522,1,41,2316525,3*5*5*67*461,0,0
1522,1,43,2316527,613*3779,0,1
1522,-1,3,2316481,2316481,1,1
1522,-1,5,2316479,11*251*839,0,0
1522,-1,7,2316477,3*772159,0,0
1522,-1,11,2316473,131*17683,0,1
1522,-1,13,2316471,3*17*53*857,0,0
1522,-1,17,2316467,977*2371,0,1
1522,-1,19,2316465,3*3*3*5*17159,0,0
1522,-1,23,2316461,7*19*17417,0,0
1522,-1,29,2316455,5*463291,0,0
1522,-1,31,2316453,3*43*17957,0,0
1522,-1,37,2316447,3*3*7*83*443,0,0
1522,-1,41,2316443,107*21649,0,1
1522,-1,43,2316441,3*772147,0,0
1524,1,3,2322579,3*7*19*5821,0,0
1524,1,5,2322581,29*283*283,0,0
1524,1,7,2322583,2322583,1,1
1524,1,11,2322587,163*14249,0,1
1524,1,13,2322589,83*27983,0,1
1524,1,17,2322593,7*13*25523,0,0
1524,1,19,2322595,5*11*11*11*349,0,0
1524,1,23,2322599,47*49417,0,1
1524,1,29,2322605,5*464521,0,0
1524,1,31,2322607,7*331801,0,1
1524,1,37,2322613,31*74923,0,1
1524,1,41,2322617,11*19*11113,0,0
1524,1,43,2322619,13*53*3371,0,0
1524,-1,3,2322573,3*11*70381,0,0
1524,-1,5,2322571,2322571,1,1
1524,-1,7,2322569,2322569,1,1
1524,-1,11,2322565,5*7*66359,0,0
1524,-1,13,2322563,23*100981,0,1
1524,-1,17,2322559,43*54013,0,1
1524,-1,19,2322557,17*136621,0,1
1524,-1,23,2322553,263*8831,0,1
1524,-1,29,2322547,103*22549,0,1
1524,-1,31,2322545,5*223*2083,0,0
1524,-1,37,2322539,1307*1777,0,1
1524,-1,41,2322535,5*59*7873,0,0
1524,-1,43,2322533,1367*1699,0,1
1526,1,3,2328679,97*24007,0,1
1526,1,5,2328681,3*23*33749,0,0
1526,1,7,2328683,7*79*4211,0,0
1526,1,11,2328687,3*3*258743,0,0
1526,1,13,2328689,11*31*6829,0,0
1526,1,17,2328693,3*431*1801,0,0
1526,1,19,2328695,5*465739,0,0
1526,1,23,2328699,3*776233,0,0
1526,1,29,2328705,3*3*5*51749,0,0
1526,1,31,2328707,2328707,1,1
1526,1,37,2328713,2328713,1,1
1526,1,41,2328717,3*347*2237,0,0
1526,1,43,2328719,67*34757,0,1
1526,-1,3,2328673,947*2459,0,1
1526,-1,5,2328671,29*59*1361,0,0
1526,-1,7,2328669,3*3*3*3*3*7*37*37,0,0
1526,-1,11,2328665,5*43*10831,0,0
1526,-1,13,2328663,3*776221,0,0
1526,-1,17,2328659,19*122561,0,1
1526,-1,19,2328657,3*776219,0,0
1526,-1,23,2328653,2328653,1,1
1526,-1,29,2328647,281*8287,0,1
1526,-1,31,2328645,3*5*11*11*1283,0,0
1526,-1,37,2328639,3*373*2081,0,0
1526,-1,41,2328635,5*23*20249,0,0
1526,-1,43,2328633,3*3*258737,0,0
1528,1,3,2334787,7*13*25657,0,0
1528,1,5,2334789,3*3*259421,0,0
1528,1,7,2334791,239*9769,0,1
1528,1,11,2334795,3*5*155653,0,0
1528,1,13,2334797,17*137341,0,1
1528,1,17,2334801,3*7*7*7*2269,0,0
1528,1,19,2334803,2334803,1,1
1528,1,23,2334807,3*3*59*4397,0,0
1528,1,29,2334813,3*13*131*457,0,0
1528,1,31,2334815,5*7*19*3511,0,0
1528,1,37,2334821,499*4679,0,1
1528,1,41,2334825,3*3*3*3*5*5*1153,0,0
1528,1,43,2334827,11*31*41*167,0,0
1528,-1,3,2334781,2334781,1,1
1528,-1,5,2334779,2334779,1,1
1528,-1,7,2334777,3*19*40961,0,0
1528,-1,11,2334773,7*333539,0,1
1528,-1,13,2334771,3*3*3*43*2011,0,0
1528,-1,17,2334767,2334767,1,1
1528,-1,19,2334765,3*5*31*5021,0,0
1528,-1,23,2334761,11*13*29*563,0,0
1528,-1,29,2334755,5*466951,0,0
1528,-1,31,2334753,3*3*23*11279,0,0
1528,-1,37,2334747,3*157*4957,0,0
1528,-1,41,2334743,2334743,1,1
1528,-1,43,2334741,3*778247,0,0
1530,1,3,2340903,3*31*25171,0,0
1530,1,5,2340905,5*7*66883,0,0
1530,1,7,2340907,541*4327,0,1
1530,1,11,2340911,2340911,1,1
1530,1,13,2340913,67*34939,0,1
1530,1,17,2340917,17*23*5987,0,0
1530,1,19,2340919,7*137*2441,0,0
1530,1,23,2340923,13*180071,0,1
1530,1,29,2340929,47*49807,0,1
1530,1,31,2340931,2340931,1,1
1530,1,37,2340937,2340937,1,1
1530,1,41,2340941,71*32971,0,1
1530,1,43,2340943,11*59*3607,0,0
1530,-1,3,2340897,3*13*193*311,0,0
1530,-1,5,2340895,5*19*41*601,0,0
1530,-1,7,2340893,2340893,1,1
1530,-1,11,2340889,577*4057,0,1
1530,-1,13,2340887,2340887,1,1
1530,-1,17,2340883,17*137699,0,1
1530,-1,19,2340881,103*22727,0,1
1530,-1,23,2340877,7*7*11*43*101,0,0
1530,-1,29,2340871,13*23*7829,0,0
1530,-1,31,2340869,2340869,1,1
1530,-1,37,2340863,7*173*1933,0,0
1530,-1,41,2340859,2340859,1,1
1530,-1,43,2340857,19*123203,0,1
1532,1,3,2347027,181*12967,0,1
1532,1,5,2347029,3*3*3*86927,0,0
1532,1,7,2347031,2347031,1,1
1532,1,11,2347035,3*5*23*6803,0,0
1532,1,13,2347037,7*11*11*17*163,0,0
1532,1,17,2347041,3*31*25237,0,0
1532,1,19,2347043,2347043,1,1
1532,1,23,2347047,3*3*71*3673,0,0
1532,1,29,2347053,3*401*1951,0,0
1532,1,31,2347055,5*469411,0,0
1532,1,37,2347061,103*22787,0,1
1532,1,41,2347065,3*3*5*7*7451,0,0
1532,1,43,2347067,2347067,1,1
1532,-1,3,2347021,37*229*277,0,0
1532,-1,5,2347019,89*26371,0,1
1532,-1,7,2347017,3*782339,0,0
1532,-1,11,2347013,19*123527,0,1
1532,-1,13,2347011,3*3*79*3301,0,0
1532,-1,17,2347007,13*180539,0,1
1532,-1,19,2347005,3*5*156467,0,0
1532,-1,23,2347001,2347001,1,1
1532,-1,29,2346995,5*7*67057,0,0
1532,-1,31,2346993,3*3*11*151*157,0,0
1532,-1,37,2346987,3*782329,0,0
1532,-1,41,2346983,43*54581,0,1
1532,-1,43,2346981,3*7*13*8597,0,0
1534,1,3,2353159,2353159,1,1
1534,1,5,2353161,3*784387,0,0
1534,1,7,2353163,37*63599,0,1
1534,1,11,2353167,3*3*261463,0,0
1534,1,13,2353169,7*13*19*1361,0,0
1534,1,17,2353173,3*79*9929,0,0
1534,1,19,2353175,5*5*11*43*199,0,0
1534,1,23,2353179,3*31*25303,0,0
1534,1,29,2353185,3*3*3*5*17431,0,0
1534,1,31,2353187,2353187,1,1
1534,1,37,2353193,2353193,1,1
1534,1,41,2353197,3*7*11*61*167,0,0
1534,1,43,2353199,23*101*1013,0,0
1534,-1,3,2353153,11*23*71*131,0,0
1534,-1,5,2353151,881*2671,0,1
1534,-1,7,2353149,3*3*47*5563,0,0
1534,-1,11,2353145,5*283*1663,0,0
1534,-1,13,2353143,3*13*60337,0,0
1534,-1,17,2353139,647*3637,0,1
1534,-1,19,2353137,3*784379,0,0
1534,-1,23,2353133,83*28351,0,1
1534,-1,29,2353127,7*7*48023,0,0
1534,-1,31,2353125,3*5*5*5*5*5*251,0,0
1534,-1,37,2353119,3*784373,0,0
1534,-1,41,2353115,5*277*1699,0,0
1534,-1,43,2353113,3*3*7*41*911,0,0
1536,1,3,2359299,3*786433,0,0
1536,1,5,2359301,7*7*89*541,0,0
1536,1,7,2359303,2359303,1,1
1536,1,11,2359307,2359307,1,1
1536,1,13,2359309,631*3739,0,1
1536,1,17,2359313,11*214483,0,1
1536,1,19,2359315,5*7*67409,0,0
1536,1,23,2359319,2359319,1,1
1536,1,29,2359325,5*5*19*4967,0,0
1536,1,31,2359327,113*20879,0,1
1536,1,37,2359333,2359333,1,1
1536,1,41,2359337,337*7001,0,1
1536,1,43,2359339,2359339,1,1
1536,-1,3,2359293,3*786431,0,0
1536,-1,5,2359291,11*214481,0,1
1536,-1,7,2359289,653*3613,0,1
1536,-1,11,2359285,5*389*1213,0,0
1536,-1,13,2359283,1069*2207,0,1
1536,-1,17,2359279,13*127*1429,0,0
1536,-1,19,2359277,17*137*1013,0,0
1536,-1,23,2359273,7*337039,0,1
1536,-1,29,2359267,2359267,1,1
1536,-1,31,2359265,5*471853,0,0
1536,-1,37,2359259,7*47*71*101,0,0
1536,-1,41,2359255,5*31*31*491,0,0
1536,-1,43,2359253,13*347*523,0,0
1538,1,3,2365447,7*37*9133,0,0
1538,1,5,2365449,3*107*7369,0,0
1538,1,7,2365451,11*359*599,0,0
1538,1,11,2365455,3*5*31*5087,0,0
1538,1,13,2365457,2365457,1,1
1538,1,17,2365461,3*3*7*37547,0,0
1538,1,19,2365463,47*50329,0,1
1538,1,23,2365467,3*13*131*463,0,0
1538,1,29,2365473,3*11*43*1667,0,0
1538,1,31,2365475,5*5*7*7*1931,0,0
1538,1,37,2365481,19*23*5413,0,0
1538,1,41,2365485,3*5*179*881,0,0
1538,1,43,2365487,59*40093,0,1
1538,-1,3,2365441,13*181957,0,1
1538,-1,5,2365439,2365439,1,1
1538,-1,7,2365437,3*788479,0,0
1538,-1,11,2365433,7*337919,0,1
1538,-1,13,2365431,3*17*46381,0,0
1538,-1,17,2365427,2365427,1,1
1538,-1,19,2365425,3*3*5*5*10513,0,0
1538,-1,23,2365421,2365421,1,1
1538,-1,29,2365415,5*13*151*241,0,0
1538,-1,31,2365413,3*41*19231,0,0
1538,-1,37,2365407,3*3*11*23893,0,0
1538,-1,41,2365403,337*7019,0,1
1538,-1,43,2365401,3*788467,0,0
1540,1,3,2371603,13*182431,0,1
1540,1,5,2371605,3*5*223*709,0,0
1540,1,7,2371607,7*137*2473,0,0
1540,1,11,2371611,3*11*71867,0,0
1540,1,13,2371613,71*33403,0,1
1540,1,17,2371617,3*3*263513,0,0
1540,1,19,2371619,17*61*2287,0,0
1540,1,23,2371623,3*59*13399,0,0
1540,1,29,2371629,3*13*60811,0,0
1540,1,31,2371631,2371631,1,1
1540,1,37,2371637,19*124823,0,1
1540,1,41,2371641,3*790547,0,0
1540,1,43,2371643,181*13103,0,1
1540,-1,3,2371597,239*9923,0,1
1540,-1,5,2371595,5*474319,0,0
1540,-1,7,2371593,3*7*31*3643,0,0
1540,-1,11,2371589,11*37*5827,0,0
1540,-1,13,2371587,3*790529,0,0
1540,-1,17,2371583,89*26647,0,1
1540,-1,19,2371581,3*3*101*2609,0,0
1540,-1,23,2371577,13*13*14033,0,0
1540,-1,29,2371571,179*13249,0,1
1540,-1,31,2371569,3*790523,0,0
1540,-1,37,2371563,3*3*41*6427,0,0
1540,-1,41,2371559,83*28573,0,1
1540,-1,43,2371557,3*790519,0,0
1542,1,3,2377767,3*7*113227,0,0
1542,1,5,2377769,2377769,1,1
1542,1,7,2377771,11*11*43*457,0,0
1542,1,11,2377775,5*5*95111,0,0
1542,1,13,2377777,47*50591,0,1
1542,1,17,2377781,7*131*2593,0,0
1542,1,19,2377783,263*9041,0,1
1542,1,23,2377787,2377787,1,1
1542,1,29,2377793,11*19*31*367,0,0
1542,1,31,2377795,5*7*41*1657,0,0
1542,1,37,2377801,2377801,1,1
1542,1,41,2377805,5*37*12853,0,0
1542,1,43,2377807,17*139871,0,1
1542,-1,3,2377761,3*97*8171,0,0
1542,-1,5,2377759,59*191*211,0,0
1542,-1,7,2377757,2377757,1,1
1542,-1,11,2377753,7*339679,0,1
1542,-1,13,2377751,2377751,1,1
1542,-1,17,2377747,2377747,1,1
1542,-1,19,2377745,5*475549,0,0
1542,-1,23,2377741,2377741,1,1
1542,-1,29,2377735,5*499*953,0,0
1542,-1,31,2377733,719*3307,0,1
1542,-1,37,2377727,11*216157,0,1
1542,-1,41,2377723,251*9473,0,1
1542,-1,43,2377721,2377721,1,1
1544,1,3,2383939,109*21871,0,1
1544,1,5,2383941,3*7*61*1861,0,0
1544,1,7,2383943,2383943,1,1
1544,1,11,2383947,3*3*37*7159,0,0
1544,1,13,2383949,19*125471,0,1
1544,1,17,2383953,3*11*13*5557,0,0
1544,1,19,2383955,5*7*68113,0,0
1544,1,23,2383959,3*794653,0,0
1544,1,29,2383965,3*3*3*5*17659,0,0
1544,1,31,2383967,71*33577,0,1
1544,1,37,2383973,23*103651,0,1
1544,1,41,2383977,3*794659,0,0
1544,1,43,2383979,13*183383,0,1
1544,-1,3,2383933,2383933,1,1
1544,-1,5,2383931,11*31*6991,0,0
1544,-1,7,2383929,3*3*264881,0,0
1544,-1,11,2383925,5*5*167*571,0,0
1544,-1,13,2383923,3*794641,0,0
1544,-1,17,2383919,2383919,1,1
1544,-1,19,2383917,3*127*6257,0,0
1544,-1,23,2383913,7*340559,0,1
1544,-1,29,2383907,2383907,1,1
1544,-1,31,2383905,3*5*158927,0,0
1544,-1,37,2383899,3*7*7*16217,0,0
1544,-1,41,2383895,5*59*8081,0,0
1544,-1,43,2383893,3*3*17*15581,0,0
1546,1,3,2390119,787*3037,0,1
1546,1,5,2390121,3*3*3*88523,0,0
1546,1,7,2390123,2390123,1,1
1546,1,11,2390127,3*796709,0,0
1546,1,13,2390129,7*341447,0,1
1546,1,17,2390133,3*796711,0,0
1546,1,19,2390135,5*11*43457,0,0
1546,1,23,2390139,3*3*265571,0,0
1546,1,29,2390145,3*5*79*2017,0,0
1546,1,31,2390147,2390147,1,1
1546,1,37,2390153,881*2713,0,1
1546,1,41,2390157,3*3*7*11*3449,0,0
1546,1,43,2390159,2390159,1,1
1546,-1,3,2390113,11*11*19753,0,0
1546,-1,5,2390111,2390111,1,1
1546,-1,7,2390109,3*149*5347,0,0
1546,-1,11,2390105,5*19*139*181,0,0
1546,-1,13,2390103,3*3*265567,0,0
1546,-1,17,2390099,2390099,1,1
1546,-1,19,2390097,3*796699,0,0
1546,-1,23,2390093,29*73*1129,0,0
1546,-1,29,2390087,7*557*613,0,0
1546,-1,31,2390085,3*3*5*53113,0,0
1546,-1,37,2390079,3*796693,0,0
1546,-1,41,2390075,5*5*95603,0,0
1546,-1,43,2390073,3*7*7*71*229,0,0
1548,1,3,2396307,3*79*10111,0,0
1548,1,5,2396309,2396309,1,1
1548,1,7,2396311,2396311,1,1
1548,1,11,2396315,5*479263,0,0
1548,1,13,2396317,7*11*31121,0,0
1548,1,17,2396321,71*33751,0,1
1548,1,19,2396323,2396323,1,1
1548,1,23,2396327,41*211*277,0,0
1548,1,29,2396333,2396333,1,1
1548,1,31,2396335,5*479267,0,0
1548,1,37,2396341,2396341,1,1
1548,1,41,2396345,5*7*7*9781,0,0
1548,1,43,2396347,23*43*2423,0,0
1548,-1,3,2396301,3*23*34729,0,0
1548,-1,5,2396299,19*29*4349,0,0
1548,-1,7,2396297,251*9547,0,1
1548,-1,11,2396293,83*28871,0,1
1548,-1,13,2396291,157*15263,0,1
1548,-1,17,2396287,1021*2347,0,1
1548,-1,19,2396285,5*59*8123,0,0
1548,-1,23,2396281,577*4153,0,1
1548,-1,29,2396275,5*5*7*13693,0,0
1548,-1,31,2396273,11*179*1217,0,0
1548,-1,37,2396267,137*17491,0,1
1548,-1,41,2396263,61*163*241,0,0
1548,-1,43,2396261,7*19*43*419,0,0
1550,1,3,2402503,73*32911,0,1
1550,1,5,2402505,3*3*5*7*29*263,0,0
1550,1,7,2402507,463*5189,0,1
1550,1,11,2402511,3*23*34819,0,0
1550,1,13,2402513,953*2521,0,1
1550,1,17,2402517,3*13*61603,0,0
1550,1,19,2402519,7*7*49031,0,0
1550,1,23,2402523,3*3*266947,0,0
1550,1,29,2402529,3*241*3323,0,0
1550,1,31,2402531,19*31*4079,0,0
1550,1,37,2402537,2402537,1,1
1550,1,41,2402541,3*3*3*3*3*9887,0,0
1550,1,43,2402543,11*13*53*317,0,0
1550,-1,3,2402497,2402497,1,1
1550,-1,5,2402495,5*480499,0,0
1550,-1,7,2402493,3*19*113*373,0,0
1550,-1,11,2402489,739*3251,0,1
1550,-1,13,2402487,3*3*3*101*881,0,0
1550,-1,17,2402483,2402483,1,1
1550,-1,19,2402481,3*379*2113,0,0
1550,-1,23,2402477,7*11*41*761,0,0
1550,-1,29,2402471,107*22453,0,1
1550,-1,31,2402469,3*3*31*79*109,0,0
1550,-1,37,2402463,3*7*233*491,0,0
1550,-1,41,2402459,127*18917,0,1
1550,-1,43,2402457,3*17*17*17*163,0,0
1552,1,3,2408707,7*61*5641,0,0
1552,1,5,2408709,3*41*19583,0,0
1552,1,7,2408711,29*83059,0,1
1552,1,11,2408715,3*3*5*53527,0,0
1552,1,13,2408717,67*35951,0,1
1552,1,17,2408721,3*7*23*4987,0,0
1552,1,19,2408723,2408723,1,1
1552,1,23,2408727,3*802909,0,0
1552,1,29,2408733,3*3*267637,0,0
1552,1,31,2408735,5*7*68821,0,0
1552,1,37,2408741,2408741,1,1
1552,1,41,2408745,3*5*160583,0,0
1552,1,43,2408747,11*11*17*1171,0,0
1552,-1,3,2408701,191*12611,0,1
1552,-1,5,2408699,919*2621,0,1
1552,-1,7,2408697,3*3*3*3*131*227,0,0
1552,-1,11,2408693,7*7*49157,0,0
1552,-1,13,2408691,3*53*15149,0,0
1552,-1,17,2408687,19*331*383,0,0
1552,-1,19,2408685,3*5*160579,0,0
1552,-1,23,2408681,11*218971,0,1
1552,-1,29,2408675,5*5*23*59*71,0,0
1552,-1,31,2408673,3*499*1609,0,0
1552,-1,37,2408667,3*673*1193,0,0
1552,-1,41,2408663,37*65099,0,1
1552,-1,43,2408661,3*3*267629,0,0
1554,1,3,2414919,3*13*19*3259,0,0
1554,1,5,2414921,2414921,1,1
1554,1,7,2414923,7*43*71*113,0,0
1554,1,11,2414927,2414927,1,1
1554,1,13,2414929,11*59*61*61,0,0
1554,1,17,2414933,2414933,1,1
1554,1,19,2414935,5*17*28411,0,0
1554,1,23,2414939,439*5501,0,1
1554,1,29,2414945,5*13*53*701,0,0
1554,1,31,2414947,2414947,1,1
1554,1,37,2414953,37*65269,0,1
1554,1,41,2414957,19*127103,0,1
1554,1,43,2414959,2414959,1,1
1554,-1,3,2414913,3*73*11027,0,0
1554,-1,5,2414911,2414911,1,1
1554,-1,7,2414909,7*344987,0,1
1554,-1,11,2414905,5*127*3803,0,0
1554,-1,13,2414903,503*4801,0,1
1554,-1,17,2414899,137*17627,0,1
1554,-1,19,2414897,2414897,1,1
1554,-1,23,2414893,13*431*431,0,0
1554,-1,29,2414887,2414887,1,1
1554,-1,31,2414885,5*11*23*23*83,0,0
1554,-1,37,2414879,37*65267,0,1
1554,-1,41,2414875,5*5*5*19319,0,0
1554,-1,43,2414873,353*6841,0,1
1556,1,3,2421139,7*7*49411,0,0
1556,1,5,2421141,3*23*35089,0,0
1556,1,7,2421143,373*6491,0,1
1556,1,11,2421147,3*631*1279,0,0
1556,1,13,2421149,2421149,1,1
1556,1,17,2421153,3*3*7*38431,0,0
1556,1,19,2421155,5*11*44021,0,0
1556,1,23,2421159,3*13*62081,0,0
1556,1,29,2421165,3*5*161411,0,0
1556,1,31,2421167,7*345881,0,1
1556,1,37,2421173,41*59053,0,1
1556,1,41,2421177,3*11*73369,0,0
1556,1,43,2421179,67*36137,0,1
1556,-1,3,2421133,11*13*16931,0,0
1556,-1,5,2421131,31*78101,0,1
1556,-1,7,2421129,3*821*983,0,0
1556,-1,11,2421125,5*5*5*7*2767,0,0
1556,-1,13,2421123,3*17*29*1637,0,0
1556,-1,17,2421119,2421119,1,1
1556,-1,19,2421117,3*3*3*89671,0,0
1556,-1,23,2421113,19*79*1613,0,0
1556,-1,29,2421107,13*186239,0,1
1556,-1,31,2421105,3*5*161407,0,0
1556,-1,37,2421099,3*3*367*733,0,0
1556,-1,41,2421095,5*23*37*569,0,0
1556,-1,43,2421093,3*53*15227,0,0
1558,1,3,2427367,883*2749,0,1
1558,1,5,2427369,3*7*115589,0,0
1558,1,7,2427371,2427371,1,1
1558,1,11,2427375,3*5*5*5*6473,0,0
1558,1,13,2427377,157*15461,0,1
1558,1,17,2427381,3*3*3*11*11*743,0,0
1558,1,19,2427383,7*19*18251,0,0
1558,1,23,2427387,3*29*27901,0,0
1558,1,29,2427393,3*31*43*607,0,0
1558,1,31,2427395,5*485479,0,0
1558,1,37,2427401,103*23567,0,1
1558,1,41,2427405,3*5*41*3947,0,0
1558,1,43,2427407,2427407,1,1
1558,-1,3,2427361,193*12577,0,1
1558,-1,5,2427359,11*149*1481,0,0
1558,-1,7,2427357,3*139*5821,0,0
1558,-1,11,2427353,113*21481,0,1
1558,-1,13,2427351,3*23*127*277,0,0
1558,-1,17,2427347,13*13*53*271,0,0
1558,-1,19,2427345,3*3*5*17*19*167,0,0
1558,-1,23,2427341,7*346763,0,1
1558,-1,29,2427335,5*83*5849,0,0
1558,-1,31,2427333,3*101*8011,0,0
1558,-1,37,2427327,3*3*3*3*3*7*1427,0,0
1558,-1,41,2427323,41*73*811,0,0
1558,-1,43,2427321,3*13*109*571,0,0
1560,1,3,2433603,3*547*1483,0,0
1560,1,5,2433605,5*486721,0,0
1560,1,7,2433607,11*23*9619,0,0
1560,1,11,2433611,823*2957,0,1
1560,1,13,2433613,7*13*47*569,0,0
1560,1,17,2433617,149*16333,0,1
1560,1,19,2433619,461*5279,0,1
1560,1,23,2433623,499*4877,0,1
1560,1,29,2433629,11*221239,0,1
1560,1,31,2433631,2433631,1,1
1560,1,37,2433637,41*59357,0,1
1560,1,41,2433641,7*67*5189,0,0
1560,1,43,2433643,83*109*269,0,0
1560,-1,3,2433597,3*811199,0,0
1560,-1,5,2433595,5*61*79*101,0,0
1560,-1,7,2433593,29*31*2707,0,0
1560,-1,11,2433589,307*7927,0,1
1560,-1,13,2433587,13*131*1429,0,0
1560,-1,17,2433583,229*10627,0,1
1560,-1,19,2433581,103*23627,0,1
1560,-1,23,2433577,19*349*367,0,0
1560,-1,29,2433571,7*199*1747,0,0
1560,-1,31,2433569,2433569,1,1
1560,-1,37,2433563,11*221233,0,1
1560,-1,41,2433559,379*6421,0,1
1560,-1,43,2433557,7*347651,0,1
1562,1,3,2439847,19*128413,0,1
1562,1,5,2439849,3*813283,0,0
1562,1,7,2439851,263*9277,0,1
1562,1,11,2439855,3*3*3*5*11*31*53,0,0
1562,1,13,2439857,7*7*17*29*101,0,0
1562,1,17,2439861,3*813287,0,0
1562,1,19,2439863,23*43*2467,0,0
1562,1,23,2439867,3*139*5851,0,0
1562,1,29,2439873,3*3*271097,0,0
1562,1,31,2439875,5*5*5*131*149,0,0
1562,1,37,2439881,2439881,1,1
1562,1,41,2439885,3*5*7*19*1223,0,0
1562,1,43,2439887,1321*1847,0,1
1562,-1,3,2439841,97*25153,0,1
1562,-1,5,2439839,2439839,1,1
1562,-1,7,2439837,3*3*419*647,0,0
1562,-1,11,2439833,11*137*1619,0,0
1562,-1,13,2439831,3*813277,0,0
1562,-1,17,2439827,13*59*3181,0,0
1562,-1,19,2439825,3*5*5*32531,0,0
1562,-1,23,2439821,1373*1777,0,1
1562,-1,29,2439815,5*7*69709,0,0
1562,-1,31,2439813,3*271*3001,0,0
1562,-1,37,2439807,3*813269,0,0
1562,-1,41,2439803,2439803,1,1
1562,-1,43,2439801,3*3*3*3*7*13*331,0,0
1564,1,3,2446099,2446099,1,1
1564,1,5,2446101,3*3*7*41*947,0,0
1564,1,7,2446103,11*67*3319,0,0
1564,1,11,2446107,3*37*22037,0,0
1564,1,13,2446109,53*46153,0,1
1564,1,17,2446113,3*17*47963,0,0
1564,1,19,2446115,5*7*47*1487,0,0
1564,1,23,2446119,3*3*3*3*13*23*101,0,0
1564,1,29,2446125,3*5*5*5*11*593,0,0
1564,1,31,2446127,107*22861,0,1
1564,1,37,2446133,149*16417,0,1
1564,1,41,2446137,3*3*191*1423,0,0
1564,1,43,2446139,2446139,1,1
1564,-1,3,2446093,13*83*2267,0,0
1564,-1,5,2446091,2446091,1,1
1564,-1,7,2446089,3*503*1621,0,0
1564,-1,11,2446085,5*489217,0,0
1564,-1,13,2446083,3*3*271787,0,0
1564,-1,17,2446079,17*19*7573,0,0
1564,-1,19,2446077,3*79*10321,0,0
1564,-1,23,2446073,7*23*15193,0,0
1564,-1,29,2446067,13*188159,0,1
1564,-1,31,2446065,3*3*3*5*18119,0,0
1564,-1,37,2446059,3*7*11*10589,0,0
1564,-1,41,2446055,5*31*43*367,0,0
1564,-1,43,2446053,3*815351,0,0
1566,1,3,2452359,3*7*13*13*691,0,0
1566,1,5,2452361,229*10709,0,1
1566,1,7,2452363,53*46271,0,1
1566,1,11,2452367,2452367,1,1
1566,1,13,2452369,17*181*797,0,0
1566,1,17,2452373,7*11*31849,0,0
1566,1,19,2452375,5*5*5*23*853,0,0
1566,1,23,2452379,31*239*331,0,0
1566,1,29,2452385,5*13*29*1301,0,0
1566,1,31,2452387,7*19*18439,0,0
1566,1,37,2452393,2452393,1,1
1566,1,41,2452397,37*79*839,0,0
1566,1,43,2452399,2452399,1,1
1566,-1,3,2452353,3*541*1511,0,0
1566,-1,5,2452351,11*222941,0,1
1566,-1,7,2452349,19*337*383,0,0
1566,-1,11,2452345,5*7*70067,0,0
1566,-1,13,2452343,2452343,1,1
1566,-1,17,2452339,2452339,1,1
1566,-1,19,2452337,2452337,1,1
1566,-1,23,2452333,13*41*43*107,0,0
1566,-1,29,2452327,29*103*821,0,0
1566,-1,31,2452325,5*5*233*421,0,0
1566,-1,37,2452319,47*52177,0,1
1566,-1,41,2452315,5*490463,0,0
1566,-1,43,2452313,2452313,1,1
1568,1,3,2458627,193*12739,0,1
1568,1,5,2458629,3*3*273181,0,0
1568,1,7,2458631,7*23*15271,0,0
1568,1,11,2458635,3*5*163909,0,0
1568,1,13,2458637,227*10831,0,1
1568,1,17,2458641,3*31*26437,0,0
1568,1,19,2458643,11*101*2213,0,0
1568,1,23,2458647,3*3*3*41*2221,0,0
1568,1,29,2458653,3*739*1109,0,0
1568,1,31,2458655,5*491731,0,0
1568,1,37,2458661,2458661,1,1
1568,1,41,2458665,3*3*5*11*4967,0,0
1568,1,43,2458667,2458667,1,1
1568,-1,3,2458621,11*397*563,0,0
1568,-1,5,2458619,19*129401,0,1
1568,-1,7,2458617,3*7*47*47*53,0,0
1568,-1,11,2458613,37*66449,0,1
1568,-1,13,2458611,3*3*43*6353,0,0
1568,-1,17,2458607,2458607,1,1
1568,-1,19,2458605,3*5*61*2687,0,0
1568,-1,23,2458601,2458601,1,1
1568,-1,29,2458595,5*491719,0,0
1568,-1,31,2458593,3*3*3*3*127*239,0,0
1568,-1,37,2458587,3*743*1103,0,0
1568,-1,41,2458583,2458583,1,1
1568,-1,43,2458581,3*19*43133,0,0
1570,1,3,2464903,7*31*37*307,0,0
1570,1,5,2464905,3*5*101*1627,0,0
1570,1,7,2464907,71*149*233,0,0
1570,1,11,2464911,3*3*3*3*30431,0,0
1570,1,13,2464913,11*29*7727,0,0
1570,1,17,2464917,3*7*13*9029,0,0
1570,1,19,2464919,2464919,1,1
1570,1,23,2464923,3*821641,0,0
1570,1,29,2464929,3*3*273881,0,0
1570,1,31,2464931,7*352133,0,1
1570,1,37,2464937,2464937,1,1
1570,1,41,2464941,3*821647,0,0
1570,1,43,2464943,13*127*1493,0,0
1570,-1,3,2464897,2464897,1,1
1570,-1,5,2464895,5*492979,0,0
1570,-1,7,2464893,3*3*103*2659,0,0
1570,-1,11,2464889,7*19*43*431,0,0
1570,-1,13,2464887,3*23*139*257,0,0
1570,-1,17,2464883,967*2549,0,1
1570,-1,19,2464881,3*17*17*2843,0,0
1570,-1,23,2464877,2464877,1,1
1570,-1,29,2464871,53*46507,0,1
1570,-1,31,2464869,3*11*113*661,0,0
1570,-1,37,2464863,3*67*12263,0,0
1570,-1,41,2464859,2464859,1,1
1570,-1,43,2464857,3*3*3*91291,0,0
1572,1,3,2471187,3*823729,0,0
1572,1,5,2471189,7*23*15349,0,0
1572,1,7,2471191,919*2689,0,1
1572,1,11,2471195,5*509*971,0,0
1572,1,13,2471197,19*113*1151,0,0
1572,1,17,2471201,2471201,1,1
1572,1,19,2471203,7*491*719,0,0
1572,1,23,2471207,2471207,1,1
1572,1,29,2471213,47*52579,0,1
1572,1,31,2471215,5*59*8377,0,0
1572,1,37,2471221,337*7333,0,1
1572,1,41,2471225,5*5*98849,0,0
1572,1,43,2471227,11*31*7247,0,0
1572,-1,3,2471181,3*823727,0,0
1572,-1,5,2471179,2471179,1,1
1572,-1,7,2471177,29*85213,0,1
1572,-1,11,2471173,2471173,1,1
1572,-1,13,2471171,17*61*2383,0,0
1572,-1,17,2471167,43*101*569,0,0
1572,-1,19,2471165,5*31*107*149,0,0
1572,-1,23,2471161,7*11*67*479,0,0
1572,-1,29,2471155,5*71*6961,0,0
1572,-1,31,2471153,2471153,1,1
1572,-1,37,2471147,7*353021,0,1
1572,-1,41,2471143,23*107441,0,1
1572,-1,43,2471141,853*2897,0,1
1574,1,3,2477479,643*3853,0,1
1574,1,5,2477481,3*825827,0,0
1574,1,7,2477483,37*66959,0,1
1574,1,11,2477487,3*825829,0,0
1574,1,13,2477489,7*7*7*31*233,0,0
1574,1,17,2477493,3*3*3*89*1031,0,0
1574,1,19,2477495,5*17*29147,0,0
1574,1,23,2477499,3*29*28477,0,0
1574,1,29,2477505,3*5*19*8693,0,0
1574,1,31,2477507,41*60427,0,1
1574,1,37,2477513,463*5351,0,1
1574,1,41,2477517,3*7*117977,0,0
1574,1,43,2477519,11*79*2851,0,0
1574,-1,3,2477473,1283*1931,0,1
1574,-1,5,2477471,2477471,1,1
1574,-1,7,2477469,3*59*13997,0,0
1574,-1,11,2477465,5*641*773,0,0
1574,-1,13,2477463,3*825821,0,0
1574,-1,17,2477459,67*103*359,0,0
1574,-1,19,2477457,3*3*151*1823,0,0
1574,-1,23,2477453,11*225223,0,1
1574,-1,29,2477447,7*353921,0,1
1574,-1,31,2477445,3*5*23*43*167,0,0
1574,-1,37,2477439,3*3*3*91757,0,0
1574,-1,41,2477435,5*467*1061,0,0
1574,-1,43,2477433,3*7*117973,0,0
1576,1,3,2483779,739*3361,0,1
1576,1,5,2483781,3*827927,0,0
1576,1,7,2483783,109*22787,0,1
1576,1,11,2483787,3*827929,0,0
1576,1,13,2483789,7*11*32257,0,0
1576,1,17,2483793,3*3*13*13*23*71,0,0
1576,1,19,2483795,5*457*1087,0,0
1576,1,23,2483799,3*151*5483,0,0
1576,1,29,2483805,3*5*165587,0,0
1576,1,31,2483807,373*6659,0,1
1576,1,37,2483813,19*31*4217,0,0
1576,1,41,2483817,3*7*118277,0,0
1576,1,43,2483819,13*17*11239,0,0
1576,-1,3,2483773,37*67129,0,1
1576,-1,5,2483771,659*3769,0,1
1576,-1,7,2483769,3*827923,0,0
1576,-1,11,2483765,5*389*1277,0,0
1576,-1,13,2483763,3*29*28549,0,0
1576,-1,17,2483759,281*8839,0,1
1576,-1,19,2483757,3*3*3*67*1373,0,0
1576,-1,23,2483753,2483753,1,1
1576,-1,29,2483747,7*23*15427,0,0
1576,-1,31,2483745,3*5*11*15053,0,0
1576,-1,37,2483739,3*3*41*53*127,0,0
1576,-1,41,2483735,5*496747,0,0
1576,-1,43,2483733,3*7*118273,0,0
1578,1,3,2490087,3*43*97*199,0,0
1578,1,5,2490089,7*127*2801,0,0
1578,1,7,2490091,2490091,1,1
1578,1,11,2490095,5*23*59*367,0,0
1578,1,13,2490097,827*3011,0,1
1578,1,17,2490101,2490101,1,1
1578,1,19,2490103,7*11*73*443,0,0
1578,1,23,2490107,47*52981,0,1
1578,1,29,2490113,331*7523,0,1
1578,1,31,2490115,5*349*1427,0,0
1578,1,37,2490121,19*131059,0,1
1578,1,41,2490125,5*5*5*11*1811,0,0
1578,1,43,2490127,2490127,1,1
1578,-1,3,2490081,3*11*61*1237,0,0
1578,-1,5,2490079,2490079,1,1
1578,-1,7,2490077,307*8111,0,1
1578,-1,11,2490073,257*9689,0,1
1578,-1,13,2490071,233*10687,0,1
1578,-1,17,2490067,191*13037,0,1
1578,-1,19,2490065,5*498013,0,0
1578,-1,23,2490061,7*355723,0,1
1578,-1,29,2490055,5*67*7433,0,0
1578,-1,31,2490053,41*60733,0,1
1578,-1,37,2490047,7*355721,0,1
1578,-1,41,2490043,599*4157,0,1
1578,-1,43,2490041,17*71*2063,0,0
1580,1,3,2496403,7*7*13*3919,0,0
1580,1,5,2496405,3*5*47*3541,0,0
1580,1,7,2496407,29*86083,0,1
1580,1,11,2496411,3*3*103*2693,0,0
1580,1,13,2496413,2496413,1,1
1580,1,17,2496417,3*7*11*101*107,0,0
1580,1,19,2496419,653*3823,0,1
1580,1,23,2496423,3*832141,0,0
1580,1,29,2496429,3*3*13*19*1123,0,0
1580,1,31,2496431,7*71*5023,0,0
1580,1,37,2496437,2496437,1,1
1580,1,41,2496441,3*857*971,0,0
1580,1,43,2496443,23*108541,0,1
1580,-1,3,2496397,23*311*349,0,0
1580,-1,5,2496395,5*11*45389,0,0
1580,-1,7,2496393,3*3*3*92459,0,0
1580,-1,11,2496389,7*503*709,0,0
1580,-1,13,2496387,3*832129,0,0
1580,-1,17,2496383,2496383,1,1
1580,-1,19,2496381,3*73*11399,0,0
1580,-1,23,2496377,13*192029,0,1
1580,-1,29,2496371,2496371,1,1
1580,-1,31,2496369,3*832123,0,0
1580,-1,37,2496363,3*832121,0,0
1580,-1,41,2496359,1109*2251,0,1
1580,-1,43,2496357,3*3*277373,0,0
1582,1,3,2502727,937*2671,0,1
1582,1,5,2502729,3*3*29*43*223,0,0
1582,1,7,2502731,7*11*32503,0,0
1582,1,11,2502735,3*5*166849,0,0
1582,1,13,2502737,19*157*839,0,0
1582,1,17,2502741,3*229*3643,0,0
1582,1,19,2502743,823*3041,0,1
1582,1,23,2502747,3*3*13*21391,0,0
1582,1,29,2502753,3*11*149*509,0,0
1582,1,31,2502755,5*131*3821,0,0
1582,1,37,2502761,2502761,1,1
1582,1,41,2502765,3*3*3*5*18539,0,0
1582,1,43,2502767,2502767,1,1
1582,-1,3,2502721,13*13*59*251,0,0
1582,-1,5,2502719,2502719,1,1
1582,-1,7,2502717,3*7*37*3221,0,0
1582,-1,11,2502713,53*47221,0,1
1582,-1,13,2502711,3*3*3*92693,0,0
1582,-1,17,2502707,1103*2269,0,1
1582,-1,19,2502705,3*5*166847,0,0
1582,-1,23,2502701,2502701,1,1
1582,-1,29,2502695,5*13*139*277,0,0
1582,-1,31,2502693,3*3*487*571,0,0
1582,-1,37,2502687,3*11*181*419,0,0
1582,-1,41,2502683,2502683,1,1
1582,-1,43,2502681,3*41*20347,0,0
1584,1,3,2509059,3*7*163*733,0,0
1584,1,5,2509061,2509061,1,1
1584,1,7,2509063,2509063,1,1
1584,1,11,2509067,11*228097,0,1
1584,1,13,2509069,71*35339,0,1
1584,1,17,2509073,7*53*6763,0,0
1584,1,19,2509075,5*5*100363,0,0
1584,1,23,2509079,2509079,1,1
1584,1,29,2509085,5*501817,0,0
1584,1,31,2509087,7*358441,0,1
1584,1,37,2509093,23*43*43*59,0,0
1584,1,41,2509097,877*2861,0,1
1584,1,43,2509099,97*25867,0,1
1584,-1,3,2509053,3*836351,0,0
1584,-1,5,2509051,29*241*359,0,0
1584,-1,7,2509049,281*8929,0,1
1584,-1,11,2509045,5*7*7*7*7*11*19,0,0
1584,-1,13,2509043,107*131*179,0,0
1584,-1,17,2509039,13*193003,0,1
1584,-1,19,2509037,2509037,1,1
1584,-1,23,2509033,383*6551,0,1
1584,-1,29,2509027,2509027,1,1
1584,-1,31,2509025,5*5*100361,0,0
1584,-1,37,2509019,173*14503,0,1
1584,-1,41,2509015,5*501803,0,0
1584,-1,43,2509013,13*17*11353,0,0
1586,1,3,2515399,769*3271,0,1
1586,1,5,2515401,3*3*3*7*13309,0,0
1586,1,7,2515403,11*347*659,0,0
1586,1,11,2515407,3*89*9421,0,0
1586,1,13,2515409,13*193493,0,1
1586,1,17,2515413,3*838471,0,0
1586,1,19,2515415,5*7*7*10267,0,0
1586,1,23,2515419,3*3*269*1039,0,0
1586,1,29,2515425,3*5*5*11*3049,0,0
1586,1,31,2515427,2515427,1,1
1586,1,37,2515433,31*53*1531,0,0
1586,1,41,2515437,3*3*277*1009,0,0
1586,1,43,2515439,17*79*1873,0,0
1586,-1,3,2515393,47*109*491,0,0
1586,-1,5,2515391,19*41*3229,0,0
1586,-1,7,2515389,3*838463,0,0
1586,-1,11,2515385,5*503077,0,0
1586,-1,13,2515383,3*3*13*21499,0,0
1586,-1,17,2515379,2515379,1,1
1586,-1,19,2515377,3*838459,0,0
1586,-1,23,2515373,7*29*12391,0,0
1586,-1,29,2515367,2515367,1,1
1586,-1,31,2515365,3*3*5*55897,0,0
1586,-1,37,2515359,3*7*11*10889,0,0
1586,-1,41,2515355,5*487*1033,0,0
1586,-1,43,2515353,3*19*44129,0,0
1588,1,3,2521747,2521747,1,1
1588,1,5,2521749,3*103*8161,0,0
1588,1,7,2521751,2521751,1,1
1588,1,11,2521755,3*3*5*56039,0,0
1588,1,13,2521757,7*31*11621,0,0
1588,1,17,2521761,3*11*11*6947,0,0
1588,1,19,2521763,17*148339,0,1
1588,1,23,2521767,3*840589,0,0
1588,1,29,2521773,3*3*3*3*163*191,0,0
1588,1,31,2521775,5*5*19*5309,0,0
1588,1,37,2521781,431*5851,0,1
1588,1,41,2521785,3*5*7*7*47*73,0,0
1588,1,43,2521787,41*61507,0,1
1588,-1,3,2521741,887*2843,0,1
1588,-1,5,2521739,11*229249,0,1
1588,-1,7,2521737,3*3*19*14747,0,0
1588,-1,11,2521733,2521733,1,1
1588,-1,13,2521731,3*673*1249,0,0
1588,-1,17,2521727,13*193979,0,1
1588,-1,19,2521725,3*5*5*33623,0,0
1588,-1,23,2521721,2521721,1,1
1588,-1,29,2521715,5*7*109*661,0,0
1588,-1,31,2521713,3*840571,0,0
1588,-1,37,2521707,3*71*11839,0,0
1588,-1,41,2521703,2521703,1,1
1588,-1,43,2521701,3*3*7*13*3079,0,0
1590,1,3,2528103,3*842701,0,0
1590,1,5,2528105,5*421*1201,0,0
1590,1,7,2528107,193*13099,0,1
1590,1,11,2528111,67*97*389,0,0
1590,1,13,2528113,7*361159,0,1
1590,1,17,2528117,733*3449,0,1
1590,1,19,2528119,11*311*739,0,0
1590,1,23,2528123,13*194471,0,1
1590,1,29,2528129,2528129,1,1
1590,1,31,2528131,101*25031,0,1
1590,1,37,2528137,23*109919,0,1
1590,1,41,2528141,7*11*32833,0,0
1590,1,43,2528143,31*81553,0,1
1590,-1,3,2528097,3*11*13*71*83,0,0
1590,-1,5,2528095,5*505619,0,0
1590,-1,7,2528093,541*4673,0,1
1590,-1,11,2528089,107*23627,0,1
1590,-1,13,2528087,17*148711,0,1
1590,-1,17,2528083,19*19*47*149,0,0
1590,-1,19,2528081,31*81551,0,1
1590,-1,23,2528077,2528077,1,1
1590,-1,29,2528071,7*13*13*2137,0,0
1590,-1,31,2528069,2528069,1,1
1590,-1,37,2528063,73*34631,0,1
1590,-1,41,2528059,2528059,1,1
1590,-1,43,2528057,7*7*51593,0,0
1592,1,3,2534467,13*19*31*331,0,0
1592,1,5,2534469,3*7*120689,0,0
1592,1,7,2534471,2534471,1,1
1592,1,11,2534475,3*5*5*47*719,0,0
1592,1,13,2534477,11*113*2039,0,0
1592,1,17,2534481,3*3*281609,0,0
1592,1,19,2534483,7*362069,0,1
1592,1,23,2534487,3*71*73*163,0,0
1592,1,29,2534493,3*13*13*4999,0,0
1592,1,31,2534495,5*506899,0,0
1592,1,37,2534501,2534501,1,1
1592,1,41,2534505,3*5*19*8893,0,0
1592,1,43,2534507,967*2621,0,1
1592,-1,3,2534461,179*14159,0,1
1592,-1,5,2534459,2534459,1,1
1592,-1,7,2534457,3*131*6449,0,0
1592,-1,11,2534453,89*28477,0,1
1592,-1,13,2534451,3*157*5381,0,0
1592,-1,17,2534447,1483*1709,0,1
1592,-1,19,2534445,3*3*5*17*3313,0,0
1592,-1,23,2534441,7*13*27851,0,0
1592,-1,29,2534435,5*506887,0,0
1592,-1,31,2534433,3*11*76801,0,0
1592,-1,37,2534427,3*3*7*7*7*821,0,0
1592,-1,41,2534423,2534423,1,1
1592,-1,43,2534421,3*499*1693,0,0
1594,1,3,2540839,7*362977,0,1
1594,1,5,2540841,3*67*12641,0,0
1594,1,7,2540843,263*9661,0,1
1594,1,11,2540847,3*846949,0,0
1594,1,13,2540849,2540849,1,1
1594,1,17,2540853,3*3*7*31*1301,0,0
1594,1,19,2540855,5*508171,0,0
1594,1,23,2540859,3*846953,0,0
1594,1,29,2540865,3*5*233*727,0,0
1594,1,31,2540867,7*47*7723,0,0
1594,1,37,2540873,53*191*251,0,0
1594,1,41,2540877,3*71*79*151,0,0
1594,1,43,2540879,11*11*11*23*83,0,0
1594,-1,3,2540833,23*61*1811,0,0
1594,-1,5,2540831,2540831,1,1
1594,-1,7,2540829,3*846943,0,0
1594,-1,11,2540825,5*5*7*14519,0,0
1594,-1,13,2540823,3*653*1297,0,0
1594,-1,17,2540819,563*4513,0,1
1594,-1,19,2540817,3*3*282313,0,0
1594,-1,23,2540813,11*19*12157,0,0
1594,-1,29,2540807,691*3677,0,1
1594,-1,31,2540805,3*5*113*1499,0,0
1594,-1,37,2540799,3*3*282311,0,0
1594,-1,41,2540795,5*508159,0,0
1594,-1,43,2540793,3*846931,0,0
1596,1,3,2547219,3*151*5623,0,0
1596,1,5,2547221,109*23369,0,1
1596,1,7,2547223,7*363889,0,1
1596,1,11,2547227,23*110749,0,1
1596,1,13,2547229,17*149837,0,1
1596,1,17,2547233,13*53*3697,0,0
1596,1,19,2547235,5*19*26813,0,0
1596,1,23,2547239,31*127*647,0,0
1596,1,29,2547245,5*509449,0,0
1596,1,31,2547247,2547247,1,1
1596,1,37,2547253,2547253,1,1
1596,1,41,2547257,2547257,1,1
1596,1,43,2547259,11*13*47*379,0,0
1596,-1,3,2547213,3*181*4691,0,0
1596,-1,5,2547211,2547211,1,1
1596,-1,7,2547209,7*363887,0,1
1596,-1,11,2547205,5*509441,0,0
1596,-1,13,2547203,2547203,1,1
1596,-1,17,2547199,2547199,1,1
1596,-1,19,2547197,19*79*1697,0,0
1596,-1,23,2547193,11*231563,0,1
1596,-1,29,2547187,83*30689,0,1
1596,-1,31,2547185,5*619*823,0,0
1596,-1,37,2547179,307*8297,0,1
1596,-1,41,2547175,5*5*139*733,0,0
1596,-1,43,2547173,2547173,1,1
1598,1,3,2553607,7*364801,0,1
1598,1,5,2553609,3*851203,0,0
1598,1,7,2553611,2553611,1,1
1598,1,11,2553615,3*3*5*56747,0,0
1598,1,13,2553617,11*269*863,0,0
1598,1,17,2553621,3*7*17*23*311,0,0
1598,1,19,2553623,1429*1787,0,1
1598,1,23,2553627,3*851209,0,0
1598,1,29,2553633,3*3*3*271*349,0,0
1598,1,31,2553635,5*7*7*7*1489,0,0
1598,1,37,2553641,43*59387,0,1
1598,1,41,2553645,3*5*170243,0,0
1598,1,43,2553647,2553647,1,1
1598,-1,3,2553601,2553601,1,1
1598,-1,5,2553599,2553599,1,1
1598,-1,7,2553597,3*3*167*1699,0,0
1598,-1,11,2553593,7*53*6883,0,0
1598,-1,13,2553591,3*851197,0,0
1598,-1,17,2553587,17*150211,0,1
1598,-1,19,2553585,3*5*170239,0,0
1598,-1,23,2553581,19*134399,0,1
1598,-1,29,2553575,5*5*23*4441,0,0
1598,-1,31,2553573,3*11*223*347,0,0
1598,-1,37,2553567,3*359*2371,0,0
1598,-1,41,2553563,31*82373,0,1
1598,-1,43,2553561,3*3*151*1879,0,0
1600,1,3,2560003,19*67*2011,0,0
1600,1,5,2560005,3*3*3*3*3*5*7*7*43,0,0
1600,1,7,2560007,1229*2083,0,1
1600,1,11,2560011,3*31*27527,0,0
1600,1,13,2560013,17*150589,0,1
1600,1,17,2560017,3*853339,0,0
1600,1,19,2560019,7*11*33247,0,0
1600,1,23,2560023,3*3*284447,0,0
1600,1,29,2560029,3*359*2377,0,0
1600,1,31,2560031,2560031,1,1
1600,1,37,2560037,73*35069,0,1
1600,1,41,2560041,3*3*11*19*1361,0,0
1600,1,43,2560043,47*54469,0,1
1600,-1,3,2559997,11*11*21157,0,0
1600,-1,5,2559995,5*79*6481,0,0
1600,-1,7,2559993,3*37*23063,0,0
1600,-1,11,2559989,2559989,1,1
1600,-1,13,2559987,3*3*61*4663,0,0
1600,-1,17,2559983,2559983,1,1
1600,-1,19,2559981,3*593*1439,0,0
1600,-1,23,2559977,7*257*1423,0,0
1600,-1,29,2559971,233*10987,0,1
1600,-1,31,2559969,3*3*23*83*149,0,0
1600,-1,37,2559963,3*7*139*877,0,0
1600,-1,41,2559959,2559959,1,1
1600,-1,43,2559957,3*853319,0,0
1602,1,3,2566407,3*787*1087,0,0
1602,1,5,2566409,23*241*463,0,0
1602,1,7,2566411,2566411,1,1
1602,1,11,2566415,5*513283,0,0
1602,1,13,2566417,7*366631,0,1
1602,1,17,2566421,11*13*131*137,0,0
1602,1,19,2566423,2566423,1,1
1602,1,23,2566427,2566427,1,1
1602,1,29,2566433,2566433,1,1
1602,1,31,2566435,5*47*67*163,0,0
1602,1,37,2566441,59*43499,0,1
1602,1,41,2566445,5*7*73327,0,0
1602,1,43,2566447,13*197419,0,1
1602,-1,3,2566401,3*855467,0,0
1602,-1,5,2566399,11*181*1289,0,0
1602,-1,7,2566397,31*82787,0,1
1602,-1,11,2566393,211*12163,0,1
1602,-1,13,2566391,433*5927,0,1
1602,-1,17,2566387,19*293*461,0,0
1602,-1,19,2566385,5*513277,0,0
1602,-1,23,2566381,1459*1759,0,1
1602,-1,29,2566375,5*5*5*7*7*419,0,0
1602,-1,31,2566373,281*9133,0,1
1602,-1,37,2566367,2566367,1,1
1602,-1,41,2566363,23*111581,0,1
1602,-1,43,2566361,7*523*701,0,0
1604,1,3,2572819,43*59833,0,1
1604,1,5,2572821,3*3*487*587,0,0
1604,1,7,2572823,11*11*11*1933,0,0
1604,1,11,2572827,3*47*71*257,0,0
1604,1,13,2572829,7*367547,0,1
1604,1,17,2572833,3*293*2927,0,0
1604,1,19,2572835,5*239*2153,0,0
1604,1,23,2572839,3*3*285871,0,0
1604,1,29,2572845,3*5*11*31*503,0,0
1604,1,31,2572847,19*19*7127,0,0
1604,1,37,2572853,727*3539,0,1
1604,1,41,2572857,3*3*3*7*13613,0,0
1604,1,43,2572859,2572859,1,1
1604,-1,3,2572813,59*43607,0,1
1604,-1,5,2572811,2572811,1,1
1604,-1,7,2572809,3*19*45137,0,0
1604,-1,11,2572805,5*514561,0,0
1604,-1,13,2572803,3*3*3*3*23*1381,0,0
1604,-1,17,2572799,2572799,1,1
1604,-1,19,2572797,3*17*61*827,0,0
1604,-1,23,2572793,29*79*1123,0,0
1604,-1,29,2572787,7*367541,0,1
1604,-1,31,2572785,3*3*5*57173,0,0
1604,-1,37,2572779,3*11*53*1471,0,0
1604,-1,41,2572775,5*5*102911,0,0
1604,-1,43,2572773,3*7*101*1213,0,0
1606,1,3,2579239,13*199*997,0,0
1606,1,5,2579241,3*7*263*467,0,0
1606,1,7,2579243,23*127*883,0,0
1606,1,11,2579247,3*3*11*26053,0,0
1606,1,13,2579249,2579249,1,1
1606,1,17,2579253,3*859751,0,0
1606,1,19,2579255,5*7*73693,0,0
1606,1,23,2579259,3*131*6563,0,0
1606,1,29,2579265,3*3*5*13*4409,0,0
1606,1,31,2579267,109*23663,0,1
1606,1,37,2579273,2579273,1,1
1606,1,41,2579277,3*569*1511,0,0
1606,1,43,2579279,293*8803,0,1
1606,-1,3,2579233,37*69709,0,1
1606,-1,5,2579231,19*29*31*151,0,0
1606,-1,7,2579229,3*3*3*95527,0,0
1606,-1,11,2579225,5*5*11*83*113,0,0
1606,-1,13,2579223,3*17*103*491,0,0
1606,-1,17,2579219,47*54877,0,1
1606,-1,19,2579217,3*71*12109,0,0
1606,-1,23,2579213,7*7*13*4049,0,0
1606,-1,29,2579207,571*4517,0,1
1606,-1,31,2579205,3*5*171947,0,0
1606,-1,37,2579199,3*7*122819,0,0
1606,-1,41,2579195,5*515839,0,0
1606,-1,43,2579193,3*3*19*15083,0,0
1608,1,3,2585667,3*7*123127,0,0
1608,1,5,2585669,29*163*547,0,0
1608,1,7,2585671,11*37*6353,0,0
1608,1,11,2585675,5*5*59*1753,0,0
1608,1,13,2585677,257*10061,0,1
1608,1,17,2585681,7*7*52769,0,0
1608,1,19,2585683,17*17*23*389,0,0
1608,1,23,2585687,13*198899,0,1
1608,1,29,2585693,11*313*751,0,0
1608,1,31,2585695,5*7*73877,0,0
1608,1,37,2585701,101*25601,0,1
1608,1,41,2585705,5*47*11003,0,0
1608,1,43,2585707,2585707,1,1
1608,-1,3,2585661,3*13*167*397,0,0
1608,-1,5,2585659,2585659,1,1
1608,-1,7,2585657,1061*2437,0,1
1608,-1,11,2585653,7*19*19441,0,0
1608,-1,13,2585651,829*3119,0,1
1608,-1,17,2585647,2585647,1,1
1608,-1,19,2585645,5*517129,0,0
1608,-1,23,2585641,2585641,1,1
1608,-1,29,2585635,5*13*39779,0,0
1608,-1,31,2585633,43*157*383,0,0
1608,-1,37,2585627,11*235057,0,1
1608,-1,41,2585623,2585623,1,1
1608,-1,43,2585621,193*13397,0,1
1610,1,3,2592103,2592103,1,1
1610,1,5,2592105,3*5*172807,0,0
1610,1,7,2592107,7*29*113*113,0,0
1610,1,11,2592111,3*864037,0,0
1610,1,13,2592113,19*227*601,0,0
1610,1,17,2592117,3*3*11*26183,0,0
1610,1,19,2592119,2592119,1,1
1610,1,23,2592123,3*23*37567,0,0
1610,1,29,2592129,3*109*7927,0,0
1610,1,31,2592131,97*26723,0,1
1610,1,37,2592137,1381*1877,0,1
1610,1,41,2592141,3*864047,0,0
1610,1,43,2592143,17*41*3719,0,0
1610,-1,3,2592097,47*131*421,0,0
1610,-1,5,2592095,5*11*47129,0,0
1610,-1,7,2592093,3*7*123433,0,0
1610,-1,11,2592089,2592089,1,1
1610,-1,13,2592087,3*864029,0,0
1610,-1,17,2592083,13*43*4637,0,0
1610,-1,19,2592081,3*3*3*3*3*10667,0,0
1610,-1,23,2592077,23*251*449,0,0
1610,-1,29,2592071,53*48907,0,1
1610,-1,31,2592069,3*79*10937,0,0
1610,-1,37,2592063,3*3*288007,0,0
1610,-1,41,2592059,173*14983,0,1
1610,-1,43,2592057,3*13*66463,0,0
1612,1,3,2598547,7*37*79*127,0,0
1612,1,5,2598549,3*866183,0,0
1612,1,7,2598551,877*2963,0,1
1612,1,11,2598555,3*5*191*907,0,0
1612,1,13,2598557,13*199889,0,1
1612,1,17,2598561,3*3*3*3*7*4583,0,0
1612,1,19,2598563,11*23*10271,0,0
1612,1,23,2598567,3*607*1427,0,0
1612,1,29,2598573,3*19*45589,0,0
1612,1,31,2598575,5*5*7*31*479,0,0
1612,1,37,2598581,73*35597,0,1
1612,1,41,2598585,3*5*11*15749,0,0
1612,1,43,2598587,103*25229,0,1
1612,-1,3,2598541,11*236231,0,1
1612,-1,5,2598539,41*61*1039,0,0
1612,-1,7,2598537,3*53*59*277,0,0
1612,-1,11,2598533,7*43*89*97,0,0
1612,-1,13,2598531,3*13*66629,0,0
1612,-1,17,2598527,257*10111,0,1
1612,-1,19,2598525,3*3*5*5*11549,0,0
1612,-1,23,2598521,2598521,1,1
1612,-1,29,2598515,5*519703,0,0
1612,-1,31,2598513,3*31*27941,0,0
1612,-1,37,2598507,3*3*3*157*613,0,0
1612,-1,41,2598503,2598503,1,1
1612,-1,43,2598501,3*17*50951,0,0
1614,1,3,2604999,3*139*6247,0,0
1614,1,5,2605001,7*563*661,0,0
1614,1,7,2605003,23*53*2137,0,0
1614,1,11,2605007,2605007,1,1
1614,1,13,2605009,11*11*21529,0,0
1614,1,17,2605013,2605013,1,1
1614,1,19,2605015,5*7*263*283,0,0
1614,1,23,2605019,2605019,1,1
1614,1,29,2605025,5*5*79*1319,0,0
1614,1,31,2605027,59*67*659,0,0
1614,1,37,2605033,19*167*821,0,0
1614,1,41,2605037,503*5179,0,1
1614,1,43,2605039,2605039,1,1
1614,-1,3,2604993,3*868331,0,0
1614,-1,5,2604991,109*23899,0,1
1614,-1,7,2604989,113*23053,0,1
1614,-1,11,2604985,5*37*14081,0,0
1614,-1,13,2604983,29*43*2089,0,0
1614,-1,17,2604979,13*200383,0,1
1614,-1,19,2604977,2604977,1,1
1614,-1,23,2604973,7*103*3613,0,0
1614,-1,29,2604967,149*17483,0,1
1614,-1,31,2604965,5*11*47363,0,0
1614,-1,37,2604959,7*372137,0,1
1614,-1,41,2604955,5*83*6277,0,0
1614,-1,43,2604953,13*200381,0,1
1616,1,3,2611459,67*38977,0,1
1616,1,5,2611461,3*47*18521,0,0
1616,1,7,2611463,421*6203,0,1
1616,1,11,2611467,3*3*3*311*311,0,0
1616,1,13,2611469,7*53*7039,0,0
1616,1,17,2611473,3*870491,0,0
1616,1,19,2611475,5*5*104459,0,0
1616,1,23,2611479,3*13*29*2309,0,0
1616,1,29,2611485,3*3*5*131*443,0,0
1616,1,31,2611487,2611487,1,1
1616,1,37,2611493,19*137447,0,1
1616,1,41,2611497,3*7*37*3361,0,0
1616,1,43,2611499,11*237409,0,1
1616,-1,3,2611453,13*200881,0,1
1616,-1,5,2611451,71*36781,0,1
1616,-1,7,2611449,3*3*290161,0,0
1616,-1,11,2611445,5*522289,0,0
1616,-1,13,2611443,3*23*37847,0,0
1616,-1,17,2611439,2611439,1,1
1616,-1,19,2611437,3*870479,0,0
1616,-1,23,2611433,11*43*5521,0,0
1616,-1,29,2611427,7*13*28697,0,0
1616,-1,31,2611425,3*5*5*34819,0,0
1616,-1,37,2611419,3*929*937,0,0
1616,-1,41,2611415,5*522283,0,0
1616,-1,43,2611413,3*3*3*7*41*337,0,0
1618,1,3,2617927,13*277*727,0,0
1618,1,5,2617929,3*3*23*12647,0,0
1618,1,7,2617931,617*4243,0,1
1618,1,11,2617935,3*5*37*53*89,0,0
1618,1,13,2617937,7*61*6131,0,0
1618,1,17,2617941,3*872647,0,0
1618,1,19,2617943,163*16061,0,1
1618,1,23,2617947,3*3*3*47*2063,0,0
1618,1,29,2617953,3*13*19*3533,0,0
1618,1,31,2617955,5*293*1787,0,0
1618,1,37,2617961,2617961,1,1
1618,1,41,2617965,3*3*5*7*8311,0,0
1618,1,43,2617967,11*237997,0,1
1618,-1,3,2617921,1307*2003,0,1
1618,-1,5,2617919,31*84449,0,1
1618,-1,7,2617917,3*29*30091,0,0
1618,-1,11,2617913,1163*2251,0,1
1618,-1,13,2617911,3*3*290879,0,0
1618,-1,17,2617907,2617907,1,1
1618,-1,19,2617905,3*5*174527,0,0
1618,-1,23,2617901,11*13*18307,0,0
1618,-1,29,2617895,5*7*74797,0,0
1618,-1,31,2617893,3*3*3*96959,0,0
1618,-1,37,2617887,3*151*5779,0,0
1618,-1,41,2617883,23*43*2647,0,0
1618,-1,43,2617881,3*7*17*7333,0,0
1620,1,3,2624403,3*61*14341,0,0
1620,1,5,2624405,5*7*167*449,0,0
1620,1,7,2624407,653*4019,0,1
1620,1,11,2624411,2624411,1,1
1620,1,13,2624413,11*19*29*433,0,0
1620,1,17,2624417,367*7151,0,1
1620,1,19,2624419,7*43*8719,0,0
1620,1,23,2624423,73*35951,0,1
1620,1,29,2624429,31*84659,0,1
1620,1,31,2624431,2624431,1,1
1620,1,37,2624437,2624437,1,1
1620,1,41,2624441,479*5479,0,1
1620,1,43,2624443,17*317*487,0,0
1620,-1,3,2624397,3*874799,0,0
1620,-1,5,2624395,5*491*1069,0,0
1620,-1,7,2624393,109*24077,0,1
1620,-1,11,2624389,107*24527,0,1
1620,-1,13,2624387,2624387,1,1
1620,-1,17,2624383,863*3041,0,1
1620,-1,19,2624381,2624381,1,1
1620,-1,23,2624377,7*83*4517,0,0
1620,-1,29,2624371,2624371,1,1
1620,-1,31,2624369,11*11*23*23*41,0,0
1620,-1,37,2624363,7*374909,0,1
1620,-1,41,2624359,431*6089,0,1
1620,-1,43,2624357,2624357,1,1
1622,1,3,2630887,7*375841,0,1
1622,1,5,2630889,3*3*67*4363,0,0
1622,1,7,2630891,2630891,1,1
1622,1,11,2630895,3*5*175393,0,0
1622,1,13,2630897,797*3301,0,1
1622,1,17,2630901,3*7*13*23*419,0,0
1622,1,19,2630903,11*11*17*1279,0,0
1622,1,23,2630907,3*3*3*97441,0,0
1622,1,29,2630913,3*876971,0,0
1622,1,31,2630915,5*7*75169,0,0
1622,1,37,2630921,2630921,1,1
1622,1,41,2630925,3*3*5*5*11*1063,0,0
1622,1,43,2630927,13*439*461,0,0
1622,-1,3,2630881,11*239171,0,1
1622,-1,5,2630879,2630879,1,1
1622,-1,7,2630877,3*31*28289,0,0
1622,-1,11,2630873,7*19*131*151,0,0
1622,-1,13,2630871,3*3*292319,0,0
1622,-1,17,2630867,53*49639,0,1
1622,-1,19,2630865,3*5*175391,0,0
1622,-1,23,2630861,2630861,1,1
1622,-1,29,2630855,5*23*22877,0,0
1622,-1,31,2630853,3*3*3*139*701,0,0
1622,-1,37,2630847,3*41*73*293,0,0
1622,-1,41,2630843,2630843,1,1
1622,-1,43,2630841,3*876947,0,0
1624,1,3,2637379,2637379,1,1
1624,1,5,2637381,3*461*1907,0,0
1624,1,7,2637383,7*376769,0,1
1624,1,11,2637387,3*3*3*23*31*137,0,0
1624,1,13,2637389,983*2683,0,1
1624,1,17,2637393,3*11*229*349,0,0
1624,1,19,2637395,5*557*947,0,0
1624,1,23,2637399,3*879133,0,0
1624,1,29,2637405,3*3*5*29*43*47,0,0
1624,1,31,2637407,41*64327,0,1
1624,1,37,2637413,101*26113,0,1
1624,1,41,2637417,3*73*12043,0,0
1624,1,43,2637419,2637419,1,1
1624,-1,3,2637373,2637373,1,1
1624,-1,5,2637371,11*19*12619,0,0
1624,-1,7,2637369,3*3*7*41863,0,0
1624,-1,11,2637365,5*239*2207,0,0
1624,-1,13,2637363,3*17*51713,0,0
1624,-1,17,2637359,59*44701,0,1
1624,-1,19,2637357,3*879119,0,0
1624,-1,23,2637353,2637353,1,1
1624,-1,29,2637347,29*199*457,0,0
1624,-1,31,2637345,3*5*193*911,0,0
1624,-1,37,2637339,3*879113,0,0
1624,-1,41,2637335,5*61*8647,0,0
1624,-1,43,2637333,3*3*3*19*53*97,0,0
1626,1,3,2643879,3*7*125899,0,0
1626,1,5,2643881,881*3001,0,1
1626,1,7,2643883,11*240353,0,1
1626,1,11,2643887,67*39461,0,1
1626,1,13,2643889,2643889,1,1
1626,1,17,2643893,7*7*79*683,0,0
1626,1,19,2643895,5*528779,0,0
1626,1,23,2643899,2643899,1,1
1626,1,29,2643905,5*11*53*907,0,0
1626,1,31,2643907,7*19*103*193,0,0
1626,1,37,2643913,2643913,1,1
1626,1,41,2643917,2643917,1,1
1626,1,43,2643919,23*139*827,0,0
1626,-1,3,2643873,3*23*38317,0,0
1626,-1,5,2643871,2643871,1,1
1626,-1,7,2643869,19*227*613,0,0
1626,-1,11,2643865,5*7*75539,0,0
1626,-1,13,2643863,107*24709,0,1
1626,-1,17,2643859,151*17509,0,1
1626,-1,19,2643857,17*155521,0,1
1626,-1,23,2643853,2643853,1,1
1626,-1,29,2643847,1151*2297,0,1
1626,-1,31,2643845,5*617*857,0,0
1626,-1,37,2643839,11*240349,0,1
1626,-1,41,2643835,5*31*37*461,0,0
1626,-1,43,2643833,2643833,1,1
1628,1,3,2650387,2650387,1,1
1628,1,5,2650389,3*7*61*2069,0,0
1628,1,7,2650391,43*61637,0,1
1628,1,11,2650395,3*5*11*16063,0,0
1628,1,13,2650397,29*91393,0,1
1628,1,17,2650401,3*3*3*3*3*13*839,0,0
1628,1,19,2650403,7*378629,0,1
1628,1,23,2650407,3*31*28499,0,0
1628,1,29,2650413,3*883471,0,0
1628,1,31,2650415,5*113*4691,0,0
1628,1,37,2650421,37*71633,0,1
1628,1,41,2650425,3*5*5*35339,0,0
1628,1,43,2650427,13*13*15683,0,0
1628,-1,3,2650381,2650381,1,1
1628,-1,5,2650379,2650379,1,1
1628,-1,7,2650377,3*47*18797,0,0
1628,-1,11,2650373,11*240943,0,1
1628,-1,13,2650371,3*53*79*211,0,0
1628,-1,17,2650367,19*139493,0,1
1628,-1,19,2650365,3*3*5*58897,0,0
1628,-1,23,2650361,7*7*7*7727,0,0
1628,-1,29,2650355,5*223*2377,0,0
1628,-1,31,2650353,3*883451,0,0
1628,-1,37,2650347,3*3*3*7*37*379,0,0
1628,-1,41,2650343,1231*2153,0,1
1628,-1,43,2650341,3*101*8747,0,0
1630,1,3,2656903,19*139837,0,1
1630,1,5,2656905,3*5*177127,0,0
1630,1,7,2656907,11*241537,0,1
1630,1,11,2656911,3*157*5641,0,0
1630,1,13,2656913,7*17*83*269,0,0
1630,1,17,2656917,3*3*31*89*107,0,0
1630,1,19,2656919,2656919,1,1
1630,1,23,2656923,3*41*21601,0,0
1630,1,29,2656929,3*11*80513,0,0
1630,1,31,2656931,421*6311,0,1
1630,1,37,2656937,23*331*349,0,0
1630,1,41,2656941,3*7*19*6659,0,0
1630,1,43,2656943,53*50131,0,1
1630,-1,3,2656897,179*14843,0,1
1630,-1,5,2656895,5*691*769,0,0
1630,-1,7,2656893,3*29*30539,0,0
1630,-1,11,2656889,2656889,1,1
1630,-1,13,2656887,3*859*1031,0,0
1630,-1,17,2656883,2656883,1,1
1630,-1,19,2656881,3*3*3*3*32801,0,0
1630,-1,23,2656877,2656877,1,1
1630,-1,29,2656871,7*383*991,0,0
1630,-1,31,2656869,3*885623,0,0
1630,-1,37,2656863,3*3*11*47*571,0,0
1630,-1,41,2656859,37*71807,0,1
1630,-1,43,2656857,3*7*126517,0,0
1632,1,3,2663427,3*13*31*2203,0,0
1632,1,5,2663429,2663429,1,1
1632,1,7,2663431,2663431,1,1
1632,1,11,2663435,5*532687,0,0
1632,1,13,2663437,7*59*6449,0,0
1632,1,17,2663441,11*17*14243,0,0
1632,1,19,2663443,47*61*929,0,0
1632,1,23,2663447,29*29*3167,0,0
1632,1,29,2663453,13*211*971,0,0
1632,1,31,2663455,5*532691,0,0
1632,1,37,2663461,2663461,1,1
1632,1,41,2663465,5*7*76099,0,0
1632,1,43,2663467,2663467,1,1
1632,-1,3,2663421,3*359*2473,0,0
1632,-1,5,2663419,11*242129,0,1
1632,-1,7,2663417,137*19441,0,1
1632,-1,11,2663413,439*6067,0,1
1632,-1,13,2663411,1049*2539,0,1
1632,-1,17,2663407,17*156671,0,1
1632,-1,19,2663405,5*73*7297,0,0
1632,-1,23,2663401,13*19*41*263,0,0
1632,-1,29,2663395,5*7*7*7*1553,0,0
1632,-1,31,2663393,2663393,1,1
1632,-1,37,2663387,83*32089,0,1
1632,-1,41,2663383,433*6151,0,1
1632,-1,43,2663381,7*380483,0,1
1634,1,3,2669959,2669959,1,1
1634,1,5,2669961,3*7*7*41*443,0,0
1634,1,7,2669963,79*33797,0,1
1634,1,11,2669967,3*3*296663,0,0
1634,1,13,2669969,17*157057,0,1
1634,1,17,2669973,3*257*3463,0,0
1634,1,19,2669975,5*5*7*11*19*73,0,0
1634,1,23,2669979,3*13*223*307,0,0
1634,1,29,2669985,3*3*5*59333,0,0
1634,1,31,2669987,2669987,1,1
1634,1,37,2669993,137*19489,0,1
1634,1,41,2669997,3*11*80909,0,0
1634,1,43,2669999,31*43*2003,0,0
1634,-1,3,2669953,11*13*18671,0,0
1634,-1,5,2669951,2669951,1,1
1634,-1,7,2669949,3*3*3*98887,0,0
1634,-1,11,2669945,5*533989,0,0
1634,-1,13,2669943,3*29*30689,0,0
1634,-1,17,2669939,757*3527,0,1
1634,-1,19,2669937,3*19*31*1511,0,0
1634,-1,23,2669933,7*381419,0,1
1634,-1,29,2669927,13*59*59*59,0,0
1634,-1,31,2669925,3*5*5*97*367,0,0
1634,-1,37,2669919,3*7*127139,0,0
1634,-1,41,2669915,5*523*1021,0,0
1634,-1,43,2669913,3*3*43*6899,0,0
1636,1,3,2676499,7*382357,0,1
1636,1,5,2676501,3*3*83*3583,0,0
1636,1,7,2676503,1033*2591,0,1
1636,1,11,2676507,3*892169,0,0
1636,1,13,2676509,11*31*47*167,0,0
1636,1,17,2676513,3*7*127453,0,0
1636,1,19,2676515,5*535303,0,0
1636,1,23,2676519,3*3*297391,0,0
1636,1,29,2676525,3*5*5*127*281,0,0
1636,1,31,2676527,7*7*54623,0,0
1636,1,37,2676533,23*116371,0,1
1636,1,41,2676537,3*3*3*99131,0,0
1636,1,43,2676539,2676539,1,1
1636,-1,3,2676493,2676493,1,1
1636,-1,5,2676491,2676491,1,1
1636,-1,7,2676489,3*449*1987,0,0
1636,-1,11,2676485,5*7*76471,0,0
1636,-1,13,2676483,3*3*3*3*173*191,0,0
1636,-1,17,2676479,13*205883,0,1
1636,-1,19,2676477,3*892159,0,0
1636,-1,23,2676473,19*140867,0,1
1636,-1,29,2676467,2676467,1,1
1636,-1,31,2676465,3*3*5*11*5407,0,0
1636,-1,37,2676459,3*892153,0,0
1636,-1,41,2676455,5*103*5197,0,0
1636,-1,43,2676453,3*13*13*5279,0,0
1638,1,3,2683047,3*19*103*457,0,0
1638,1,5,2683049,2683049,1,1
1638,1,7,2683051,7*29*13217,0,0
1638,1,11,2683055,5*37*14503,0,0
1638,1,13,2683057,13*173*1193,0,0
1638,1,17,2683061,2683061,1,1
1638,1,19,2683063,2683063,1,1
1638,1,23,2683067,863*3109,0,1
1638,1,29,2683073,2683073,1,1
1638,1,31,2683075,5*5*107323,0,0
1638,1,37,2683081,31*41*2111,0,0
1638,1,41,2683085,5*19*61*463,0,0
1638,1,43,2683087,11*243917,0,1
1638,-1,3,2683041,3*769*1163,0,0
1638,-1,5,2683039,1559*1721,0,1
1638,-1,7,2683037,7*383291,0,1
1638,-1,11,2683033,421*6373,0,1
1638,-1,13,2683031,13*179*1153,0,0
1638,-1,17,2683027,1019*2633,0,1
1638,-1,19,2683025,5*5*17*59*107,0,0
1638,-1,23,2683021,11*243911,0,1
1638,-1,29,2683015,5*67*8009,0,0
1638,-1,31,2683013,2683013,1,1
1638,-1,37,2683007,2683007,1,1
1638,-1,41,2683003,2683003,1,1
1638,-1,43,2683001,293*9157,0,1
1640,1,3,2689603,7*223*1723,0,0
1640,1,5,2689605,3*3*3*3*5*29*229,0,0
1640,1,7,2689607,43*62549,0,1
1640,1,11,2689611,3*896537,0,0
1640,1,13,2689613,2689613,1,1
1640,1,17,2689617,3*7*211*607,0,0
1640,1,19,2689619,2689619,1,1
1640,1,23,2689623,3*3*298847,0,0
1640,1,29,2689629,3*896543,0,0
1640,1,31,2689631,7*173*2221,0,0
1640,1,37,2689637,2689637,1,1
1640,1,41,2689641,3*3*37*41*197,0,0
1640,1,43,2689643,11*23*10631,0,0
1640,-1,3,2689597,23*337*347,0,0
1640,-1,5,2689595,5*537919,0,0
1640,-1,7,2689593,3*896531,0,0
1640,-1,11,2689589,7*384227,0,1
1640,-1,13,2689587,3*3*17*17579,0,0
1640,-1,17,2689583,13*19*10889,0,0
1640,-1,19,2689581,3*67*13381,0,0
1640,-1,23,2689577,11*244507,0,1
1640,-1,29,2689571,2689571,1,1
1640,-1,31,2689569,3*3*298841,0,0
1640,-1,37,2689563,3*896521,0,0
1640,-1,41,2689559,41*65599,0,1
1640,-1,43,2689557,3*13*68963,0,0
1642,1,3,2696167,2696167,1,1
1642,1,5,2696169,3*7*128389,0,0
1642,1,7,2696171,2696171,1,1
1642,1,11,2696175,3*3*5*5*23*521,0,0
1642,1,13,2696177,11*245107,0,1
1642,1,17,2696181,3*898727,0,0
1642,1,19,2696183,7*17*139*163,0,0
1642,1,23,2696187,3*13*257*269,0,0
1642,1,29,2696193,3*3*3*99859,0,0
1642,1,31,2696195,5*19*101*281,0,0
1642,1,37,2696201,41*65761,0,1
1642,1,41,2696205,3*5*173*1039,0,0
1642,1,43,2696207,563*4789,0,1
1642,-1,3,2696161,13*157*1321,0,0
1642,-1,5,2696159,29*239*389,0,0
1642,-1,7,2696157,3*3*19*15767,0,0
1642,-1,11,2696153,37*72869,0,1
1642,-1,13,2696151,3*898717,0,0
1642,-1,17,2696147,67*40241,0,1
1642,-1,19,2696145,3*5*179743,0,0
1642,-1,23,2696141,7*283*1361,0,0
1642,-1,29,2696135,5*13*41479,0,0
1642,-1,31,2696133,3*11*81701,0,0
1642,-1,37,2696127,3*7*7*18341,0,0
1642,-1,41,2696123,59*45697,0,1
1642,-1,43,2696121,3*3*299569,0,0
1644,1,3,2702739,3*13*37*1873,0,0
1644,1,5,2702741,2702741,1,1
1644,1,7,2702743,443*6101,0,1
1644,1,11,2702747,2702747,1,1
1644,1,13,2702749,7*151*2557,0,0
1644,1,17,2702753,23*117511,0,1
1644,1,19,2702755,5*11*157*313,0,0
1644,1,23,2702759,2702759,1,1
1644,1,29,2702765,5*13*43*967,0,0
1644,1,31,2702767,653*4139,0,1
1644,1,37,2702773,2702773,1,1
1644,1,41,2702777,7*11*11*3191,0,0
1644,1,43,2702779,17*173*919,0,0
1644,-1,3,2702733,3*11*81901,0,0
1644,-1,5,2702731,19*59*2411,0,0
1644,-1,7,2702729,83*32563,0,1
1644,-1,11,2702725,5*5*108109,0,0
1644,-1,13,2702723,2702723,1,1
1644,-1,17,2702719,2702719,1,1
1644,-1,19,2702717,613*4409,0,1
1644,-1,23,2702713,13*29*67*107,0,0
1644,-1,29,2702707,7*23*16787,0,0
1644,-1,31,2702705,5*540541,0,0
1644,-1,37,2702699,211*12809,0,1
1644,-1,41,2702695,5*540539,0,0
1644,-1,43,2702693,7*7*19*2903,0,0
1646,1,3,2709319,2709319,1,1
1646,1,5,2709321,3*41*22027,0,0
1646,1,7,2709323,2709323,1,1
1646,1,11,2709327,3*903109,0,0
1646,1,13,2709329,7*387047,0,1
1646,1,17,2709333,3*3*11*27367,0,0
1646,1,19,2709335,5*191*2837,0,0
1646,1,23,2709339,3*59*15307,0,0
1646,1,29,2709345,3*5*180623,0,0
1646,1,31,2709347,107*25321,0,1
1646,1,37,2709353,173*15661,0,1
1646,1,41,2709357,3*7*7*7*2633,0,0
1646,1,43,2709359,2709359,1,1
1646,-1,3,2709313,2709313,1,1
1646,-1,5,2709311,11*11*22391,0,0
1646,-1,7,2709309,3*903103,0,0
1646,-1,11,2709305,5*19*19*19*79,0,0
1646,-1,13,2709303,3*757*1193,0,0
1646,-1,17,2709299,229*11831,0,1
1646,-1,19,2709297,3*3*461*653,0,0
1646,-1,23,2709293,2709293,1,1
1646,-1,29,2709287,7*349*1109,0,0
1646,-1,31,2709285,3*5*23*7853,0,0
1646,-1,37,2709279,3*3*67*4493,0,0
1646,-1,41,2709275,5*5*307*353,0,0
1646,-1,43,2709273,3*7*17*7589,0,0
1648,1,3,2715907,1213*2239,0,1
1648,1,5,2715909,3*7*23*5623,0,0
1648,1,7,2715911,11*37*6673,0,0
1648,1,11,2715915,3*5*181061,0,0
1648,1,13,2715917,19*223*641,0,0
1648,1,17,2715921,3*3*13*139*167,0,0
1648,1,19,2715923,7*7*43*1289,0,0
1648,1,23,2715927,3*173*5233,0,0
1648,1,29,2715933,3*11*82301,0,0
1648,1,31,2715935,5*543187,0,0
1648,1,37,2715941,31*79*1109,0,0
1648,1,41,2715945,3*5*181063,0,0
1648,1,43,2715947,13*59*3541,0,0
1648,-1,3,2715901,313*8677,0,1
1648,-1,5,2715899,2715899,1,1
1648,-1,7,2715897,3*905299,0,0
1648,-1,11,2715893,2715893,1,1
1648,-1,13,2715891,3*905297,0,0
1648,-1,17,2715887,971*2797,0,1
1648,-1,19,2715885,3*3*5*60353,0,0
1648,-1,23,2715881,7*41*9463,0,0
1648,-1,29,2715875,5*5*5*21727,0,0
1648,-1,31,2715873,3*905291,0,0
1648,-1,37,2715867,3*3*7*11*3919,0,0
1648,-1,41,2715863,23*118081,0,1
1648,-1,43,2715861,3*863*1049,0,0
1650,1,3,2722503,3*7*129643,0,0
1650,1,5,2722505,5*544501,0,0
1650,1,7,2722507,2722507,1,1
1650,1,11,2722511,11*247501,0,1
1650,1,13,2722513,31*31*2833,0,0
1650,1,17,2722517,7*388931,0,1
1650,1,19,2722519,199*13681,0,1
1650,1,23,2722523,41*66403,0,1
1650,1,29,2722529,19*143291,0,1
1650,1,31,2722531,7*388933,0,1
1650,1,37,2722537,157*17341,0,1
1650,1,41,2722541,2722541,1,1
1650,1,43,2722543,1571*1733,0,1
1650,-1,3,2722497,3*37*24527,0,0
1650,-1,5,2722495,5*71*7669,0,0
1650,-1,7,2722493,109*24977,0,1
1650,-1,11,2722489,7*7*11*5051,0,0
1650,-1,13,2722487,23*118369,0,1
1650,-1,17,2722483,83*32801,0,1
1650,-1,19,2722481,1307*2083,0,1
1650,-1,23,2722477,2722477,1,1
1650,-1,29,2722471,2722471,1,1
1650,-1,31,2722469,2722469,1,1
1650,-1,37,2722463,593*4591,0,1
1650,-1,41,2722459,43*63313,0,1
1650,-1,43,2722457,2722457,1,1
1652,1,3,2729107,2729107,1,1
1652,1,5,2729109,3*163*5581,0,0
1652,1,7,2729111,7*11*23*23*67,0,0
1652,1,11,2729115,3*3*5*60647,0,0
1652,1,13,2729117,2729117,1,1
1652,1,17,2729121,3*101*9007,0,0
1652,1,19,2729123,83*131*251,0,0
1652,1,23,2729127,3*739*1231,0,0
1652,1,29,2729133,3*3*3*3*3*11*1021,0,0
1652,1,31,2729135,5*545827,0,0
1652,1,37,2729141,19*239*601,0,0
1652,1,41,2729145,3*5*181943,0,0
1652,1,43,2729147,31*88037,0,1
1652,-1,3,2729101,2729101,1,1
1652,-1,5,2729099,2729099,1,1
1652,-1,7,2729097,3*3*7*43319,0,0
1652,-1,11,2729093,2729093,1,1
1652,-1,13,2729091,3*909697,0,0
1652,-1,17,2729087,2729087,1,1
1652,-1,19,2729085,3*5*31*5869,0,0
1652,-1,23,2729081,43*63467,0,1
1652,-1,29,2729075,5*5*173*631,0,0
1652,-1,31,2729073,3*909691,0,0
1652,-1,37,2729067,3*11*82699,0,0
1652,-1,41,2729063,113*24151,0,1
1652,-1,43,2729061,3*3*17*17837,0,0
1654,1,3,2735719,7*7*31*1801,0,0
1654,1,5,2735721,3*3*3*101323,0,0
1654,1,7,2735723,2735723,1,1
1654,1,11,2735727,3*397*2297,0,0
1654,1,13,2735729,47*58207,0,1
1654,1,17,2735733,3*7*11*13*911,0,0
1654,1,19,2735735,5*23*23789,0,0
1654,1,23,2735739,3*3*197*1543,0,0
1654,1,29,2735745,3*5*271*673,0,0
1654,1,31,2735747,7*390821,0,1
1654,1,37,2735753,19*137*1051,0,0
1654,1,41,2735757,3*3*449*677,0,0
1654,1,43,2735759,13*17*12379,0,0
1654,-1,3,2735713,2735713,1,1
1654,-1,5,2735711,11*248701,0,1
1654,-1,7,2735709,3*911903,0,0
1654,-1,11,2735705,5*7*78163,0,0
1654,-1,13,2735703,3*3*43*7069,0,0
1654,-1,17,2735699,2735699,1,1
1654,-1,19,2735697,3*911899,0,0
1654,-1,23,2735693,191*14323,0,1
1654,-1,29,2735687,1039*2633,0,1
1654,-1,31,2735685,3*3*5*60793,0,0
1654,-1,37,2735679,3*911893,0,0
1654,-1,41,2735675,5*5*73*1499,0,0
1654,-1,43,2735673,3*131*6961,0,0
1656,1,3,2742339,3*241*3793,0,0
1656,1,5,2742341,7*347*1129,0,0
1656,1,7,2742343,2742343,1,1
1656,1,11,2742347,2742347,1,1
1656,1,13,2742349,463*5923,0,1
1656,1,17,2742353,31*88463,0,1
1656,1,19,2742355,5*7*11*17*419,0,0
1656,1,23,2742359,23*119233,0,1
1656,1,29,2742365,5*19*28867,0,0
1656,1,31,2742367,41*211*317,0,0
1656,1,37,2742373,563*4871,0,1
1656,1,41,2742377,11*61*61*67,0,0
1656,1,43,2742379,53*59*877,0,0
1656,-1,3,2742333,3*11*83101,0,0
1656,-1,5,2742331,109*139*181,0,0
1656,-1,7,2742329,37*137*541,0,0
1656,-1,11,2742325,5*5*43*2551,0,0
1656,-1,13,2742323,2742323,1,1
1656,-1,17,2742319,157*17467,0,1
1656,-1,19,2742317,2742317,1,1
1656,-1,23,2742313,7*23*17033,0,0
1656,-1,29,2742307,167*16421,0,1
1656,-1,31,2742305,5*548461,0,0
1656,-1,37,2742299,7*391757,0,1
1656,-1,41,2742295,5*548459,0,0
1656,-1,43,2742293,2742293,1,1
1658,1,3,2748967,13*103*2053,0,0
1658,1,5,2748969,3*3*305441,0,0
1658,1,7,2748971,2748971,1,1
1658,1,11,2748975,3*5*5*36653,0,0
1658,1,13,2748977,7*11*19*1879,0,0
1658,1,17,2748981,3*479*1913,0,0
1658,1,19,2748983,23*47*2543,0,0
1658,1,23,2748987,3*3*31*59*167,0,0
1658,1,29,2748993,3*13*70487,0,0
1658,1,31,2748995,5*163*3373,0,0
1658,1,37,2749001,1321*2081,0,1
1658,1,41,2749005,3*3*3*5*7*2909,0,0
1658,1,43,2749007,2749007,1,1
1658,-1,3,2748961,73*37657,0,1
1658,-1,5,2748959,1409*1951,0,1
1658,-1,7,2748957,3*916319,0,0
1658,-1,11,2748953,2748953,1,1
1658,-1,13,2748951,3*3*3*17*53*113,0,0
1658,-1,17,2748947,43*63929,0,1
1658,-1,19,2748945,3*5*183263,0,0
1658,-1,23,2748941,13*211457,0,1
1658,-1,29,2748935,5*7*78541,0,0
1658,-1,31,2748933,3*3*11*27767,0,0
1658,-1,37,2748927,3*41*22349,0,0
1658,-1,41,2748923,2748923,1,1
1658,-1,43,2748921,3*7*223*587,0,0
1660,1,3,2755603,439*6277,0,1
1660,1,5,2755605,3*5*183707,0,0
1660,1,7,2755607,23*119809,0,1
1660,1,11,2755611,3*3*223*1373,0,0
1660,1,13,2755613,7*7*56237,0,0
1660,1,17,2755617,3*918539,0,0
1660,1,19,2755619,2755619,1,1
1660,1,23,2755623,3*13*70657,0,0
1660,1,29,2755629,3*3*53*53*109,0,0
1660,1,31,2755631,701*3931,0,1
1660,1,37,2755637,2755637,1,1
1660,1,41,2755641,3*7*131221,0,0
1660,1,43,2755643,11*67*3739,0,0
1660,-1,3,2755597,13*211969,0,1
1660,-1,5,2755595,5*59*9341,0,0
1660,-1,7,2755593,3*3*3*102059,0,0
1660,-1,11,2755589,19*145031,0,1
1660,-1,13,2755587,3*918529,0,0
1660,-1,17,2755583,101*27283,0,1
1660,-1,19,2755581,3*17*71*761,0,0
1660,-1,23,2755577,11*397*631,0,0
1660,-1,29,2755571,7*13*107*283,0,0
1660,-1,31,2755569,3*41*43*521,0,0
1660,-1,37,2755563,3*47*19543,0,0
1660,-1,41,2755559,31*103*863,0,0
1660,-1,43,2755557,3*3*7*191*229,0,0
1662,1,3,2762247,3*73*12613,0,0
1662,1,5,2762249,7*101*3907,0,0
1662,1,7,2762251,2762251,1,1
1662,1,11,2762255,5*31*71*251,0,0
1662,1,13,2762257,1429*1933,0,1
1662,1,17,2762261,2762261,1,1
1662,1,19,2762263,7*61*6469,0,0
1662,1,23,2762267,2762267,1,1
1662,1,29,2762273,2762273,1,1
1662,1,31,2762275,5*5*110491,0,0
1662,1,37,2762281,2762281,1,1
1662,1,41,2762285,5*113*4889,0,0
1662,1,43,2762287,11*251117,0,1
1662,-1,3,2762241,3*181*5087,0,0
1662,-1,5,2762239,19*145381,0,1
1662,-1,7,2762237,47*58771,0,1
1662,-1,11,2762233,2762233,1,1
1662,-1,13,2762231,23*120097,0,1
1662,-1,17,2762227,13*212479,0,1
1662,-1,19,2762225,5*5*313*353,0,0
1662,-1,23,2762221,7*11*29*1237,0,0
1662,-1,29,2762215,5*233*2371,0,0
1662,-1,31,2762213,2762213,1,1
1662,-1,37,2762207,7*394601,0,1
1662,-1,41,2762203,59*46817,0,1
1662,-1,43,2762201,13*19*53*211,0,0
1664,1,3,2768899,7*43*9199,0,0
1664,1,5,2768901,3*23*40129,0,0
1664,1,7,2768903,2768903,1,1
1664,1,11,2768907,3*137*6737,0,0
1664,1,13,2768909,11*13*17*17*67,0,0
1664,1,17,2768913,3*3*7*43951,0,0
1664,1,19,2768915,5*101*5483,0,0
1664,1,23,2768919,3*922973,0,0
1664,1,29,2768925,3*5*5*36919,0,0
1664,1,31,2768927,7*19*109*191,0,0
1664,1,37,2768933,2768933,1,1
1664,1,41,2768937,3*751*1229,0,0
1664,1,43,2768939,2768939,1,1
1664,-1,3,2768893,2768893,1,1
1664,-1,5,2768891,29*95479,0,1
1664,-1,7,2768889,3*19*31*1567,0,0
1664,-1,11,2768885,5*7*79111,0,0
1664,-1,13,2768883,3*13*70997,0,0
1664,-1,17,2768879,53*89*587,0,0
1664,-1,19,2768877,3*3*3*102551,0,0
1664,-1,23,2768873,2768873,1,1
1664,-1,29,2768867,149*18583,0,1
1664,-1,31,2768865,3*5*11*97*173,0,0
1664,-1,37,2768859,3*3*307651,0,0
1664,-1,41,2768855,5*23*24077,0,0
1664,-1,43,2768853,3*41*22511,0,0
1666,1,3,2775559,2775559,1,1
1666,1,5,2775561,3*29*61*523,0,0
1666,1,7,2775563,7*396509,0,1
1666,1,11,2775567,3*925189,0,0
1666,1,13,2775569,2775569,1,1
1666,1,17,2775573,3*3*3*17*6047,0,0
1666,1,19,2775575,5*5*11*10093,0,0
1666,1,23,2775579,3*925193,0,0
1666,1,29,2775585,3*5*31*47*127,0,0
1666,1,31,2775587,307*9041,0,1
1666,1,37,2775593,2775593,1,1
1666,1,41,2775597,3*11*241*349,0,0
1666,1,43,2775599,2775599,1,1
1666,-1,3,2775553,11*252323,0,1
1666,-1,5,2775551,2775551,1,1
1666,-1,7,2775549,3*7*132169,0,0
1666,-1,11,2775545,5*555109,0,0
1666,-1,13,2775543,3*925181,0,0
1666,-1,17,2775539,13*17*19*661,0,0
1666,-1,19,2775537,3*3*59*5227,0,0
1666,-1,23,2775533,73*193*197,0,0
1666,-1,29,2775527,2775527,1,1
1666,-1,31,2775525,3*5*5*23*1609,0,0
1666,-1,37,2775519,3*3*3*102797,0,0
1666,-1,41,2775515,5*389*1427,0,0
1666,-1,43,2775513,3*13*71167,0,0
1668,1,3,2782227,3*7*19*19*367,0,0
1668,1,5,2782229,43*89*727,0,0
1668,1,7,2782231,29*197*487,0,0
1668,1,11,2782235,5*53*10499,0,0
1668,1,13,2782237,17*163661,0,1
1668,1,17,2782241,7*11*23*1571,0,0
1668,1,19,2782243,83*33521,0,1
1668,1,23,2782247,13*13*101*163,0,0
1668,1,29,2782253,233*11941,0,1
1668,1,31,2782255,5*7*79493,0,0
1668,1,37,2782261,643*4327,0,1
1668,1,41,2782265,5*19*29287,0,0
1668,1,43,2782267,269*10343,0,1
1668,-1,3,2782221,3*13*71339,0,0
1668,-1,5,2782219,11*31*41*199,0,0
1668,-1,7,2782217,2782217,1,1
1668,-1,11,2782213,7*397459,0,1
1668,-1,13,2782211,2782211,1,1
1668,-1,17,2782207,373*7459,0,1
1668,-1,19,2782205,5*556441,0,0
1668,-1,23,2782201,2782201,1,1
1668,-1,29,2782195,5*13*23*1861,0,0
1668,-1,31,2782193,2782193,1,1
1668,-1,37,2782187,2782187,1,1
1668,-1,41,2782183,2782183,1,1
1668,-1,43,2782181,281*9901,0,1
1670,1,3,2788903,13*214531,0,1
1670,1,5,2788905,3*5*7*26561,0,0
1670,1,7,2788907,11*253537,0,1
1670,1,11,2788911,3*3*3*3*3*23*499,0,0
1670,1,13,2788913,53*101*521,0,0
1670,1,17,2788917,3*929639,0,0
1670,1,19,2788919,7*398417,0,1
1670,1,23,2788923,3*929641,0,0
1670,1,29,2788929,3*3*11*11*13*197,0,0
1670,1,31,2788931,103*27077,0,1
1670,1,37,2788937,43*79*821,0,0
1670,1,41,2788941,3*929647,0,0
1670,1,43,2788943,41*68023,0,1
1670,-1,3,2788897,1489*1873,0,1
1670,-1,5,2788895,5*557779,0,0
1670,-1,7,2788893,3*3*309877,0,0
1670,-1,11,2788889,2788889,1,1
1670,-1,13,2788887,3*929629,0,0
1670,-1,17,2788883,83*33601,0,1
1670,-1,19,2788881,3*929627,0,0
1670,-1,23,2788877,7*13*19*1613,0,0
1670,-1,29,2788871,59*47269,0,1
1670,-1,31,2788869,3*929623,0,0
1670,-1,37,2788863,3*7*11*12073,0,0
1670,-1,41,2788859,61*131*349,0,0
1670,-1,43,2788857,3*3*3*103291,0,0
1672,1,3,2795587,709*3943,0,1
1672,1,5,2795589,3*3*107*2903,0,0
1672,1,7,2795591,53*52747,0,1
1672,1,11,2795595,3*5*11*16943,0,0
1672,1,13,2795597,7*7*59*967,0,0
1672,1,17,2795601,3*757*1231,0,0
1672,1,19,2795603,19*147137,0,1
1672,1,23,2795607,3*3*3*47*2203,0,0
1672,1,29,2795613,3*163*5717,0,0
1672,1,31,2795615,5*559123,0,0
1672,1,37,2795621,2795621,1,1
1672,1,41,2795625,3*3*5*5*5*5*7*71,0,0
1672,1,43,2795627,23*197*617,0,0
1672,-1,3,2795581,23*121547,0,1
1672,-1,5,2795579,89*101*311,0,0
1672,-1,7,2795577,3*931859,0,0
1672,-1,11,2795573,11*79*3217,0,0
1672,-1,13,2795571,3*3*29*10711,0,0
1672,-1,17,2795567,2795567,1,1
1672,-1,19,2795565,3*5*17*19*577,0,0
1672,-1,23,2795561,2795561,1,1
1672,-1,29,2795555,5*7*79873,0,0
1672,-1,31,2795553,3*3*3*3*34513,0,0
1672,-1,37,2795547,3*931849,0,0
1672,-1,41,2795543,2795543,1,1
1672,-1,43,2795541,3*7*133121,0,0
1674,1,3,2802279,3*61*15313,0,0
1674,1,5,2802281,47*109*547,0,0
1674,1,7,2802283,11*254753,0,1
1674,1,11,2802287,113*24799,0,1
1674,1,13,2802289,7*313*1279,0,0
1674,1,17,2802293,13*157*1373,0,0
1674,1,19,2802295,5*560459,0,0
1674,1,23,2802299,29*71*1361,0,0
1674,1,29,2802305,5*11*50951,0,0
1674,1,31,2802307,31*90397,0,1
1674,1,37,2802313,2802313,1,1
1674,1,41,2802317,7*400331,0,1
1674,1,43,2802319,13*215563,0,1
1674,-1,3,2802273,3*229*4079,0,0
1674,-1,5,2802271,631*4441,0,1
1674,-1,7,2802269,37*53*1429,0,0
1674,-1,11,2802265,5*263*2131,0,0
1674,-1,13,2802263,17*164839,0,1
1674,-1,17,2802259,733*3823,0,1
1674,-1,19,2802257,2802257,1,1
1674,-1,23,2802253,19*147487,0,1
1674,-1,29,2802247,7*400321,0,1
1674,-1,31,2802245,5*31*101*179,0,0
1674,-1,37,2802239,11*11*23159,0,0
1674,-1,41,2802235,5*560447,0,0
1674,-1,43,2802233,7*97*4127,0,0
1676,1,3,2808979,19*163*907,0,0
1676,1,5,2808981,3*3*7*44587,0,0
1676,1,7,2808983,2808983,1,1
1676,1,11,2808987,3*936329,0,0
1676,1,13,2808989,61*46049,0,1
1676,1,17,2808993,3*11*85121,0,0
1676,1,19,2808995,5*7*17*4721,0,0
1676,1,23,2808999,3*3*3*3*34679,0,0
1676,1,29,2809005,3*5*401*467,0,0
1676,1,31,2809007,2809007,1,1
1676,1,37,2809013,23*122131,0,1
1676,1,41,2809017,3*3*19*16427,0,0
1676,1,43,2809019,2809019,1,1
1676,-1,3,2808973,71*39563,0,1
1676,-1,5,2808971,11*255361,0,1
1676,-1,7,2808969,3*29*83*389,0,0
1676,-1,11,2808965,5*347*1619,0,0
1676,-1,13,2808963,3*3*312107,0,0
1676,-1,17,2808959,2808959,1,1
1676,-1,19,2808957,3*936319,0,0
1676,-1,23,2808953,7*401279,0,1
1676,-1,29,2808947,53*52999,0,1
1676,-1,31,2808945,3*3*3*5*20807,0,0
1676,-1,37,2808939,3*7*181*739,0,0
1676,-1,41,2808935,5*561787,0,0
1676,-1,43,2808933,3*936311,0,0
1678,1,3,2815687,7*7*7*8209,0,0
1678,1,5,2815689,3*938563,0,0
1678,1,7,2815691,2815691,1,1
1678,1,11,2815695,3*3*3*5*20857,0,0
1678,1,13,2815697,29*151*643,0,0
1678,1,17,2815701,3*7*134081,0,0
1678,1,19,2815703,11*255973,0,1
1678,1,23,2815707,3*938569,0,0
1678,1,29,2815713,3*3*312857,0,0
1678,1,31,2815715,5*7*80449,0,0
1678,1,37,2815721,197*14293,0,1
1678,1,41,2815725,3*5*5*11*3413,0,0
1678,1,43,2815727,17*17*9743,0,0
1678,-1,3,2815681,11*255971,0,1
1678,-1,5,2815679,449*6271,0,1
1678,-1,7,2815677,3*3*193*1621,0,0
1678,-1,11,2815673,7*402239,0,1
1678,-1,13,2815671,3*727*1291,0,0
1678,-1,17,2815667,19*148193,0,1
1678,-1,19,2815665,3*5*187711,0,0
1678,-1,23,2815661,1031*2731,0,1
1678,-1,29,2815655,5*563131,0,0
1678,-1,31,2815653,3*149*6299,0,0
1678,-1,37,2815647,3*71*13219,0,0
1678,-1,41,2815643,677*4159,0,1
1678,-1,43,2815641,3*3*3*3*3*11587,0,0
1680,1,3,2822403,3*940801,0,0
1680,1,5,2822405,5*509*1109,0,0
1680,1,7,2822407,7*191*2111,0,0
1680,1,11,2822411,2822411,1,1
1680,1,13,2822413,11*379*677,0,0
1680,1,17,2822417,13*199*1091,0,0
1680,1,19,2822419,197*14327,0,1
1680,1,23,2822423,2822423,1,1
1680,1,29,2822429,2822429,1,1
1680,1,31,2822431,19*148549,0,1
1680,1,37,2822437,331*8527,0,1
1680,1,41,2822441,2822441,1,1
1680,1,43,2822443,13*217111,0,1
1680,-1,3,2822397,3*37*47*541,0,0
1680,-1,5,2822395,5*31*131*139,0,0
1680,-1,7,2822393,7*19*21221,0,0
1680,-1,11,2822389,157*17977,0,1
1680,-1,13,2822387,2822387,1,1
1680,-1,17,2822383,59*47837,0,1
1680,-1,19,2822381,2822381,1,1
1680,-1,23,2822377,2822377,1,1
1680,-1,29,2822371,2822371,1,1
1680,-1,31,2822369,11*256579,0,1
1680,-1,37,2822363,349*8087,0,1
1680,-1,41,2822359,283*9973,0,1
1680,-1,43,2822357,17*166021,0,1
1682,1,3,2829127,7*404161,0,1
1682,1,5,2829129,3*943043,0,0
1682,1,7,2829131,37*76463,0,1
1682,1,11,2829135,3*5*188609,0,0
1682,1,13,2829137,71*39847,0,1
1682,1,17,2829141,3*3*3*7*14969,0,0
1682,1,19,2829143,2829143,1,1
1682,1,23,2829147,3*167*5647,0,0
1682,1,29,2829153,3*29*31*1049,0,0
1682,1,31,2829155,5*7*80833,0,0
1682,1,37,2829161,23*123007,0,1
1682,1,41,2829165,3*5*47*4013,0,0
1682,1,43,2829167,11*311*827,0,0
1682,-1,3,2829121,2829121,1,1
1682,-1,5,2829119,19*61*2441,0,0
1682,-1,7,2829117,3*197*4787,0,0
1682,-1,11,2829113,7*7*57737,0,0
1682,-1,13,2829111,3*101*9337,0,0
1682,-1,17,2829107,2829107,1,1
1682,-1,19,2829105,3*3*5*62869,0,0
1682,-1,23,2829101,11*11*103*227,0,0
1682,-1,29,2829095,5*29*109*179,0,0
1682,-1,31,2829093,3*943031,0,0
1682,-1,37,2829087,3*3*3*3*53*659,0,0
1682,-1,41,2829083,2829083,1,1
1682,-1,43,2829081,3*19*49633,0,0
1684,1,3,2835859,13*218143,0,1
1684,1,5,2835861,3*7*83*1627,0,0
1684,1,7,2835863,79*35897,0,1
1684,1,11,2835867,3*945289,0,0
1684,1,13,2835869,2835869,1,1
1684,1,17,2835873,3*3*315097,0,0
1684,1,19,2835875,5*5*5*7*7*463,0,0
1684,1,23,2835879,3*945293,0,0
1684,1,29,2835885,3*5*13*14543,0,0
1684,1,31,2835887,2835887,1,1
1684,1,37,2835893,43*65951,0,1
1684,1,41,2835897,3*179*5281,0,0
1684,1,43,2835899,11*103*2503,0,0
1684,-1,3,2835853,109*26017,0,1
1684,-1,5,2835851,2835851,1,1
1684,-1,7,2835849,3*31*30493,0,0
1684,-1,11,2835845,5*19*29851,0,0
1684,-1,13,2835843,3*233*4057,0,0
1684,-1,17,2835839,47*60337,0,1
1684,-1,19,2835837,3*3*3*105031,0,0
1684,-1,23,2835833,7*11*13*2833,0,0
1684,-1,29,2835827,167*16981,0,1
1684,-1,31,2835825,3*5*5*37811,0,0
1684,-1,37,2835819,3*3*7*45013,0,0
1684,-1,41,2835815,5*197*2879,0,0
1684,-1,43,2835813,3*857*1103,0,0
1686,1,3,2842599,3*37*25609,0,0
1686,1,5,2842601,43*66107,0,1
1686,1,7,2842603,2842603,1,1
1686,1,11,2842607,31*47*1951,0,0
1686,1,13,2842609,7*11*19*29*67,0,0
1686,1,17,2842613,137*20749,0,1
1686,1,19,2842615,5*568523,0,0
1686,1,23,2842619,13*449*487,0,0
1686,1,29,2842625,5*5*5*22741,0,0
1686,1,31,2842627,71*40037,0,1
1686,1,37,2842633,373*7621,0,1
1686,1,41,2842637,7*7*58013,0,0
1686,1,43,2842639,23*123593,0,1
1686,-1,3,2842593,3*13*23*3169,0,0
1686,-1,5,2842591,2842591,1,1
1686,-1,7,2842589,2842589,1,1
1686,-1,11,2842585,5*97*5861,0,0
1686,-1,13,2842583,2842583,1,1
1686,-1,17,2842579,2842579,1,1
1686,-1,19,2842577,229*12413,0,1
1686,-1,23,2842573,2842573,1,1
1686,-1,29,2842567,7*13*31237,0,0
1686,-1,31,2842565,5*11*51683,0,0
1686,-1,37,2842559,2842559,1,1
1686,-1,41,2842555,5*701*811,0,0
1686,-1,43,2842553,7*17*23887,0,0
1688,1,3,2849347,373*7639,0,1
1688,1,5,2849349,3*521*1823,0,0
1688,1,7,2849351,2849351,1,1
1688,1,11,2849355,3*3*5*23*2753,0,0
1688,1,13,2849357,7*233*1747,0,0
1688,1,17,2849361,3*139*6833,0,0
1688,1,19,2849363,11*259033,0,1
1688,1,23,2849367,3*949789,0,0
1688,1,29,2849373,3*3*19*19*877,0,0
1688,1,31,2849375,5*5*5*5*47*97,0,0
1688,1,37,2849381,131*21751,0,1
1688,1,41,2849385,3*5*7*11*2467,0,0
1688,1,43,2849387,17*167611,0,1
1688,-1,3,2849341,11*431*601,0,0
1688,-1,5,2849339,2849339,1,1
1688,-1,7,2849337,3*3*3*3*29*1213,0,0
1688,-1,11,2849333,37*53*1453,0,0
1688,-1,13,2849331,3*949777,0,0
1688,-1,17,2849327,13*149*1471,0,0
1688,-1,19,2849325,3*5*5*37991,0,0
1688,-1,23,2849321,2849321,1,1
1688,-1,29,2849315,5*7*81409,0,0
1688,-1,31,2849313,3*949771,0,0
1688,-1,37,2849307,3*83*11443,0,0
1688,-1,41,2849303,31*107*859,0,0
1688,-1,43,2849301,3*3*7*7*7*13*71,0,0
1690,1,3,2856103,43*127*523,0,0
1690,1,5,2856105,3*3*5*7*9067,0,0
1690,1,7,2856107,2856107,1,1
1690,1,11,2856111,3*952037,0,0
1690,1,13,2856113,13*83*2647,0,0
1690,1,17,2856117,3*11*23*53*71,0,0
1690,1,19,2856119,7*17*24001,0,0
1690,1,23,2856123,3*3*29*31*353,0,0
1690,1,29,2856129,3*251*3793,0,0
1690,1,31,2856131,59*48409,0,1
1690,1,37,2856137,19*150323,0,1
1690,1,41,2856141,3*3*3*3*37*953,0,0
1690,1,43,2856143,47*67*907,0,0
1690,-1,3,2856097,2856097,1,1
1690,-1,5,2856095,5*11*51929,0,0
1690,-1,7,2856093,3*617*1543,0,0
1690,-1,11,2856089,449*6361,0,1
1690,-1,13,2856087,3*3*3*13*79*103,0,0
1690,-1,17,2856083,2856083,1,1
1690,-1,19,2856081,3*61*15607,0,0
1690,-1,23,2856077,7*408011,0,1
1690,-1,29,2856071,23*23*5399,0,0
1690,-1,31,2856069,3*3*271*1171,0,0
1690,-1,37,2856063,3*7*7*19429,0,0
1690,-1,41,2856059,2856059,1,1
1690,-1,43,2856057,3*173*5503,0,0
1692,1,3,2862867,3*7*136327,0,0
1692,1,5,2862869,1289*2221,0,1
1692,1,7,2862871,11*233*1117,0,0
1692,1,11,2862875,5*5*5*37*619,0,0
1692,1,13,2862877,181*15817,0,1
1692,1,17,2862881,7*31*79*167,0,0
1692,1,19,2862883,2862883,1,1
1692,1,23,2862887,2862887,1,1
1692,1,29,2862893,11*260263,0,1
1692,1,31,2862895,5*7*157*521,0,0
1692,1,37,2862901,19*53*2843,0,0
1692,1,41,2862905,5*572581,0,0
1692,1,43,2862907,41*69827,0,1
1692,-1,3,2862861,3*954287,0,0
1692,-1,5,2862859,2862859,1,1
1692,-1,7,2862857,59*48523,0,1
1692,-1,11,2862853,7*408979,0,1
1692,-1,13,2862851,17*29*5807,0,0
1692,-1,17,2862847,13*349*631,0,0
1692,-1,19,2862845,5*101*5669,0,0
1692,-1,23,2862841,73*39217,0,1
1692,-1,29,2862835,5*572567,0,0
1692,-1,31,2862833,23*124471,0,1
1692,-1,37,2862827,11*317*821,0,0
1692,-1,41,2862823,1451*1973,0,1
1692,-1,43,2862821,13*220217,0,1
1694,1,3,2869639,31*92569,0,1
1694,1,5,2869641,3*3*3*23*4621,0,0
1694,1,7,2869643,7*109*3761,0,0
1694,1,11,2869647,3*11*86959,0,0
1694,1,13,2869649,2869649,1,1
1694,1,17,2869653,3*389*2459,0,0
1694,1,19,2869655,5*139*4129,0,0
1694,1,23,2869659,3*3*13*24527,0,0
1694,1,29,2869665,3*5*19*10069,0,0
1694,1,31,2869667,617*4651,0,1
1694,1,37,2869673,239*12007,0,1
1694,1,41,2869677,3*3*67*4759,0,0
1694,1,43,2869679,47*61057,0,1
1694,-1,3,2869633,13*107*2063,0,0
1694,-1,5,2869631,41*69991,0,1
1694,-1,7,2869629,3*7*136649,0,0
1694,-1,11,2869625,5*5*5*11*2087,0,0
1694,-1,13,2869623,3*3*61*5227,0,0
1694,-1,17,2869619,271*10589,0,1
1694,-1,19,2869617,3*17*56267,0,0
1694,-1,23,2869613,2869613,1,1
1694,-1,29,2869607,13*71*3109,0,0
1694,-1,31,2869605,3*3*5*43*1483,0,0
1694,-1,37,2869599,3*229*4177,0,0
1694,-1,41,2869595,5*23*24953,0,0
1694,-1,43,2869593,3*263*3637,0,0
1696,1,3,2876419,7*13*73*433,0,0
1696,1,5,2876421,3*958807,0,0
1696,1,7,2876423,11*29*71*127,0,0
1696,1,11,2876427,3*3*59*5417,0,0
1696,1,13,2876429,19*151391,0,1
1696,1,17,2876433,3*7*136973,0,0
1696,1,19,2876435,5*419*1373,0,0
1696,1,23,2876439,3*311*3083,0,0
1696,1,29,2876445,3*3*3*5*11*13*149,0,0
1696,1,31,2876447,7*7*47*1249,0,0
1696,1,37,2876453,2876453,1,1
1696,1,41,2876457,3*958819,0,0
1696,1,43,2876459,31*92789,0,1
1696,-1,3,2876413,709*4057,0,1
1696,-1,5,2876411,2876411,1,1
1696,-1,7,2876409,3*3*319601,0,0
1696,-1,11,2876405,5*7*82183,0,0
1696,-1,13,2876403,3*23*41687,0,0
1696,-1,17,2876399,43*151*443,0,0
1696,-1,19,2876397,3*31*157*197,0,0
1696,-1,23,2876393,13*221261,0,1
1696,-1,29,2876387,2876387,1,1
1696,-1,31,2876385,3*5*233*823,0,0
1696,-1,37,2876379,3*11*101*863,0,0
1696,-1,41,2876375,5*5*5*23011,0,0
1696,-1,43,2876373,3*3*401*797,0,0
1698,1,3,2883207,3*961069,0,0
1698,1,5,2883209,7*7*29*2029,0,0
1698,1,7,2883211,23*67*1871,0,0
1698,1,11,2883215,5*47*12269,0,0
1698,1,13,2883217,17*31*5471,0,0
1698,1,17,2883221,11*262111,0,1
1698,1,19,2883223,7*347*1187,0,0
1698,1,23,2883227,193*14939,0,1
1698,1,29,2883233,2883233,1,1
1698,1,31,2883235,5*576647,0,0
1698,1,37,2883241,617*4673,0,1
1698,1,41,2883245,5*576649,0,0
1698,1,43,2883247,101*28547,0,1
1698,-1,3,2883201,3*961067,0,0
1698,-1,5,2883199,11*262109,0,1
1698,-1,7,2883197,2883197,1,1
1698,-1,11,2883193,19*43*3529,0,0
1698,-1,13,2883191,2883191,1,1
1698,-1,17,2883187,2883187,1,1
1698,-1,19,2883185,5*576637,0,0
1698,-1,23,2883181,7*411883,0,1
1698,-1,29,2883175,5*5*115327,0,0
1698,-1,31,2883173,2883173,1,1
1698,-1,37,2883167,7*223*1847,0,0
1698,-1,41,2883163,2883163,1,1
1698,-1,43,2883161,41*70321,0,1
1700,1,3,2890003,2890003,1,1
1700,1,5,2890005,3*5*192667,0,0
1700,1,7,2890007,401*7207,0,1
1700,1,11,2890011,3*353*2729,0,0
1700,1,13,2890013,7*412859,0,1
1700,1,17,2890017,3*3*13*17*1453,0,0
1700,1,19,2890019,11*23*11423,0,0
1700,1,23,2890023,3*963341,0,0
1700,1,29,2890029,3*963343,0,0
1700,1,31,2890031,2890031,1,1
1700,1,37,2890037,31*53*1759,0,0
1700,1,41,2890041,3*7*11*12511,0,0
1700,1,43,2890043,13*222311,0,1
1700,-1,3,2889997,11*59*61*73,0,0
1700,-1,5,2889995,5*19*29*1049,0,0
1700,-1,7,2889993,3*963331,0,0
1700,-1,11,2889989,151*19139,0,1
1700,-1,13,2889987,3*43*43*521,0,0
1700,-1,17,2889983,17*47*3617,0,0
1700,-1,19,2889981,3*3*321109,0,0
1700,-1,23,2889977,83*34819,0,1
1700,-1,29,2889971,7*7*58979,0,0
1700,-1,31,2889969,3*963323,0,0
1700,-1,37,2889963,3*3*107*3001,0,0
1700,-1,41,2889959,37*37*2111,0,0
1700,-1,43,2889957,3*7*19*7243,0,0
1702,1,3,2896807,157*18451,0,1
1702,1,5,2896809,3*965603,0,0
1702,1,7,2896811,107*27073,0,1
1702,1,11,2896815,3*5*313*617,0,0
1702,1,13,2896817,7*11*17*2213,0,0
1702,1,17,2896821,3*3*53*6073,0,0
1702,1,19,2896823,769*3767,0,1
1702,1,23,2896827,3*23*41983,0,0
1702,1,29,2896833,3*965611,0,0
1702,1,31,2896835,5*19*30493,0,0
1702,1,37,2896841,37*59*1327,0,0
1702,1,41,2896845,3*5*7*47*587,0,0
1702,1,43,2896847,2896847,1,1
1702,-1,3,2896801,467*6203,0,1
1702,-1,5,2896799,2896799,1,1
1702,-1,7,2896797,3*19*50821,0,0
1702,-1,11,2896793,2896793,1,1
1702,-1,13,2896791,3*251*3847,0,0
1702,-1,17,2896787,2896787,1,1
1702,-1,19,2896785,3*3*5*64373,0,0
1702,-1,23,2896781,23*29*43*101,0,0
1702,-1,29,2896775,5*5*7*16553,0,0
1702,-1,31,2896773,3*11*41*2141,0,0
1702,-1,37,2896767,3*3*37*8699,0,0
1702,-1,41,2896763,2896763,1,1
1702,-1,43,2896761,3*7*137941,0,0
1704,1,3,2903619,3*967873,0,0
1704,1,5,2903621,7*414803,0,1
1704,1,7,2903623,2903623,1,1
1704,1,11,2903627,2903627,1,1
1704,1,13,2903629,167*17387,0,1
1704,1,17,2903633,2903633,1,1
1704,1,19,2903635,5*7*23*3607,0,0
1704,1,23,2903639,2903639,1,1
1704,1,29,2903645,5*79*7351,0,0
1704,1,31,2903647,431*6737,0,1
1704,1,37,2903653,677*4289,0,1
1704,1,41,2903657,2903657,1,1
1704,1,43,2903659,11*107*2467,0,0
1704,-1,3,2903613,3*47*20593,0,0
1704,-1,5,2903611,239*12149,0,1
1704,-1,7,2903609,199*14591,0,1
1704,-1,11,2903605,5*53*10957,0,0
1704,-1,13,2903603,2903603,1,1
1704,-1,17,2903599,19*152821,0,1
1704,-1,19,2903597,827*3511,0,1
1704,-1,23,2903593,7*7*11*5387,0,0
1704,-1,29,2903587,2903587,1,1
1704,-1,31,2903585,5*580717,0,0
1704,-1,37,2903579,7*41*67*151,0,0
1704,-1,41,2903575,5*5*37*43*73,0,0
1704,-1,43,2903573,281*10333,0,1
1706,1,3,2910439,7*19*79*277,0,0
1706,1,5,2910441,3*970147,0,0
1706,1,7,2910443,23*126541,0,1
1706,1,11,2910447,3*3*323383,0,0
1706,1,13,2910449,2910449,1,1
1706,1,17,2910453,3*7*7*13*1523,0,0
1706,1,19,2910455,5*43*13537,0,0
1706,1,23,2910459,3*127*7639,0,0
1706,1,29,2910465,3*3*3*5*21559,0,0
1706,1,31,2910467,7*41*10141,0,0
1706,1,37,2910473,919*3167,0,1
1706,1,41,2910477,3*19*51061,0,0
1706,1,43,2910479,11*13*20353,0,0
1706,-1,3,2910433,2910433,1,1
1706,-1,5,2910431,1531*1901,0,1
1706,-1,7,2910429,3*3*323381,0,0
1706,-1,11,2910425,5*5*7*16631,0,0
1706,-1,13,2910423,3*677*1433,0,0
1706,-1,17,2910419,2910419,1,1
1706,-1,19,2910417,3*17*149*383,0,0
1706,-1,23,2910413,11*11*67*359,0,0
1706,-1,29,2910407,397*7331,0,1
1706,-1,31,2910405,3*5*194027,0,0
1706,-1,37,2910399,3*970133,0,0
1706,-1,41,2910395,5*83*7013,0,0
1706,-1,43,2910393,3*3*323377,0,0
1708,1,3,2917267,613*4759,0,1
1708,1,5,2917269,3*3*3*103*1049,0,0
1708,1,7,2917271,7*149*2797,0,0
1708,1,11,2917275,3*5*5*97*401,0,0
1708,1,13,2917277,11*265207,0,1
1708,1,17,2917281,3*972427,0,0
1708,1,19,2917283,367*7949,0,1
1708,1,23,2917287,3*3*324143,0,0
1708,1,29,2917293,3*972431,0,0
1708,1,31,2917295,5*583459,0,0
1708,1,37,2917301,1069*2729,0,1
1708,1,41,2917305,3*3*5*241*269,0,0
1708,1,43,2917307,2917307,1,1
1708,-1,3,2917261,2917261,1,1
1708,-1,5,2917259,2917259,1,1
1708,-1,7,2917257,3*7*138917,0,0
1708,-1,11,2917253,2917253,1,1
1708,-1,13,2917251,3*3*17*23*829,0,0
1708,-1,17,2917247,67*43541,0,1
1708,-1,19,2917245,3*5*194483,0,0
1708,-1,23,2917241,19*19*8081,0,0
1708,-1,29,2917235,5*583447,0,0
1708,-1,31,2917233,3*3*11*79*373,0,0
1708,-1,37,2917227,3*972409,0,0
1708,-1,41,2917223,2917223,1,1
1708,-1,43,2917221,3*972407,0,0
1710,1,3,2924103,3*7*13*10711,0,0
1710,1,5,2924105,5*23*47*541,0,0
1710,1,7,2924107,1597*1831,0,1
1710,1,11,2924111,2924111,1,1
1710,1,13,2924113,389*7517,0,1
1710,1,17,2924117,7*417731,0,1
1710,1,19,2924119,11*17*19*823,0,0
1710,1,23,2924123,461*6343,0,1
1710,1,29,2924129,13*43*5231,0,0
1710,1,31,2924131,7*417733,0,1
1710,1,37,2924137,31*94327,0,1
1710,1,41,2924141,11*265831,0,1
1710,1,43,2924143,109*139*193,0,0
1710,-1,3,2924097,3*11*88609,0,0
1710,-1,5,2924095,5*89*6571,0,0
1710,-1,7,2924093,523*5591,0,1
1710,-1,11,2924089,7*417727,0,1
1710,-1,13,2924087,2924087,1,1
1710,-1,17,2924083,593*4931,0,1
1710,-1,19,2924081,19*67*2297,0,0
1710,-1,23,2924077,13*224929,0,1
1710,-1,29,2924071,197*14843,0,1
1710,-1,31,2924069,2924069,1,1
1710,-1,37,2924063,53*55171,0,1
1710,-1,41,2924059,23*127133,0,1
1710,-1,43,2924057,163*17939,0,1
1712,1,3,2930947,2930947,1,1
1712,1,5,2930949,3*3*7*46523,0,0
1712,1,7,2930951,71*41281,0,1
1712,1,11,2930955,3*5*37*5281,0,0
1712,1,13,2930957,31*94547,0,1
1712,1,17,2930961,3*11*88817,0,0
1712,1,19,2930963,7*418709,0,1
1712,1,23,2930967,3*3*13*13*41*47,0,0
1712,1,29,2930973,3*976991,0,0
1712,1,31,2930975,5*5*117239,0,0
1712,1,37,2930981,503*5827,0,1
1712,1,41,2930985,3*3*3*3*5*7237,0,0
1712,1,43,2930987,17*172411,0,1
1712,-1,3,2930941,13*225457,0,1
1712,-1,5,2930939,11*266449,0,1
1712,-1,7,2930937,3*277*3527,0,0
1712,-1,11,2930933,181*16193,0,1
1712,-1,13,2930931,3*3*3*108553,0,0
1712,-1,17,2930927,251*11677,0,1
1712,-1,19,2930925,3*5*5*39079,0,0
1712,-1,23,2930921,7*19*22037,0,0
1712,-1,29,2930915,5*13*67*673,0,0
1712,-1,31,2930913,3*3*23*14159,0,0
1712,-1,37,2930907,3*7*233*599,0,0
1712,-1,41,2930903,163*17981,0,1
1712,-1,43,2930901,3*109*8963,0,0
1714,1,3,2937799,19*154621,0,1
1714,1,5,2937801,3*89*11003,0,0
1714,1,7,2937803,11*43*6211,0,0
1714,1,11,2937807,3*3*449*727,0,0
1714,1,13,2937809,7*419687,0,1
1714,1,17,2937813,3*23*42577,0,0
1714,1,19,2937815,5*587563,0,0
1714,1,23,2937819,3*979273,0,0
1714,1,29,2937825,3*3*5*5*11*1187,0,0
1714,1,31,2937827,2937827,1,1
1714,1,37,2937833,149*19717,0,1
1714,1,41,2937837,3*7*19*37*199,0,0
1714,1,43,2937839,31*97*977,0,0
1714,-1,3,2937793,2937793,1,1
1714,-1,5,2937791,2937791,1,1
1714,-1,7,2937789,3*3*3*3*36269,0,0
1714,-1,11,2937785,5*83*7079,0,0
1714,-1,13,2937783,3*979261,0,0
1714,-1,17,2937779,13*225983,0,1
1714,-1,19,2937777,3*31*31*1019,0,0
1714,-1,23,2937773,41*79*907,0,0
1714,-1,29,2937767,7*23*71*257,0,0
1714,-1,31,2937765,3*5*139*1409,0,0
1714,-1,37,2937759,3*11*11*8093,0,0
1714,-1,41,2937755,5*587551,0,0
1714,-1,43,2937753,3*3*7*13*17*211,0,0
1716,1,3,2944659,3*31*31663,0,0
1716,1,5,2944661,41*71821,0,1
1716,1,7,2944663,541*5443,0,1
1716,1,11,2944667,11*23*103*113,0,0
1716,1,13,2944669,7*13*32359,0,0
1716,1,17,2944673,2944673,1,1
1716,1,19,2944675,5*5*117787,0,0
1716,1,23,2944679,2944679,1,1
1716,1,29,2944685,5*588937,0,0
1716,1,31,2944687,149*19763,0,1
1716,1,37,2944693,2944693,1,1
1716,1,41,2944697,7*420671,0,1
1716,1,43,2944699,2944699,1,1
1716,-1,3,2944653,3*61*16091,0,0
1716,-1,5,2944651,151*19501,0,1
1716,-1,7,2944649,1549*1901,0,1
1716,-1,11,2944645,5*11*37*1447,0,0
1716,-1,13,2944643,13*226511,0,1
1716,-1,17,2944639,19*154981,0,1
1716,-1,19,2944637,2944637,1,1
1716,-1,23,2944633,173*17021,0,1
1716,-1,29,2944627,7*53*7937,0,0
1716,-1,31,2944625,5*5*5*23557,0,0
1716,-1,37,2944619,2944619,1,1
1716,-1,41,2944615,5*283*2081,0,0
1716,-1,43,2944613,7*317*1327,0,0
1718,1,3,2951527,37*241*331,0,0
1718,1,5,2951529,3*7*140549,0,0
1718,1,7,2951531,11*179*1499,0,0
1718,1,11,2951535,3*5*196769,0,0
1718,1,13,2951537,2951537,1,1
1718,1,17,2951541,3*3*31*71*149,0,0
1718,1,19,2951543,7*557*757,0,0
1718,1,23,2951547,3*983849,0,0
1718,1,29,2951553,3*11*11*47*173,0,0
1718,1,31,2951555,5*19*31069,0,0
1718,1,37,2951561,131*22531,0,1
1718,1,41,2951565,3*5*196771,0,0
1718,1,43,2951567,23*181*709,0,0
1718,-1,3,2951521,23*128327,0,1
1718,-1,5,2951519,79*37361,0,1
1718,-1,7,2951517,3*19*53*977,0,0
1718,-1,11,2951513,2951513,1,1
1718,-1,13,2951511,3*601*1637,0,0
1718,-1,17,2951507,13*89*2551,0,0
1718,-1,19,2951505,3*3*3*5*21863,0,0
1718,-1,23,2951501,7*421643,0,1
1718,-1,29,2951495,5*719*821,0,0
1718,-1,31,2951493,3*349*2819,0,0
1718,-1,37,2951487,3*3*7*11*4259,0,0
1718,-1,41,2951483,2951483,1,1
1718,-1,43,2951481,3*13*75679,0,0
1720,1,3,2958403,7*97*4357,0,0
1720,1,5,2958405,3*5*167*1181,0,0
1720,1,7,2958407,53*55819,0,1
1720,1,11,2958411,3*986137,0,0
1720,1,13,2958413,2958413,1,1
1720,1,17,2958417,3*3*3*7*11*1423,0,0
1720,1,19,2958419,2958419,1,1
1720,1,23,2958423,3*13*31*2447,0,0
1720,1,29,2958429,3*986143,0,0
1720,1,31,2958431,7*211*2003,0,0
1720,1,37,2958437,41*59*1223,0,0
1720,1,41,2958441,3*986147,0,0
1720,1,43,2958443,43*107*643,0,0
1720,-1,3,2958397,13*227569,0,1
1720,-1,5,2958395,5*11*19*19*149,0,0
1720,-1,7,2958393,3*986131,0,0
1720,-1,11,2958389,7*422627,0,1
1720,-1,13,2958387,3*367*2687,0,0
1720,-1,17,2958383,2958383,1,1
1720,-1,19,2958381,3*3*328709,0,0
1720,-1,23,2958377,29*102013,0,1
1720,-1,29,2958371,13*227567,0,1
1720,-1,31,2958369,3*83*109*109,0,0
1720,-1,37,2958363,3*3*3*3*36523,0,0
1720,-1,41,2958359,2958359,1,1
1720,-1,43,2958357,3*17*19*43*71,0,0
1722,1,3,2965287,3*13*139*547,0,0
1722,1,5,2965289,2965289,1,1
1722,1,7,2965291,7*37*107*107,0,0
1722,1,11,2965295,5*593059,0,0
1722,1,13,2965297,53*55949,0,1
1722,1,17,2965301,227*13063,0,1
1722,1,19,2965303,11*269573,0,1
1722,1,23,2965307,2965307,1,1
1722,1,29,2965313,13*307*743,0,0
1722,1,31,2965315,5*71*8353,0,0
1722,1,37,2965321,23*229*563,0,0
1722,1,41,2965325,5*5*11*41*263,0,0
1722,1,43,2965327,17*174431,0,1
1722,-1,3,2965281,3*11*59*1523,0,0
1722,-1,5,2965279,29*102251,0,1
1722,-1,7,2965277,7*47*9013,0,0
1722,-1,11,2965273,19*239*653,0,0
1722,-1,13,2965271,61*48611,0,1
1722,-1,17,2965267,103*28789,0,1
1722,-1,19,2965265,5*79*7507,0,0
1722,-1,23,2965261,13*228097,0,1
1722,-1,29,2965255,5*593051,0,0
1722,-1,31,2965253,2965253,1,1
1722,-1,37,2965247,2965247,1,1
1722,-1,41,2965243,31*41*2333,0,0
1722,-1,43,2965241,887*3343,0,1
1724,1,3,2972179,7*424597,0,1
1724,1,5,2972181,3*29*127*269,0,0
1724,1,7,2972183,2972183,1,1
1724,1,11,2972187,3*3*3*31*53*67,0,0
1724,1,13,2972189,11*19*14221,0,0
1724,1,17,2972193,3*7*7*20219,0,0
1724,1,19,2972195,5*17*73*479,0,0
1724,1,23,2972199,3*990733,0,0
1724,1,29,2972205,3*3*5*257*257,0,0
1724,1,31,2972207,7*424601,0,1
1724,1,37,2972213,41*72493,0,1
1724,1,41,2972217,3*79*12541,0,0
1724,1,43,2972219,2972219,1,1
1724,-1,3,2972173,37*80329,0,1
1724,-1,5,2972171,2972171,1,1
1724,-1,7,2972169,3*3*330241,0,0
1724,-1,11,2972165,5*7*84919,0,0
1724,-1,13,2972163,3*263*3767,0,0
1724,-1,17,2972159,2972159,1,1
1724,-1,19,2972157,3*990719,0,0
1724,-1,23,2972153,877*3389,0,1
1724,-1,29,2972147,83*35809,0,1
1724,-1,31,2972145,3*5*11*18013,0,0
1724,-1,37,2972139,3*47*107*197,0,0
1724,-1,41,2972135,5*594427,0,0
1724,-1,43,2972133,3*3*3*3*3*3*3*3*3*151,0,0
1726,1,3,2979079,109*151*181,0,0
1726,1,5,2979081,3*3*7*47287,0,0
1726,1,7,2979083,29*43*2389,0,0
1726,1,11,2979087,3*59*16831,0,0
1726,1,13,2979089,71*41959,0,1
1726,1,17,2979093,3*13*76387,0,0
1726,1,19,2979095,5*7*47*1811,0,0
1726,1,23,2979099,3*3*3*3*36779,0,0
1726,1,29,2979105,3*5*19*10453,0,0
1726,1,31,2979107,2979107,1,1
1726,1,37,2979113,167*17839,0,1
1726,1,41,2979117,3*3*331013,0,0
1726,1,43,2979119,11*13*83*251,0,0
1726,-1,3,2979073,2979073,1,1
1726,-1,5,2979071,131*22741,0,1
1726,-1,7,2979069,3*31*103*311,0,0
1726,-1,11,2979065,5*137*4349,0,0
1726,-1,13,2979063,3*3*17*19471,0,0
1726,-1,17,2979059,2979059,1,1
1726,-1,19,2979057,3*61*73*223,0,0
1726,-1,23,2979053,7*7*11*5527,0,0
1726,-1,29,2979047,2979047,1,1
1726,-1,31,2979045,3*3*3*5*22067,0,0
1726,-1,37,2979039,3*7*127*1117,0,0
1726,-1,41,2979035,5*595807,0,0
1726,-1,43,2979033,3*993011,0,0
1728,1,3,2985987,3*995329,0,0
1728,1,5,2985989,41*67*1087,0,0
1728,1,7,2985991,2985991,1,1
1728,1,11,2985995,5*199*3001,0,0
1728,1,13,2985997,7*163*2617,0,0
1728,1,17,2986001,839*3559,0,1
1728,1,19,2986003,2986003,1,1
1728,1,23,2986007,719*4153,0,1
1728,1,29,2986013,31*96323,0,1
1728,1,31,2986015,5*599*997,0,0
1728,1,37,2986021,19*23*6833,0,0
1728,1,41,2986025,5*5*7*113*151,0,0
1728,1,43,2986027,11*353*769,0,0
1728,-1,3,2985981,3*995327,0,0
1728,-1,5,2985979,2985979,1,1
1728,-1,7,2985977,821*3637,0,1
1728,-1,11,2985973,2985973,1,1
1728,-1,13,2985971,2985971,1,1
1728,-1,17,2985967,53*53*1063,0,0
1728,-1,19,2985965,5*17*35129,0,0
1728,-1,23,2985961,11*271451,0,1
1728,-1,29,2985955,5*7*85313,0,0
1728,-1,31,2985953,2985953,1,1
1728,-1,37,2985947,2985947,1,1
1728,-1,41,2985943,2985943,1,1
1728,-1,43,2985941,7*426563,0,1
1730,1,3,2992903,2992903,1,1
1730,1,5,2992905,3*3*5*66509,0,0
1730,1,7,2992907,2992907,1,1
1730,1,11,2992911,3*997637,0,0
1730,1,13,2992913,7*11*47*827,0,0
1730,1,17,2992917,3*419*2381,0,0
1730,1,19,2992919,2992919,1,1
1730,1,23,2992923,3*3*3*110849,0,0
1730,1,29,2992929,3*43*23201,0,0
1730,1,31,2992931,281*10651,0,1
1730,1,37,2992937,19*157523,0,1
1730,1,41,2992941,3*3*7*47507,0,0
1730,1,43,2992943,307*9749,0,1
1730,-1,3,2992897,83*107*337,0,0
1730,-1,5,2992895,5*31*19309,0,0
1730,-1,7,2992893,3*37*59*457,0,0
1730,-1,11,2992889,421*7109,0,1
1730,-1,13,2992887,3*3*29*11467,0,0
1730,-1,17,2992883,223*13421,0,1
1730,-1,19,2992881,3*997627,0,0
1730,-1,23,2992877,41*72997,0,1
1730,-1,29,2992871,7*7*103*593,0,0
1730,-1,31,2992869,3*3*3*3*11*3359,0,0
1730,-1,37,2992863,3*71*14051,0,0
1730,-1,41,2992859,2992859,1,1
1730,-1,43,2992857,3*7*53*2689,0,0
1732,1,3,2999827,2999827,1,1
1732,1,5,2999829,3*7*7*20407,0,0
1732,1,7,2999831,2999831,1,1
1732,1,11,2999835,3*3*3*3*3*3*5*823,0,0
1732,1,13,2999837,17*176461,0,1
1732,1,17,2999841,3*13*76919,0,0
1732,1,19,2999843,7*11*38959,0,0
1732,1,23,2999847,3*29*29*29*41,0,0
1732,1,29,2999853,3*3*19*53*331,0,0
1732,1,31,2999855,5*59*10169,0,0
1732,1,37,2999861,179*16759,0,1
1732,1,41,2999865,3*5*11*18181,0,0
1732,1,43,2999867,13*23*79*127,0,0
1732,-1,3,2999821,11*23*71*167,0,0
1732,-1,5,2999819,2999819,1,1
1732,-1,7,2999817,3*3*149*2237,0,0
1732,-1,11,2999813,2999813,1,1
1732,-1,13,2999811,3*113*8849,0,0
1732,-1,17,2999807,2999807,1,1
1732,-1,19,2999805,3*5*227*881,0,0
1732,-1,23,2999801,7*101*4243,0,0
1732,-1,29,2999795,5*599959,0,0
1732,-1,31,2999793,3*999931,0,0
1732,-1,37,2999787,3*7*211*677,0,0
1732,-1,41,2999783,2999783,1,1
1732,-1,43,2999781,3*3*3*111103,0,0
1734,1,3,3006759,3*7*67*2137,0,0
1734,1,5,3006761,3006761,1,1
1734,1,7,3006763,3006763,1,1
1734,1,11,3006767,23*130729,0,1
1734,1,13,3006769,19*19*8329,0,0
1734,1,17,3006773,7*11*17*2297,0,0
1734,1,19,3006775,5*5*43*2797,0,0
1734,1,23,3006779,71*42349,0,1
1734,1,29,3006785,5*601357,0,0
1734,1,31,3006787,7*7*61363,0,0
1734,1,37,3006793,3006793,1,1
1734,1,41,3006797,73*41189,0,1
1734,1,43,3006799,1423*2113,0,1
1734,-1,3,3006753,3*373*2687,0,0
1734,-1,5,3006751,11*61*4481,0,0
1734,-1,7,3006749,29*103681,0,1
1734,-1,11,3006745,5*7*271*317,0,0
1734,-1,13,3006743,53*56731,0,1
1734,-1,17,3006739,17*137*1291,0,0
1734,-1,19,3006737,3006737,1,1
1734,-1,23,3006733,3006733,1,1
1734,-1,29,3006727,523*5749,0,1
1734,-1,31,3006725,5*5*127*947,0,0
1734,-1,37,3006719,3006719,1,1
1734,-1,41,3006715,5*631*953,0,0
1734,-1,43,3006713,3006713,1,1
1736,1,3,3013699,13*231823,0,1
1736,1,5,3013701,3*1004567,0,0
1736,1,7,3013703,7*11*39139,0,0
1736,1,11,3013707,3*163*6163,0,0
1736,1,13,3013709,17*29*6113,0,0
1736,1,17,3013713,3*3*3*23*23*211,0,0
1736,1,19,3013715,5*602743,0,0
1736,1,23,3013719,3*317*3169,0,0
1736,1,29,3013725,3*5*5*11*13*281,0,0
1736,1,31,3013727,31*67*1451,0,0
1736,1,37,3013733,3013733,1,1
1736,1,41,3013737,3*71*14149,0,0
1736,1,43,3013739,53*101*563,0,0
1736,-1,3,3013693,97*31069,0,1
1736,-1,5,3013691,3013691,1,1
1736,-1,7,3013689,3*7*143509,0,0
1736,-1,11,3013685,5*19*31723,0,0
1736,-1,13,3013683,3*1004561,0,0
1736,-1,17,3013679,883*3413,0,1
1736,-1,19,3013677,3*3*103*3251,0,0
1736,-1,23,3013673,13*231821,0,1
1736,-1,29,3013667,23*283*463,0,0
1736,-1,31,3013665,3*5*31*6481,0,0
1736,-1,37,3013659,3*3*3*11*73*139,0,0
1736,-1,41,3013655,5*43*107*131,0,0
1736,-1,43,3013653,3*1004551,0,0
1738,1,3,3020647,7*431521,0,1
1738,1,5,3020649,3*1006883,0,0
1738,1,7,3020651,3020651,1,1
1738,1,11,3020655,3*5*11*18307,0,0
1738,1,13,3020657,3020657,1,1
1738,1,17,3020661,3*3*7*47947,0,0
1738,1,19,3020663,1531*1973,0,1
1738,1,23,3020667,3*13*73*1061,0,0
1738,1,29,3020673,3*1006891,0,0
1738,1,31,3020675,5*5*7*41*421,0,0
1738,1,37,3020681,103*29327,0,1
1738,1,41,3020685,3*5*277*727,0,0
1738,1,43,3020687,3020687,1,1
1738,-1,3,3020641,13*232357,0,1
1738,-1,5,3020639,19*158981,0,1
1738,-1,7,3020637,3*1006879,0,0
1738,-1,11,3020633,7*11*39229,0,0
1738,-1,13,3020631,3*1006877,0,0
1738,-1,17,3020627,1579*1913,0,1
1738,-1,19,3020625,3*3*3*5*5*5*5*179,0,0
1738,-1,23,3020621,43*199*353,0,0
1738,-1,29,3020615,5*13*46471,0,0
1738,-1,31,3020613,3*23*43777,0,0
1738,-1,37,3020607,3*3*101*3323,0,0
1738,-1,41,3020603,113*26731,0,1
1738,-1,43,3020601,3*19*197*269,0,0
1740,1,3,3027603,3*1009201,0,0
1740,1,5,3027605,5*7*23*3761,0,0
1740,1,7,3027607,11*449*613,0,0
1740,1,11,3027611,929*3259,0,1
1740,1,13,3027613,61*49633,0,1
1740,1,17,3027617,3027617,1,1
1740,1,19,3027619,7*617*701,0,0
1740,1,23,3027623,3027623,1,1
1740,1,29,3027629,11*29*9491,0,0
1740,1,31,3027631,19*159349,0,1
1740,1,37,3027637,3027637,1,1
1740,1,41,3027641,373*8117,0,1
1740,1,43,3027643,3027643,1,1
1740,-1,3,3027597,3*1009199,0,0
1740,-1,5,3027595,5*269*2251,0,0
1740,-1,7,3027593,19*159347,0,1
1740,-1,11,3027589,787*3847,0,1
1740,-1,13,3027587,43*181*389,0,0
1740,-1,17,3027583,13*232891,0,1
1740,-1,19,3027581,17*178093,0,1
1740,-1,23,3027577,7*432511,0,1
1740,-1,29,3027571,29*104399,0,1
1740,-1,31,3027569,293*10333,0,1
1740,-1,37,3027563,7*7*11*41*137,0,0
1740,-1,41,3027559,23*139*947,0,0
1740,-1,43,3027557,13*463*503,0,0
1742,1,3,3034567,61*49747,0,1
1742,1,5,3034569,3*683*1481,0,0
1742,1,7,3034571,163*18617,0,1
1742,1,11,3034575,3*3*5*5*13487,0,0
1742,1,13,3034577,7*13*33347,0,0
1742,1,17,3034581,3*11*91957,0,0
1742,1,19,3034583,239*12697,0,1
1742,1,23,3034587,3*179*5651,0,0
1742,1,29,3034593,3*3*173*1949,0,0
1742,1,31,3034595,5*606919,0,0
1742,1,37,3034601,293*10357,0,1
1742,1,41,3034605,3*5*7*28901,0,0
1742,1,43,3034607,3034607,1,1
1742,-1,3,3034561,3034561,1,1
1742,-1,5,3034559,11*11*31*809,0,0
1742,-1,7,3034557,3*3*3*167*673,0,0
1742,-1,11,3034553,43*70571,0,1
1742,-1,13,3034551,3*13*17*23*199,0,0
1742,-1,17,3034547,19*59*2707,0,0
1742,-1,19,3034545,3*5*101*2003,0,0
1742,-1,23,3034541,911*3331,0,1
1742,-1,29,3034535,5*7*277*313,0,0
1742,-1,31,3034533,3*41*24671,0,0
1742,-1,37,3034527,3*1011509,0,0
1742,-1,41,3034523,3034523,1,1
1742,-1,43,3034521,3*3*7*7*7*983,0,0
1744,1,3,3041539,19*160081,0,1
1744,1,5,3041541,3*3*337949,0,0
1744,1,7,3041543,23*132241,0,1
1744,1,11,3041547,3*647*1567,0,0
1744,1,13,3041549,7*29*14983,0,0
1744,1,17,3041553,3*1013851,0,0
1744,1,19,3041555,5*11*17*3253,0,0
1744,1,23,3041559,3*3*331*1021,0,0
1744,1,29,3041565,3*5*31*31*211,0,0
1744,1,31,3041567,431*7057,0,1
1744,1,37,3041573,227*13399,0,1
1744,1,41,3041577,3*3*3*7*7*11*11*19,0,0
1744,1,43,3041579,79*38501,0,1
1744,-1,3,3041533,11*276503,0,1
1744,-1,5,3041531,3041531,1,1
1744,-1,7,3041529,3*1013843,0,0
1744,-1,11,3041525,5*5*121661,0,0
1744,-1,13,3041523,3*3*3*127*887,0,0
1744,-1,17,3041519,13*43*5441,0,0
1744,-1,19,3041517,3*1013839,0,0
1744,-1,23,3041513,173*17581,0,1
1744,-1,29,3041507,7*434501,0,1
1744,-1,31,3041505,3*3*5*67589,0,0
1744,-1,37,3041499,3*1013833,0,0
1744,-1,41,3041495,5*608299,0,0
1744,-1,43,3041493,3*7*13*13*857,0,0
1746,1,3,3048519,3*1016173,0,0
1746,1,5,3048521,7*435503,0,1
1746,1,7,3048523,3048523,1,1
1746,1,11,3048527,71*42937,0,1
1746,1,13,3048529,11*373*743,0,0
1746,1,17,3048533,3048533,1,1
1746,1,19,3048535,5*7*7*23*541,0,0
1746,1,23,3048539,13*151*1553,0,0
1746,1,29,3048545,5*609709,0,0
1746,1,31,3048547,733*4159,0,1
1746,1,37,3048553,73*41761,0,1
1746,1,41,3048557,3048557,1,1
1746,1,43,3048559,17*179327,0,1
1746,-1,3,3048513,3*13*78167,0,0
1746,-1,5,3048511,3048511,1,1
1746,-1,7,3048509,29*31*3391,0,0
1746,-1,11,3048505,5*609701,0,0
1746,-1,13,3048503,3048503,1,1
1746,-1,17,3048499,3048499,1,1
1746,-1,19,3048497,3048497,1,1
1746,-1,23,3048493,7*19*22921,0,0
1746,-1,29,3048487,13*234499,0,1
1746,-1,31,3048485,5*11*43*1289,0,0
1746,-1,37,3048479,7*271*1607,0,0
1746,-1,41,3048475,5*5*61*1999,0,0
1746,-1,43,3048473,41*74353,0,1
1748,1,3,3055507,7*13*33577,0,0
1748,1,5,3055509,3*3*3*113167,0,0
1748,1,7,3055511,137*22303,0,1
1748,1,11,3055515,3*5*31*6571,0,0
1748,1,13,3055517,47*65011,0,1
1748,1,17,3055521,3*7*145501,0,0
1748,1,19,3055523,19*160817,0,1
1748,1,23,3055527,3*3*23*29*509,0,0
1748,1,29,3055533,3*13*78347,0,0
1748,1,31,3055535,5*7*67*1303,0,0
1748,1,37,3055541,479*6379,0,1
1748,1,41,3055545,3*3*5*67901,0,0
1748,1,43,3055547,11*229*1213,0,0
1748,-1,3,3055501,3055501,1,1
1748,-1,5,3055499,599*5101,0,1
1748,-1,7,3055497,3*37*27527,0,0
1748,-1,11,3055493,7*7*127*491,0,0
1748,-1,13,3055491,3*3*211*1609,0,0
1748,-1,17,3055487,3055487,1,1
1748,-1,19,3055485,3*5*19*71*151,0,0
1748,-1,23,3055481,11*13*23*929,0,0
1748,-1,29,3055475,5*5*122219,0,0
1748,-1,31,3055473,3*3*257*1321,0,0
1748,-1,37,3055467,3*1018489,0,0
1748,-1,41,3055463,859*3557,0,1
1748,-1,43,3055461,3*17*181*331,0,0
1750,1,3,3062503,43*67*1063,0,0
1750,1,5,3062505,3*5*61*3347,0,0
1750,1,7,3062507,7*437501,0,1
1750,1,11,3062511,3*3*179*1901,0,0
1750,1,13,3062513,59*51907,0,1
1750,1,17,3062517,3*1020839,0,0
1750,1,19,3062519,23*133153,0,1
1750,1,23,3062523,3*1020841,0,0
1750,1,29,3062529,3*3*3*3*3*3*4201,0,0
1750,1,31,3062531,3062531,1,1
1750,1,37,3062537,317*9661,0,1
1750,1,41,3062541,3*1020847,0,0
1750,1,43,3062543,11*278413,0,1
1750,-1,3,3062497,3062497,1,1
1750,-1,5,3062495,5*41*14939,0,0
1750,-1,7,3062493,3*3*7*48611,0,0
1750,-1,11,3062489,967*3167,0,1
1750,-1,13,3062487,3*29*35201,0,0
1750,-1,17,3062483,3062483,1,1
1750,-1,19,3062481,3*1020827,0,0
1750,-1,23,3062477,11*19*14653,0,0
1750,-1,29,3062471,419*7309,0,1
1750,-1,31,3062469,3*1020823,0,0
1750,-1,37,3062463,3*1020821,0,0
1750,-1,41,3062459,31*223*443,0,0
1750,-1,43,3062457,3*3*227*1499,0,0
1752,1,3,3069507,3*7*7*7*19*157,0,0
1752,1,5,3069509,107*28687,0,1
1752,1,7,3069511,23*317*421,0,0
1752,1,11,3069515,5*613903,0,0
1752,1,13,3069517,11*279047,0,1
1752,1,17,3069521,7*13*89*379,0,0
1752,1,19,3069523,47*65309,0,1
1752,1,23,3069527,31*99017,0,1
1752,1,29,3069533,3069533,1,1
1752,1,31,3069535,5*7*87701,0,0
1752,1,37,3069541,3069541,1,1
1752,1,41,3069545,5*19*79*409,0,0
1752,1,43,3069547,13*13*41*443,0,0
1752,-1,3,3069501,3*1023167,0,0
1752,-1,5,3069499,3069499,1,1
1752,-1,7,3069497,3069497,1,1
1752,-1,11,3069493,7*438499,0,1
1752,-1,13,3069491,101*30391,0,1
1752,-1,17,3069487,523*5869,0,1
1752,-1,19,3069485,5*137*4481,0,0
1752,-1,23,3069481,3069481,1,1
1752,-1,29,3069475,5*5*59*2081,0,0
1752,-1,31,3069473,11*263*1061,0,0
1752,-1,37,3069467,3069467,1,1
1752,-1,41,3069463,127*24169,0,1
1752,-1,43,3069461,131*23431,0,1
1754,1,3,3076519,601*5119,0,1
1754,1,5,3076521,3*7*43*3407,0,0
1754,1,7,3076523,29*106087,0,1
1754,1,11,3076527,3*1025509,0,0
1754,1,13,3076529,3076529,1,1
1754,1,17,3076533,3*3*31*11027,0,0
1754,1,19,3076535,5*7*11*61*131,0,0
1754,1,23,3076539,3*1025513,0,0
1754,1,29,3076545,3*5*205103,0,0
1754,1,31,3076547,257*11971,0,1
1754,1,37,3076553,269*11437,0,1
1754,1,41,3076557,3*11*93229,0,0
1754,1,43,3076559,3076559,1,1
1754,-1,3,3076513,11*37*7559,0,0
1754,-1,5,3076511,3076511,1,1
1754,-1,7,3076509,3*1025503,0,0
1754,-1,11,3076505,5*521*1181,0,0
1754,-1,13,3076503,3*23*44587,0,0
1754,-1,17,3076499,19*161921,0,1
1754,-1,19,3076497,3*3*79*4327,0,0
1754,-1,23,3076493,7*283*1553,0,0
1754,-1,29,3076487,139*22133,0,1
1754,-1,31,3076485,3*5*317*647,0,0
1754,-1,37,3076479,3*3*7*47*1039,0,0
1754,-1,41,3076475,5*5*123059,0,0
1754,-1,43,3076473,3*17*179*337,0,0
1756,1,3,3083539,31*99469,0,1
1756,1,5,3083541,3*23*23*29*67,0,0
1756,1,7,3083543,37*83339,0,1
1756,1,11,3083547,3*269*3821,0,0
1756,1,13,3083549,7*440507,0,1
1756,1,17,3083553,3*3*11*31147,0,0
1756,1,19,3083555,5*149*4139,0,0
1756,1,23,3083559,3*1027853,0,0
1756,1,29,3083565,3*5*311*661,0,0
1756,1,31,3083567,19*162293,0,1
1756,1,37,3083573,43*71711,0,1
1756,1,41,3083577,3*7*146837,0,0
1756,1,43,3083579,17*181387,0,1
1756,-1,3,3083533,83*97*383,0,0
1756,-1,5,3083531,11*280321,0,1
1756,-1,7,3083529,3*19*47*1151,0,0
1756,-1,11,3083525,5*5*123341,0,0
1756,-1,13,3083523,3*1027841,0,0
1756,-1,17,3083519,3083519,1,1
1756,-1,19,3083517,3*3*59*5807,0,0
1756,-1,23,3083513,3083513,1,1
1756,-1,29,3083507,7*440501,0,1
1756,-1,31,3083505,3*5*199*1033,0,0
1756,-1,37,3083499,3*3*397*863,0,0
1756,-1,41,3083495,5*23*26813,0,0
1756,-1,43,3083493,3*7*146833,0,0
1758,1,3,3090567,3*1009*1021,0,0
1758,1,5,3090569,307*10067,0,1
1758,1,7,3090571,11*191*1471,0,0
1758,1,11,3090575,5*5*181*683,0,0
1758,1,13,3090577,7*7*63073,0,0
1758,1,17,3090581,13*237737,0,1
1758,1,19,3090583,17*137*1327,0,0
1758,1,23,3090587,3090587,1,1
1758,1,29,3090593,11*280963,0,1
1758,1,31,3090595,5*618119,0,0
1758,1,37,3090601,73*42337,0,1
1758,1,41,3090605,5*7*227*389,0,0
1758,1,43,3090607,13*31*7669,0,0
1758,-1,3,3090561,3*421*2447,0,0
1758,-1,5,3090559,19*29*71*79,0,0
1758,-1,7,3090557,223*13859,0,1
1758,-1,11,3090553,617*5009,0,1
1758,-1,13,3090551,3090551,1,1
1758,-1,17,3090547,331*9337,0,1
1758,-1,19,3090545,5*31*127*157,0,0
1758,-1,23,3090541,269*11489,0,1
1758,-1,29,3090535,5*7*88301,0,0
1758,-1,31,3090533,23*134371,0,1
1758,-1,37,3090527,11*280957,0,1
1758,-1,41,3090523,3090523,1,1
1758,-1,43,3090521,7*19*19*1223,0,0
1760,1,3,3097603,37*83719,0,1
1760,1,5,3097605,3*5*7*29501,0,0
1760,1,7,3097607,389*7963,0,1
1760,1,11,3097611,3*3*11*67*467,0,0
1760,1,13,3097613,31*99923,0,1
1760,1,17,3097617,3*23*44893,0,0
1760,1,19,3097619,7*442517,0,1
1760,1,23,3097623,3*1032541,0,0
1760,1,29,3097629,3*3*3*47*2441,0,0
1760,1,31,3097631,3097631,1,1
1760,1,37,3097637,947*3271,0,1
1760,1,41,3097641,3*61*16927,0,0
1760,1,43,3097643,83*37321,0,1
1760,-1,3,3097597,431*7187,0,1
1760,-1,5,3097595,5*179*3461,0,0
1760,-1,7,3097593,3*3*344177,0,0
1760,-1,11,3097589,11*19*14821,0,0
1760,-1,13,3097587,3*17*60737,0,0
1760,-1,17,3097583,1381*2243,0,1
1760,-1,19,3097581,3*1032527,0,0
1760,-1,23,3097577,7*29*15259,0,0
1760,-1,29,3097571,23*134677,0,1
1760,-1,31,3097569,3*101*10223,0,0
1760,-1,37,3097563,3*7*147503,0,0
1760,-1,41,3097559,59*52501,0,1
1760,-1,43,3097557,3*3*344173,0,0
1762,1,3,3104647,7*13*109*313,0,0
1762,1,5,3104649,3*3*3*3*38329,0,0
1762,1,7,3104651,11*282241,0,1
1762,1,11,3104655,3*5*23*8999,0,0
1762,1,13,3104657,19*163403,0,1
1762,1,17,3104661,3*7*163*907,0,0
1762,1,19,3104663,691*4493,0,1
1762,1,23,3104667,3*3*344963,0,0
1762,1,29,3104673,3*11*13*7237,0,0
1762,1,31,3104675,5*5*7*113*157,0,0
1762,1,37,3104681,31*100151,0,1
1762,1,41,3104685,3*3*5*68993,0,0
1762,1,43,3104687,53*58579,0,1
1762,-1,3,3104641,3104641,1,1
1762,-1,5,3104639,59*101*521,0,0
1762,-1,7,3104637,3*1034879,0,0
1762,-1,11,3104633,7*37*11987,0,0
1762,-1,13,3104631,3*3*344959,0,0
1762,-1,17,3104627,3104627,1,1
1762,-1,19,3104625,3*5*5*5*17*487,0,0
1762,-1,23,3104621,13*79*3023,0,0
1762,-1,29,3104615,5*83*7481,0,0
1762,-1,31,3104613,3*3*344957,0,0
1762,-1,37,3104607,3*11*94079,0,0
1762,-1,41,3104603,3104603,1,1
1762,-1,43,3104601,3*1034867,0,0
1764,1,3,3111699,3*1037233,0,0
1764,1,5,3111701,563*5527,0,1
1764,1,7,3111703,7*444529,0,1
1764,1,11,3111707,89*34963,0,1
1764,1,13,3111709,101*30809,0,1
1764,1,17,3111713,11*457*619,0,0
1764,1,19,3111715,5*233*2671,0,0
1764,1,23,3111719,13*59*4057,0,0
1764,1,29,3111725,5*5*19*6551,0,0
1764,1,31,3111727,3111727,1,1
1764,1,37,3111733,103*30211,0,1
1764,1,41,3111737,37*37*2273,0,0
1764,1,43,3111739,23*193*701,0,0
1764,-1,3,3111693,3*13*23*3469,0,0
1764,-1,5,3111691,11*282881,0,1
1764,-1,7,3111689,7*444527,0,1
1764,-1,11,3111685,5*622337,0,0
1764,-1,13,3111683,53*58711,0,1
1764,-1,17,3111679,3111679,1,1
1764,-1,19,3111677,3111677,1,1
1764,-1,23,3111673,3111673,1,1
1764,-1,29,3111667,13*107*2237,0,0
1764,-1,31,3111665,5*622333,0,0
1764,-1,37,3111659,3111659,1,1
1764,-1,41,3111655,5*622331,0,0
1764,-1,43,3111653,3111653,1,1
1766,1,3,3118759,7*445537,0,1
1766,1,5,3118761,3*3*346529,0,0
1766,1,7,3118763,3118763,1,1
1766,1,11,3118767,3*37*28097,0,0
1766,1,13,3118769,17*383*479,0,0
1766,1,17,3118773,3*7*148513,0,0
1766,1,19,3118775,5*5*11*11*1031,0,0
1766,1,23,3118779,3*3*47*73*101,0,0
1766,1,29,3118785,3*5*53*3923,0,0
1766,1,31,3118787,7*445541,0,1
1766,1,37,3118793,19*164147,0,1
1766,1,41,3118797,3*3*3*11*10501,0,0
1766,1,43,3118799,59*52861,0,1
1766,-1,3,3118753,11*227*1249,0,0
1766,-1,5,3118751,229*13619,0,1
1766,-1,7,3118749,3*701*1483,0,0
1766,-1,11,3118745,5*7*89107,0,0
1766,-1,13,3118743,3*3*3*3*139*277,0,0
1766,-1,17,3118739,13*127*1889,0,0
1766,-1,19,3118737,3*103*10093,0,0
1766,-1,23,3118733,3118733,1,1
1766,-1,29,3118727,3118727,1,1
1766,-1,31,3118725,3*3*5*5*83*167,0,0
1766,-1,37,3118719,3*149*6977,0,0
1766,-1,41,3118715,5*623743,0,0
1766,-1,43,3118713,3*13*79967,0,0
1768,1,3,3125827,433*7219,0,1
1768,1,5,3125829,3*7*47*3167,0,0
1768,1,7,3125831,3125831,1,1
1768,1,11,3125835,3*3*5*69463,0,0
1768,1,13,3125837,11*13*21859,0,0
1768,1,17,3125841,3*17*61291,0,0
1768,1,19,3125843,7*446549,0,1
1768,1,23,3125847,3*1041949,0,0
1768,1,29,3125853,3*3*347317,0,0
1768,1,31,3125855,5*625171,0,0
1768,1,37,3125861,19*23*23*311,0,0
1768,1,41,3125865,3*5*208391,0,0
1768,1,43,3125867,3125867,1,1
1768,-1,3,3125821,3125821,1,1
1768,-1,5,3125819,3125819,1,1
1768,-1,7,3125817,3*3*3*115771,0,0
1768,-1,11,3125813,359*8707,0,1
1768,-1,13,3125811,3*13*80149,0,0
1768,-1,17,3125807,17*183871,0,1
1768,-1,19,3125805,3*5*208387,0,0
1768,-1,23,3125801,7*601*743,0,0
1768,-1,29,3125795,5*401*1559,0,0
1768,-1,31,3125793,3*11*11*79*109,0,0
1768,-1,37,3125787,3*7*73*2039,0,0
1768,-1,41,3125783,1153*2711,0,1
1768,-1,43,3125781,3*3*53*6553,0,0
1770,1,3,3132903,3*79*13219,0,0
1770,1,5,3132905,5*626581,0,0
1770,1,7,3132907,3132907,1,1
1770,1,11,3132911,317*9883,0,1
1770,1,13,3132913,7*7*17*3761,0,0
1770,1,17,3132917,3132917,1,1
1770,1,19,3132919,101*31019,0,1
1770,1,23,3132923,3132923,1,1
1770,1,29,3132929,19*181*911,0,0
1770,1,31,3132931,541*5791,0,1
1770,1,37,3132937,43*72859,0,1
1770,1,41,3132941,7*73*6131,0,0
1770,1,43,3132943,11*284813,0,1
1770,-1,3,3132897,3*1044299,0,0
1770,-1,5,3132895,5*509*1231,0,0
1770,-1,7,3132893,811*3863,0,1
1770,-1,11,3132889,89*35201,0,1
1770,-1,13,3132887,3132887,1,1
1770,-1,17,3132883,13*53*4547,0,0
1770,-1,19,3132881,3132881,1,1
1770,-1,23,3132877,11*284807,0,1
1770,-1,29,3132871,7*487*919,0,0
1770,-1,31,3132869,281*11149,0,1
1770,-1,37,3132863,419*7477,0,1
1770,-1,41,3132859,3132859,1,1
1770,-1,43,3132857,7*13*173*199,0,0
1772,1,3,3139987,97*32371,0,1
1772,1,5,3139989,3*43*101*241,0,0
1772,1,7,3139991,3139991,1,1
1772,1,11,3139995,3*5*209333,0,0
1772,1,13,3139997,7*19*23609,0,0
1772,1,17,3140001,3*3*348889,0,0
1772,1,19,3140003,347*9049,0,1
1772,1,23,3140007,3*13*80513,0,0
1772,1,29,3140013,3*79*13249,0,0
1772,1,31,3140015,5*379*1657,0,0
1772,1,37,3140021,31*199*509,0,0
1772,1,41,3140025,3*5*5*7*5981,0,0
1772,1,43,3140027,11*285457,0,1
1772,-1,3,3139981,13*241537,0,1
1772,-1,5,3139979,3139979,1,1
1772,-1,7,3139977,3*1046659,0,0
1772,-1,11,3139973,83*37831,0,1
1772,-1,13,3139971,3*1046657,0,0
1772,-1,17,3139967,3139967,1,1
1772,-1,19,3139965,3*3*3*3*5*7753,0,0
1772,-1,23,3139961,11*285451,0,1
1772,-1,29,3139955,5*7*13*67*103,0,0
1772,-1,31,3139953,3*349*2999,0,0
1772,-1,37,3139947,3*3*348883,0,0
1772,-1,41,3139943,3139943,1,1
1772,-1,43,3139941,3*7*149521,0,0
1774,1,3,3147079,13*242083,0,1
1774,1,5,3147081,3*7*149861,0,0
1774,1,7,3147083,3147083,1,1
1774,1,11,3147087,3*53*19793,0,0
1774,1,13,3147089,11*11*31*839,0,0
1774,1,17,3147093,3*3*3*3*3*3*3*1439,0,0
1774,1,19,3147095,5*7*89917,0,0
1774,1,23,3147099,3*139*7547,0,0
1774,1,29,3147105,3*5*13*16139,0,0
1774,1,31,3147107,191*16477,0,1
1774,1,37,3147113,23*293*467,0,0
1774,1,41,3147117,3*1049039,0,0
1774,1,43,3147119,41*59*1301,0,0
1774,-1,3,3147073,47*66959,0,1
1774,-1,5,3147071,1009*3119,0,1
1774,-1,7,3147069,3*1049023,0,0
1774,-1,11,3147065,5*19*157*211,0,0
1774,-1,13,3147063,3*719*1459,0,0
1774,-1,17,3147059,101*31159,0,1
1774,-1,19,3147057,3*3*17*67*307,0,0
1774,-1,23,3147053,7*13*34583,0,0
1774,-1,29,3147047,181*17387,0,1
1774,-1,31,3147045,3*5*11*19073,0,0
1774,-1,37,3147039,3*3*3*7*16651,0,0
1774,-1,41,3147035,5*37*17011,0,0
1774,-1,43,3147033,3*1049011,0,0
1776,1,3,3154179,3*7*7*43*499,0,0
1776,1,5,3154181,149*21169,0,1
1776,1,7,3154183,1289*2447,0,1
1776,1,11,3154187,3154187,1,1
1776,1,13,3154189,53*59513,0,1
1776,1,17,3154193,7*450599,0,1
1776,1,19,3154195,5*11*57349,0,0
1776,1,23,3154199,59*193*277,0,0
1776,1,29,3154205,5*630841,0,0
1776,1,31,3154207,7*450601,0,1
1776,1,37,3154213,37*163*523,0,0
1776,1,41,3154217,11*47*6101,0,0
1776,1,43,3154219,31*101749,0,1
1776,-1,3,3154173,3*11*95581,0,0
1776,-1,5,3154171,19*41*4049,0,0
1776,-1,7,3154169,103*113*271,0,0
1776,-1,11,3154165,5*7*227*397,0,0
1776,-1,13,3154163,17*185539,0,1
1776,-1,17,3154159,67*179*263,0,0
1776,-1,19,3154157,31*101747,0,1
1776,-1,23,3154153,3154153,1,1
1776,-1,29,3154147,3154147,1,1
1776,-1,31,3154145,5*293*2153,0,0
1776,-1,37,3154139,37*85247,0,1
1776,-1,41,3154135,5*630827,0,0
1776,-1,43,3154133,19*109*1523,0,0
1778,1,3,3161287,31*101977,0,1
1778,1,5,3161289,3*421*2503,0,0
1778,1,7,3161291,7*53*8521,0,0
1778,1,11,3161295,3*3*3*5*23417,0,0
1778,1,13,3161297,3161297,1,1
1778,1,17,3161301,3*11*13*7369,0,0
1778,1,19,3161303,17*185959,0,1
1778,1,23,3161307,3*1053769,0,0
1778,1,29,3161313,3*3*351257,0,0
1778,1,31,3161315,5*19*107*311,0,0
1778,1,37,3161321,3161321,1,1
1778,1,41,3161325,3*5*5*61*691,0,0
1778,1,43,3161327,13*23*97*109,0,0
1778,-1,3,3161281,23*137447,0,1
1778,-1,5,3161279,11*59*4871,0,0
1778,-1,7,3161277,3*3*7*19*19*139,0,0
1778,-1,11,3161273,3161273,1,1
1778,-1,13,3161271,3*1053757,0,0
1778,-1,17,3161267,47*67261,0,1
1778,-1,19,3161265,3*5*73*2887,0,0
1778,-1,23,3161261,29*67*1627,0,0
1778,-1,29,3161255,5*632251,0,0
1778,-1,31,3161253,3*239*4409,0,0
1778,-1,37,3161247,3*1053749,0,0
1778,-1,41,3161243,37*85439,0,1
1778,-1,43,3161241,3*3*3*191*613,0,0
1780,1,3,3168403,7*452629,0,1
1780,1,5,3168405,3*3*5*181*389,0,0
1780,1,7,3168407,11*113*2549,0,0
1780,1,11,3168411,3*23*47*977,0,0
1780,1,13,3168413,1109*2857,0,1
1780,1,17,3168417,3*7*31*31*157,0,0
1780,1,19,3168419,73*43403,0,1
1780,1,23,3168423,3*3*3*239*491,0,0
1780,1,29,3168429,3*11*96013,0,0
1780,1,31,3168431,7*452633,0,1
1780,1,37,3168437,683*4639,0,1
1780,1,41,3168441,3*3*352049,0,0
1780,1,43,3168443,17*186379,0,1
1780,-1,3,3168397,503*6299,0,1
1780,-1,5,3168395,5*29*21851,0,0
1780,-1,7,3168393,3*53*19927,0,0
1780,-1,11,3168389,7*7*64661,0,0
1780,-1,13,3168387,3*3*352043,0,0
1780,-1,17,3168383,19*103*1619,0,0
1780,-1,19,3168381,3*457*2311,0,0
1780,-1,23,3168377,107*29611,0,1
1780,-1,29,3168371,3168371,1,1
1780,-1,31,3168369,3*3*3*43*2729,0,0
1780,-1,37,3168363,3*11*67*1433,0,0
1780,-1,41,3168359,59*83*647,0,0
1780,-1,43,3168357,3*41*25759,0,0
1782,1,3,3175527,3*19*55711,0,0
1782,1,5,3175529,7*29*15643,0,0
1782,1,7,3175531,3175531,1,1
1782,1,11,3175535,5*11*57737,0,0
1782,1,13,3175537,1103*2879,0,1
1782,1,17,3175541,23*101*1367,0,0
1782,1,19,3175543,7*7*229*283,0,0
1782,1,23,3175547,31*102437,0,1
1782,1,29,3175553,3175553,1,1
1782,1,31,3175555,5*47*13513,0,0
1782,1,37,3175561,3175561,1,1
1782,1,41,3175565,5*19*33427,0,0
1782,1,43,3175567,3175567,1,1
1782,-1,3,3175521,3*1058507,0,0
1782,-1,5,3175519,401*7919,0,1
1782,-1,7,3175517,3175517,1,1
1782,-1,11,3175513,11*288683,0,1
1782,-1,13,3175511,1327*2393,0,1
1782,-1,17,3175507,43*73849,0,1
1782,-1,19,3175505,5*167*3803,0,0
1782,-1,23,3175501,7*453643,0,1
1782,-1,29,3175495,5*23*53*521,0,0
1782,-1,31,3175493,937*3389,0,1
1782,-1,37,3175487,7*453641,0,1
1782,-1,41,3175483,739*4297,0,1
1782,-1,43,3175481,17*186793,0,1
1784,1,3,3182659,3182659,1,1
1784,1,5,3182661,3*3*353629,0,0
1784,1,7,3182663,11*11*29*907,0,0
1784,1,11,3182667,3*97*10937,0,0
1784,1,13,3182669,7*307*1481,0,0
1784,1,17,3182673,3*13*79*1033,0,0
1784,1,19,3182675,5*5*61*2087,0,0
1784,1,23,3182679,3*3*3*117877,0,0
1784,1,29,3182685,3*5*11*19289,0,0
1784,1,31,3182687,3182687,1,1
1784,1,37,3182693,1433*2221,0,1
1784,1,41,3182697,3*3*7*7*7*1031,0,0
1784,1,43,3182699,13*47*5209,0,0
1784,-1,3,3182653,3182653,1,1
1784,-1,5,3182651,1129*2819,0,1
1784,-1,7,3182649,3*1060883,0,0
1784,-1,11,3182645,5*43*113*131,0,0
1784,-1,13,3182643,3*3*353627,0,0
1784,-1,17,3182639,563*5653,0,1
1784,-1,19,3182637,3*59*17981,0,0
1784,-1,23,3182633,19*191*877,0,0
1784,-1,29,3182627,7*151*3011,0,0
1784,-1,31,3182625,3*3*3*5*5*5*23*41,0,0
1784,-1,37,3182619,3*11*96443,0,0
1784,-1,41,3182615,5*31*20533,0,0
1784,-1,43,3182613,3*7*151553,0,0
1786,1,3,3189799,3189799,1,1
1786,1,5,3189801,3*23*46229,0,0
1786,1,7,3189803,67*47609,0,1
1786,1,11,3189807,3*3*3*31*37*103,0,0
1786,1,13,3189809,7*455687,0,1
1786,1,17,3189813,3*11*96661,0,0
1786,1,19,3189815,5*19*33577,0,0
1786,1,23,3189819,3*1063273,0,0
1786,1,29,3189825,3*3*5*5*14177,0,0
1786,1,31,3189827,3189827,1,1
1786,1,37,3189833,3189833,1,1
1786,1,41,3189837,3*7*151897,0,0
1786,1,43,3189839,3189839,1,1
1786,-1,3,3189793,3189793,1,1
1786,-1,5,3189791,11*409*709,0,0
1786,-1,7,3189789,3*3*354421,0,0
1786,-1,11,3189785,5*607*1051,0,0
1786,-1,13,3189783,3*43*79*313,0,0
1786,-1,17,3189779,3189779,1,1
1786,-1,19,3189777,3*19*107*523,0,0
1786,-1,23,3189773,83*38431,0,1
1786,-1,29,3189767,7*455681,0,1
1786,-1,31,3189765,3*5*212651,0,0
1786,-1,37,3189759,3*41*25933,0,0
1786,-1,41,3189755,5*23*27737,0,0
1786,-1,43,3189753,3*3*3*7*7*2411,0,0
1788,1,3,3196947,3*13*81973,0,0
1788,1,5,3196949,7*61*7487,0,0
1788,1,7,3196951,3196951,1,1
1788,1,11,3196955,5*639391,0,0
1788,1,13,3196957,3196957,1,1
1788,1,17,3196961,761*4201,0,1
1788,1,19,3196963,7*11*41519,0,0
1788,1,23,3196967,1181*2707,0,1
1788,1,29,3196973,13*13*18917,0,0
1788,1,31,3196975,5*5*41*3119,0,0
1788,1,37,3196981,3196981,1,1
1788,1,41,3196985,5*11*37*1571,0,0
1788,1,43,3196987,47*251*271,0,0
1788,-1,3,3196941,3*11*11*8807,0,0
1788,-1,5,3196939,3196939,1,1
1788,-1,7,3196937,31*281*367,0,0
1788,-1,11,3196933,3196933,1,1
1788,-1,13,3196931,23*29*4793,0,0
1788,-1,17,3196927,3196927,1,1
1788,-1,19,3196925,5*5*127877,0,0
1788,-1,23,3196921,7*13*19*43*43,0,0
1788,-1,29,3196915,5*59*10837,0,0
1788,-1,31,3196913,3196913,1,1
1788,-1,37,3196907,7*7*53*1231,0,0
1788,-1,41,3196903,3196903,1,1
1788,-1,43,3196901,17*383*491,0,0
1790,1,3,3204103,7*19*24091,0,0
1790,1,5,3204105,3*5*227*941,0,0
1790,1,7,3204107,23*139309,0,1
1790,1,11,3204111,3*1068037,0,0
1790,1,13,3204113,11*59*4937,0,0
1790,1,17,3204117,3*3*3*3*7*5651,0,0
1790,1,19,3204119,1013*3163,0,1
1790,1,23,3204123,3*13*29*2833,0,0
1790,1,29,3204129,3*31*131*263,0,0
1790,1,31,3204131,7*47*9739,0,0
1790,1,37,3204137,3204137,1,1
1790,1,41,3204141,3*19*67*839,0,0
1790,1,43,3204143,17*17*11087,0,0
1790,-1,3,3204097,13*246469,0,1
1790,-1,5,3204095,5*241*2659,0,0
1790,-1,7,3204093,3*419*2549,0,0
1790,-1,11,3204089,7*37*89*139,0,0
1790,-1,13,3204087,3*467*2287,0,0
1790,-1,17,3204083,127*25229,0,1
1790,-1,19,3204081,3*3*577*617,0,0
1790,-1,23,3204077,1303*2459,0,1
1790,-1,29,3204071,13*13*18959,0,0
1790,-1,31,3204069,3*11*151*643,0,0
1790,-1,37,3204063,3*3*3*118669,0,0
1790,-1,41,3204059,43*269*277,0,0
1790,-1,43,3204057,3*1068019,0,0
1792,1,3,3211267,37*229*379,0,0
1792,1,5,3211269,3*1070423,0,0
1792,1,7,3211271,7*79*5807,0,0
1792,1,11,3211275,3*5*5*47*911,0,0
1792,1,13,3211277,947*3391,0,1
1792,1,17,3211281,3*3*509*701,0,0
1792,1,19,3211283,17*23*43*191,0,0
1792,1,23,3211287,3*1070429,0,0
1792,1,29,3211293,3*1070431,0,0
1792,1,31,3211295,5*101*6359,0,0
1792,1,37,3211301,3211301,1,1
1792,1,41,3211305,3*5*214087,0,0
1792,1,43,3211307,11*443*659,0,0
1792,-1,3,3211261,277*11593,0,1
1792,-1,5,3211259,31*71*1459,0,0
1792,-1,7,3211257,3*7*29*5273,0,0
1792,-1,11,3211253,1663*1931,0,1
1792,-1,13,3211251,3*1070417,0,0
1792,-1,17,3211247,13*19*13001,0,0
1792,-1,19,3211245,3*3*3*3*3*3*5*881,0,0
1792,-1,23,3211241,11*353*827,0,0
1792,-1,29,3211235,5*642247,0,0
1792,-1,31,3211233,3*1070411,0,0
1792,-1,37,3211227,3*3*356803,0,0
1792,-1,41,3211223,61*61*863,0,0
1792,-1,43,3211221,3*13*82339,0,0
1794,1,3,3218439,3*7*153259,0,0
1794,1,5,3218441,103*31247,0,1
1794,1,7,3218443,109*29527,0,1
1794,1,11,3218447,3218447,1,1
1794,1,13,3218449,13*29*8537,0,0
1794,1,17,3218453,7*107*4297,0,0
1794,1,19,3218455,5*643691,0,0
1794,1,23,3218459,23*41*3413,0,0
1794,1,29,3218465,5*643693,0,0
1794,1,31,3218467,7*7*19*3457,0,0
1794,1,37,3218473,3218473,1,1
1794,1,41,3218477,3218477,1,1
1794,1,43,3218479,11*11*67*397,0,0
1794,-1,3,3218433,3*1072811,0,0
1794,-1,5,3218431,3218431,1,1
1794,-1,7,3218429,19*233*727,0,0
1794,-1,11,3218425,5*5*7*53*347,0,0
1794,-1,13,3218423,13*17*14563,0,0
1794,-1,17,3218419,47*68477,0,1
1794,-1,19,3218417,3218417,1,1
1794,-1,23,3218413,11*23*12721,0,0
1794,-1,29,3218407,509*6323,0,1
1794,-1,31,3218405,5*643681,0,0
1794,-1,37,3218399,3218399,1,1
1794,-1,41,3218395,5*443*1453,0,0
1794,-1,43,3218393,1693*1901,0,1
1796,1,3,3225619,61*52879,0,1
1796,1,5,3225621,3*7*7*21943,0,0
1796,1,7,3225623,37*87179,0,1
1796,1,11,3225627,3*3*89*4027,0,0
1796,1,13,3225629,11*83*3533,0,0
1796,1,17,3225633,3*53*20287,0,0
1796,1,19,3225635,5*7*23*4007,0,0
1796,1,23,3225639,3*829*1297,0,0
1796,1,29,3225645,3*3*5*43*1667,0,0
1796,1,31,3225647,3225647,1,1
1796,1,37,3225653,3225653,1,1
1796,1,41,3225657,3*47*22877,0,0
1796,1,43,3225659,547*5897,0,1
1796,-1,3,3225613,131*24623,0,1
1796,-1,5,3225611,19*169769,0,1
1796,-1,7,3225609,3*3*3*193*619,0,0
1796,-1,11,3225605,5*167*3863,0,0
1796,-1,13,3225603,3*1075201,0,0
1796,-1,17,3225599,13*281*883,0,0
1796,-1,19,3225597,3*17*63247,0,0
1796,-1,23,3225593,7*41*11239,0,0
1796,-1,29,3225587,557*5791,0,1
1796,-1,31,3225585,3*5*11*113*173,0,0
1796,-1,37,3225579,3*7*269*571,0,0
1796,-1,41,3225575,5*5*129023,0,0
1796,-1,43,3225573,3*3*13*19*1451,0,0
1798,1,3,3232807,1657*1951,0,1
1798,1,5,3232809,3*3*41*8761,0,0
1798,1,7,3232811,23*140557,0,1
1798,1,11,3232815,3*5*215521,0,0
1798,1,13,3232817,7*61*67*113,0,0
1798,1,17,3232821,3*1077607,0,0
1798,1,19,3232823,11*293893,0,1
1798,1,23,3232827,3*3*13*27631,0,0
1798,1,29,3232833,3*29*37159,0,0
1798,1,31,3232835,5*31*20857,0,0
1798,1,37,3232841,53*181*337,0,0
1798,1,41,3232845,3*3*3*5*7*11*311,0,0
1798,1,43,3232847,3232847,1,1
1798,-1,3,3232801,11*13*13*37*47,0,0
1798,-1,5,3232799,3232799,1,1
1798,-1,7,3232797,3*1077599,0,0
1798,-1,11,3232793,19*229*743,0,0
1798,-1,13,3232791,3*3*3*3*107*373,0,0
1798,-1,17,3232787,59*157*349,0,0
1798,-1,19,3232785,3*5*127*1697,0,0
1798,-1,23,3232781,503*6427,0,1
1798,-1,29,3232775,5*5*7*7*7*13*29,0,0
1798,-1,31,3232773,3*3*31*11587,0,0
1798,-1,37,3232767,3*83*12983,0,0
1798,-1,41,3232763,1549*2087,0,1
1798,-1,43,3232761,3*7*153941,0,0
1800,1,3,3240003,3*13*83077,0,0
1800,1,5,3240005,5*149*4349,0,0
1800,1,7,3240007,43*151*499,0,0
1800,1,11,3240011,487*6653,0,1
1800,1,13,3240013,7*17*19*1433,0,0
1800,1,17,3240017,11*11*26777,0,0
1800,1,19,3240019,3240019,1,1
1800,1,23,3240023,131*24733,0,1
1800,1,29,3240029,13*249233,0,1
1800,1,31,3240031,3240031,1,1
1800,1,37,3240037,3240037,1,1
1800,1,41,3240041,7*462863,0,1
1800,1,43,3240043,3240043,1,1
1800,-1,3,3239997,3*1079999,0,0
1800,-1,5,3239995,5*11*58909,0,0
1800,-1,7,3239993,1699*1907,0,1
1800,-1,11,3239989,3239989,1,1
1800,-1,13,3239987,23*140869,0,1
1800,-1,17,3239983,3239983,1,1
1800,-1,19,3239981,389*8329,0,1
1800,-1,23,3239977,13*249229,0,1
1800,-1,29,3239971,7*227*2039,0,0
1800,-1,31,3239969,3239969,1,1
1800,-1,37,3239963,3239963,1,1
1800,-1,41,3239959,73*44383,0,1
1800,-1,43,3239957,7*462851,0,1
1802,1,3,3247207,3247207,1,1
1802,1,5,3247209,3*3*3*3*3*7*23*83,0,0
1802,1,7,3247211,11*295201,0,1
1802,1,11,3247215,3*5*216481,0,0
1802,1,13,3247217,29*111973,0,1
1802,1,17,3247221,3*17*63671,0,0
1802,1,19,3247223,7*463889,0,1
1802,1,23,3247227,3*3*360803,0,0
1802,1,29,3247233,3*11*19*5179,0,0
1802,1,31,3247235,5*227*2861,0,0
1802,1,37,3247241,41*79201,0,1
1802,1,41,3247245,3*3*5*72161,0,0
1802,1,43,3247247,353*9199,0,1
1802,-1,3,3247201,1213*2677,0,1
1802,-1,5,3247199,3247199,1,1
1802,-1,7,3247197,3*1082399,0,0
1802,-1,11,3247193,829*3917,0,1
1802,-1,13,3247191,3*3*191*1889,0,0
1802,-1,17,3247187,17*251*761,0,0
1802,-1,19,3247185,3*5*71*3049,0,0
1802,-1,23,3247181,7*7*7*9467,0,0
1802,-1,29,3247175,5*5*129887,0,0
1802,-1,31,3247173,3*3*421*857,0,0
1802,-1,37,3247167,3*7*11*14057,0,0
1802,-1,41,3247163,23*141181,0,1
1802,-1,43,3247161,3*1082387,0,0
1804,1,3,3254419,7*464917,0,1
1804,1,5,3254421,3*47*23081,0,0
1804,1,7,3254423,3254423,1,1
1804,1,11,3254427,3*3*11*71*463,0,0
1804,1,13,3254429,17*17*11261,0,0
1804,1,17,3254433,3*7*7*13*13*131,0,0
1804,1,19,3254435,5*137*4751,0,0
1804,1,23,3254439,3*271*4003,0,0
1804,1,29,3254445,3*3*3*5*24107,0,0
1804,1,31,3254447,7*97*4793,0,0
1804,1,37,3254453,19*157*1091,0,0
1804,1,41,3254457,3*41*26459,0,0
1804,1,43,3254459,13*250343,0,1
1804,-1,3,3254413,73*109*409,0,0
1804,-1,5,3254411,31*61*1721,0,0
1804,-1,7,3254409,3*3*29*37*337,0,0
1804,-1,11,3254405,5*7*11*79*107,0,0
1804,-1,13,3254403,3*887*1223,0,0
1804,-1,17,3254399,179*18181,0,1
1804,-1,19,3254397,3*1084799,0,0
1804,-1,23,3254393,3254393,1,1
1804,-1,29,3254387,977*3331,0,1
1804,-1,31,3254385,3*5*23*9433,0,0
1804,-1,37,3254379,3*1084793,0,0
1804,-1,41,3254375,5*5*5*5*41*127,0,0
1804,-1,43,3254373,3*3*419*863,0,0
1806,1,3,3261639,3*631*1723,0,0
1806,1,5,3261641,3261641,1,1
1806,1,7,3261643,7*11*42359,0,0
1806,1,11,3261647,229*14243,0,1
1806,1,13,3261649,1747*1867,0,1
1806,1,17,3261653,23*141811,0,1
1806,1,19,3261655,5*652331,0,0
1806,1,23,3261659,29*47*2393,0,0
1806,1,29,3261665,5*11*31*1913,0,0
1806,1,31,3261667,3261667,1,1
1806,1,37,3261673,19*41*53*79,0,0
1806,1,41,3261677,167*19531,0,1
1806,1,43,3261679,43*75853,0,1
1806,-1,3,3261633,3*239*4549,0,0
1806,-1,5,3261631,3261631,1,1
1806,-1,7,3261629,7*465947,0,1
1806,-1,11,3261625,5*5*5*97*269,0,0
1806,-1,13,3261623,859*3797,0,1
1806,-1,17,3261619,3261619,1,1
1806,-1,19,3261617,3261617,1,1
1806,-1,23,3261613,317*10289,0,1
1806,-1,29,3261607,23*109*1301,0,0
1806,-1,31,3261605,5*652321,0,0
1806,-1,37,3261599,11*296509,0,1
1806,-1,41,3261595,5*652319,0,0
1806,-1,43,3261593,43*101*751,0,0
1808,1,3,3268867,7*73*6397,0,0
1808,1,5,3268869,3*367*2969,0,0
1808,1,7,3268871,3268871,1,1
1808,1,11,3268875,3*5*5*5*23*379,0,0
1808,1,13,3268877,277*11801,0,1
1808,1,17,3268881,3*3*7*11*53*89,0,0
1808,1,19,3268883,919*3557,0,1
1808,1,23,3268887,3*1089629,0,0
1808,1,29,3268893,3*19*57349,0,0
1808,1,31,3268895,5*7*59*1583,0,0
1808,1,37,3268901,3268901,1,1
1808,1,41,3268905,3*5*383*569,0,0
1808,1,43,3268907,3268907,1,1
1808,-1,3,3268861,3268861,1,1
1808,-1,5,3268859,11*297169,0,1
1808,-1,7,3268857,3*31*35149,0,0
1808,-1,11,3268853,7*127*3677,0,0
1808,-1,13,3268851,3*29*37573,0,0
1808,-1,17,3268847,3268847,1,1
1808,-1,19,3268845,3*3*5*17*4273,0,0
1808,-1,23,3268841,193*16937,0,1
1808,-1,29,3268835,5*173*3779,0,0
1808,-1,31,3268833,3*1089611,0,0
1808,-1,37,3268827,3*3*263*1381,0,0
1808,-1,41,3268823,3268823,1,1
1808,-1,43,3268821,3*197*5531,0,0
1810,1,3,3276103,3276103,1,1
1810,1,5,3276105,3*5*7*41*761,0,0
1810,1,7,3276107,3276107,1,1
1810,1,11,3276111,3*31*35227,0,0
1810,1,13,3276113,19*172427,0,1
1810,1,17,3276117,3*3*13*28001,0,0
1810,1,19,3276119,7*11*157*271,0,0
1810,1,23,3276123,3*1092041,0,0
1810,1,29,3276129,3*1092043,0,0
1810,1,31,3276131,3276131,1,1
1810,1,37,3276137,101*163*199,0,0
1810,1,41,3276141,3*11*99277,0,0
1810,1,43,3276143,13*23*10957,0,0
1810,-1,3,3276097,11*23*23*563,0,0
1810,-1,5,3276095,5*655219,0,0
1810,-1,7,3276093,3*59*83*223,0,0
1810,-1,11,3276089,53*61813,0,1
1810,-1,13,3276087,3*17*64237,0,0
1810,-1,17,3276083,3276083,1,1
1810,-1,19,3276081,3*3*137*2657,0,0
1810,-1,23,3276077,7*468011,0,1
1810,-1,29,3276071,3276071,1,1
1810,-1,31,3276069,3*1092023,0,0
1810,-1,37,3276063,3*3*7*149*349,0,0
1810,-1,41,3276059,373*8783,0,1
1810,-1,43,3276057,3*1092019,0,0
1812,1,3,3283347,3*1094449,0,0
1812,1,5,3283349,3283349,1,1
1812,1,7,3283351,29*43*2633,0,0
1812,1,11,3283355,5*656671,0,0
1812,1,13,3283357,7*11*42641,0,0
1812,1,17,3283361,3283361,1,1
1812,1,19,3283363,17*193139,0,1
1812,1,23,3283367,173*18979,0,1
1812,1,29,3283373,47*69859,0,1
1812,1,31,3283375,5*5*5*26267,0,0
1812,1,37,3283381,3283381,1,1
1812,1,41,3283385,5*7*93811,0,0
1812,1,43,3283387,167*19661,0,1
1812,-1,3,3283341,3*157*6971,0,0
1812,-1,5,3283339,3283339,1,1
1812,-1,7,3283337,3283337,1,1
1812,-1,11,3283333,19*172807,0,1
1812,-1,13,3283331,103*127*251,0,0
1812,-1,17,3283327,3283327,1,1
1812,-1,19,3283325,5*5*61*2153,0,0
1812,-1,23,3283321,41*73*1097,0,0
1812,-1,29,3283315,5*7*93809,0,0
1812,-1,31,3283313,11*298483,0,1
1812,-1,37,3283307,3283307,1,1
1812,-1,41,3283303,31*105913,0,1
1812,-1,43,3283301,7*199*2357,0,0
1814,1,3,3290599,13*13*19471,0,0
1814,1,5,3290601,3*29*109*347,0,0
1814,1,7,3290603,137*24019,0,1
1814,1,11,3290607,3*3*59*6197,0,0
1814,1,13,3290609,7*470087,0,1
1814,1,17,3290613,3*1096871,0,0
1814,1,19,3290615,5*658123,0,0
1814,1,23,3290619,3*31*41*863,0,0
1814,1,29,3290625,3*3*3*3*5*5*5*5*5*13,0,0
1814,1,31,3290627,1471*2237,0,1
1814,1,37,3290633,23*173*827,0,0
1814,1,41,3290637,3*7*71*2207,0,0
1814,1,43,3290639,11*17*17597,0,0
1814,-1,3,3290593,3290593,1,1
1814,-1,5,3290591,19*173189,0,1
1814,-1,7,3290589,3*3*131*2791,0,0
1814,-1,11,3290585,5*658117,0,0
1814,-1,13,3290583,3*1096861,0,0
1814,-1,17,3290579,3290579,1,1
1814,-1,19,3290577,3*1096859,0,0
1814,-1,23,3290573,11*13*23011,0,0
1814,-1,29,3290567,7*470081,0,1
1814,-1,31,3290565,3*5*219371,0,0
1814,-1,37,3290559,3*1096853,0,0
1814,-1,41,3290555,5*658111,0,0
1814,-1,43,3290553,3*3*7*19*2749,0,0
1816,1,3,3297859,3297859,1,1
1816,1,5,3297861,3*3*3*7*17449,0,0
1816,1,7,3297863,547*6029,0,1
1816,1,11,3297867,3*1099289,0,0
1816,1,13,3297869,3297869,1,1
1816,1,17,3297873,3*31*35461,0,0
1816,1,19,3297875,5*5*5*7*3769,0,0
1816,1,23,3297879,3*3*13*71*397,0,0
1816,1,29,3297885,3*5*43*5113,0,0
1816,1,31,3297887,19*173573,0,1
1816,1,37,3297893,1303*2531,0,1
1816,1,41,3297897,3*3*366433,0,0
1816,1,43,3297899,11*173*1733,0,0
1816,-1,3,3297853,13*253681,0,1
1816,-1,5,3297851,29*113719,0,1
1816,-1,7,3297849,3*19*47*1231,0,0
1816,-1,11,3297845,5*659569,0,0
1816,-1,13,3297843,3*3*61*6007,0,0
1816,-1,17,3297839,83*39733,0,1
1816,-1,19,3297837,3*1099279,0,0
1816,-1,23,3297833,7*11*42829,0,0
1816,-1,29,3297827,13*253679,0,1
1816,-1,31,3297825,3*3*5*5*14657,0,0
1816,-1,37,3297819,3*7*53*2963,0,0
1816,-1,41,3297815,5*659563,0,0
1816,-1,43,3297813,3*17*64663,0,0
1818,1,3,3305127,3*7*31*5077,0,0
1818,1,5,3305129,409*8081,0,1
1818,1,7,3305131,239*13829,0,1
1818,1,11,3305135,5*661027,0,0
1818,1,13,3305137,11*113*2659,0,0
1818,1,17,3305141,7*472163,0,1
1818,1,19,3305143,83*39821,0,1
1818,1,23,3305147,3305147,1,1
1818,1,29,3305153,373*8861,0,1
1818,1,31,3305155,5*7*94433,0,0
1818,1,37,3305161,1759*1879,0,1
1818,1,41,3305165,5*173*3821,0,0
1818,1,43,3305167,103*32089,0,1
1818,-1,3,3305121,3*59*71*263,0,0
1818,-1,5,3305119,3305119,1,1
1818,-1,7,3305117,3305117,1,1
1818,-1,11,3305113,7*472159,0,1
1818,-1,13,3305111,3305111,1,1
1818,-1,17,3305107,13*19*13381,0,0
1818,-1,19,3305105,5*233*2837,0,0
1818,-1,23,3305101,29*113969,0,1
1818,-1,29,3305095,5*661019,0,0
1818,-1,31,3305093,11*300463,0,1
1818,-1,37,3305087,47*70321,0,1
1818,-1,41,3305083,223*14821,0,1
1818,-1,43,3305081,13*97*2621,0,0
1820,1,3,3312403,19*174337,0,1
1820,1,5,3312405,3*3*5*73609,0,0
1820,1,7,3312407,7*473201,0,1
1820,1,11,3312411,3*1104137,0,0
1820,1,13,3312413,13*67*3803,0,0
1820,1,17,3312417,3*1104139,0,0
1820,1,19,3312419,11*43*47*149,0,0
1820,1,23,3312423,3*3*368047,0,0
1820,1,29,3312429,3*877*1259,0,0
1820,1,31,3312431,41*173*467,0,0
1820,1,37,3312437,23*59*2441,0,0
1820,1,41,3312441,3*3*3*11*19*587,0,0
1820,1,43,3312443,31*106853,0,1
1820,-1,3,3312397,11*301127,0,1
1820,-1,5,3312395,5*179*3701,0,0
1820,-1,7,3312393,3*7*157733,0,0
1820,-1,11,3312389,3312389,1,1
1820,-1,13,3312387,3*3*3*13*9437,0,0
1820,-1,17,3312383,3312383,1,1
1820,-1,19,3312381,3*31*35617,0,0
1820,-1,23,3312377,103*32159,0,1
1820,-1,29,3312371,571*5801,0,1
1820,-1,31,3312369,3*3*113*3257,0,0
1820,-1,37,3312363,3*71*15551,0,0
1820,-1,41,3312359,349*9491,0,1
1820,-1,43,3312357,3*1104119,0,0
1822,1,3,3319687,7*474241,0,1
1822,1,5,3319689,3*1106563,0,0
1822,1,7,3319691,631*5261,0,1
1822,1,11,3319695,3*3*5*73771,0,0
1822,1,13,3319697,31*173*619,0,0
1822,1,17,3319701,3*7*7*11*2053,0,0
1822,1,19,3319703,3319703,1,1
1822,1,23,3319707,3*1106569,0,0
1822,1,29,3319713,3*3*368857,0,0
1822,1,31,3319715,5*7*94849,0,0
1822,1,37,3319721,181*18341,0,1
1822,1,41,3319725,3*5*5*44263,0,0
1822,1,43,3319727,3319727,1,1
1822,-1,3,3319681,61*54421,0,1
1822,-1,5,3319679,11*301789,0,1
1822,-1,7,3319677,3*3*3*37*3323,0,0
1822,-1,11,3319673,7*359*1321,0,0
1822,-1,13,3319671,3*131*8447,0,0
1822,-1,17,3319667,13*13*13*1511,0,0
1822,-1,19,3319665,3*5*221311,0,0
1822,-1,23,3319661,19*379*461,0,0
1822,-1,29,3319655,5*53*12527,0,0
1822,-1,31,3319653,3*127*8713,0,0
1822,-1,37,3319647,3*41*137*197,0,0
1822,-1,41,3319643,43*77201,0,1
1822,-1,43,3319641,3*3*13*17*1669,0,0
1824,1,3,3326979,3*1108993,0,0
1824,1,5,3326981,7*475283,0,1
1824,1,7,3326983,11*151*2003,0,0
1824,1,11,3326987,157*21191,0,1
1824,1,13,3326989,47*71*997,0,0
1824,1,17,3326993,163*20411,0,1
1824,1,19,3326995,5*7*19*5003,0,0
1824,1,23,3326999,13*255923,0,1
1824,1,29,3327005,5*11*241*251,0,0
1824,1,31,3327007,109*131*233,0,0
1824,1,37,3327013,31*107323,0,1
1824,1,41,3327017,349*9533,0,1
1824,1,43,3327019,17*23*67*127,0,0
1824,-1,3,3326973,3*13*23*3709,0,0
1824,-1,5,3326971,3326971,1,1
1824,-1,7,3326969,53*62773,0,1
1824,-1,11,3326965,5*139*4787,0,0
1824,-1,13,3326963,173*19231,0,1
1824,-1,17,3326959,307*10837,0,1
1824,-1,19,3326957,19*175103,0,1
1824,-1,23,3326953,7*7*43*1579,0,0
1824,-1,29,3326947,13*255919,0,1
1824,-1,31,3326945,5*41*16229,0,0
1824,-1,37,3326939,7*11*43207,0,0
1824,-1,41,3326935,5*665387,0,0
1824,-1,43,3326933,3326933,1,1
1826,1,3,3334279,13*256483,0,1
1826,1,5,3334281,3*1111427,0,0
1826,1,7,3334283,53*53*1187,0,0
1826,1,11,3334287,3*11*23*23*191,0,0
1826,1,13,3334289,7*239*1993,0,0
1826,1,17,3334293,3*3*370477,0,0
1826,1,19,3334295,5*17*39227,0,0
1826,1,23,3334299,3*1111433,0,0
1826,1,29,3334305,3*5*13*17099,0,0
1826,1,31,3334307,3334307,1,1
1826,1,37,3334313,101*33013,0,1
1826,1,41,3334317,3*7*158777,0,0
1826,1,43,3334319,479*6961,0,1
1826,-1,3,3334273,3334273,1,1
1826,-1,5,3334271,3334271,1,1
1826,-1,7,3334269,3*1111423,0,0
1826,-1,11,3334265,5*11*60623,0,0
1826,-1,13,3334263,3*43*25847,0,0
1826,-1,17,3334259,1709*1951,0,1
1826,-1,19,3334257,3*3*3*123491,0,0
1826,-1,23,3334253,13*19*13499,0,0
1826,-1,29,3334247,7*373*1277,0,0
1826,-1,31,3334245,3*5*199*1117,0,0
1826,-1,37,3334239,3*3*370471,0,0
1826,-1,41,3334235,5*241*2767,0,0
1826,-1,43,3334233,3*7*179*887,0,0
1828,1,3,3341587,19*175873,0,1
1828,1,5,3341589,3*1113863,0,0
1828,1,7,3341591,11*303781,0,1
1828,1,11,3341595,3*5*222773,0,0
1828,1,13,3341597,7*53*9007,0,0
1828,1,17,3341601,3*3*3*23*5381,0,0
1828,1,19,3341603,3341603,1,1
1828,1,23,3341607,3*211*5279,0,0
1828,1,29,3341613,3*11*109*929,0,0
1828,1,31,3341615,5*71*9413,0,0
1828,1,37,3341621,79*42299,0,1
1828,1,41,3341625,3*5*5*5*7*19*67,0,0
1828,1,43,3341627,3341627,1,1
1828,-1,3,3341581,37*90313,0,1
1828,-1,5,3341579,3341579,1,1
1828,-1,7,3341577,3*1113859,0,0
1828,-1,11,3341573,43*77711,0,1
1828,-1,13,3341571,3*17*65521,0,0
1828,-1,17,3341567,137*24391,0,1
1828,-1,19,3341565,3*3*5*74257,0,0
1828,-1,23,3341561,3341561,1,1
1828,-1,29,3341555,5*7*7*23*593,0,0
1828,-1,31,3341553,3*97*11483,0,0
1828,-1,37,3341547,3*3*3*11*11251,0,0
1828,-1,41,3341543,431*7753,0,1
1828,-1,43,3341541,3*7*41*3881,0,0
1830,1,3,3348903,3*1116301,0,0
1830,1,5,3348905,5*7*7*13669,0,0
1830,1,7,3348907,37*90511,0,1
1830,1,11,3348911,53*179*353,0,0
1830,1,13,3348913,3348913,1,1
1830,1,17,3348917,11*11*13*2129,0,0
1830,1,19,3348919,7*478417,0,1
1830,1,23,3348923,997*3359,0,1
1830,1,29,3348929,3348929,1,1
1830,1,31,3348931,227*14753,0,1
1830,1,37,3348937,3348937,1,1
1830,1,41,3348941,1319*2539,0,1
1830,1,43,3348943,13*257611,0,1
1830,-1,3,3348897,3*347*3217,0,0
1830,-1,5,3348895,5*11*60889,0,0
1830,-1,7,3348893,3348893,1,1
1830,-1,11,3348889,79*42391,0,1
1830,-1,13,3348887,3348887,1,1
1830,-1,17,3348883,19*43*4099,0,0
1830,-1,19,3348881,17*196993,0,1
1830,-1,23,3348877,7*478411,0,1
1830,-1,29,3348871,1009*3319,0,1
1830,-1,31,3348869,23*145603,0,1
1830,-1,37,3348863,7*127*3767,0,0
1830,-1,41,3348859,821*4079,0,1
1830,-1,43,3348857,71*101*467,0,0
1832,1,3,3356227,7*479461,0,1
1832,1,5,3356229,3*23*127*383,0,0
1832,1,7,3356231,67*50093,0,1
1832,1,11,3356235,3*3*3*3*5*8287,0,0
1832,1,13,3356237,3356237,1,1
1832,1,17,3356241,3*7*71*2251,0,0
1832,1,19,3356243,11*305113,0,1
1832,1,23,3356247,3*1118749,0,0
1832,1,29,3356253,3*3*372917,0,0
1832,1,31,3356255,5*7*7*7*19*103,0,0
1832,1,37,3356261,1499*2239,0,1
1832,1,41,3356265,3*5*11*20341,0,0
1832,1,43,3356267,3356267,1,1
1832,-1,3,3356221,11*305111,0,1
1832,-1,5,3356219,41*109*751,0,0
1832,-1,7,3356217,3*3*19*19*1033,0,0
1832,-1,11,3356213,7*113*4243,0,0
1832,-1,13,3356211,3*1118737,0,0
1832,-1,17,3356207,863*3889,0,1
1832,-1,19,3356205,3*5*223747,0,0
1832,-1,23,3356201,1399*2399,0,1
1832,-1,29,3356195,5*227*2957,0,0
1832,-1,31,3356193,3*43*26017,0,0
1832,-1,37,3356187,3*691*1619,0,0
1832,-1,41,3356183,23*337*433,0,0
1832,-1,43,3356181,3*3*3*124303,0,0
1834,1,3,3363559,37*90907,0,1
1834,1,5,3363561,3*3*503*743,0,0
1834,1,7,3363563,7*480509,0,1
1834,1,11,3363567,3*1121189,0,0
1834,1,13,3363569,11*17*17987,0,0
1834,1,17,3363573,3*1121191,0,0
1834,1,19,3363575,5*5*83*1621,0,0
1834,1,23,3363579,3*3*3*124577,0,0
1834,1,29,3363585,3*5*224239,0,0
1834,1,31,3363587,3363587,1,1
1834,1,37,3363593,31*108503,0,1
1834,1,41,3363597,3*3*337*1109,0,0
1834,1,43,3363599,41*82039,0,1
1834,-1,3,3363553,1091*3083,0,1
1834,-1,5,3363551,19*211*839,0,0
1834,-1,7,3363549,3*7*160169,0,0
1834,-1,11,3363545,5*107*6287,0,0
1834,-1,13,3363543,3*3*23*16249,0,0
1834,-1,17,3363539,53*63463,0,1
1834,-1,19,3363537,3*1121179,0,0
1834,-1,23,3363533,643*5231,0,1
1834,-1,29,3363527,3363527,1,1
1834,-1,31,3363525,3*3*3*3*5*5*11*151,0,0
1834,-1,37,3363519,3*1121173,0,0
1834,-1,41,3363515,5*672703,0,0
1834,-1,43,3363513,3*19*59009,0,0
1836,1,3,3370899,3*7*43*3733,0,0
1836,1,5,3370901,1663*2027,0,1
1836,1,7,3370903,23*113*1297,0,0
1836,1,11,3370907,3370907,1,1
1836,1,13,3370909,31*108739,0,1
1836,1,17,3370913,7*13*17*2179,0,0
1836,1,19,3370915,5*674183,0,0
1836,1,23,3370919,3370919,1,1
1836,1,29,3370925,5*5*134837,0,0
1836,1,31,3370927,7*397*1213,0,0
1836,1,37,3370933,3370933,1,1
1836,1,41,3370937,3370937,1,1
1836,1,43,3370939,11*11*13*2143,0,0
1836,-1,3,3370893,3*1123631,0,0
1836,-1,5,3370891,1301*2591,0,1
1836,-1,7,3370889,139*24251,0,1
1836,-1,11,3370885,5*7*19*37*137,0,0
1836,-1,13,3370883,3370883,1,1
1836,-1,17,3370879,17*83*2389,0,0
1836,-1,19,3370877,3370877,1,1
1836,-1,23,3370873,11*29*10567,0,0
1836,-1,29,3370867,71*197*241,0,0
1836,-1,31,3370865,5*674173,0,0
1836,-1,37,3370859,1483*2273,0,1
1836,-1,41,3370855,5*419*1609,0,0
1836,-1,43,3370853,53*63601,0,1
1838,1,3,3378247,1237*2731,0,1
1838,1,5,3378249,3*3*7*53623,0,0
1838,1,7,3378251,71*47581,0,1
1838,1,11,3378255,3*5*225217,0,0
1838,1,13,3378257,17*19*10459,0,0
1838,1,17,3378261,3*373*3019,0,0
1838,1,19,3378263,7*23*20983,0,0
1838,1,23,3378267,3*3*3*3*179*233,0,0
1838,1,29,3378273,3*53*21247,0,0
1838,1,31,3378275,5*5*135131,0,0
1838,1,37,3378281,59*57259,0,1
1838,1,41,3378285,3*3*5*37*2029,0,0
1838,1,43,3378287,11*31*9907,0,0
1838,-1,3,3378241,61*55381,0,1
1838,-1,5,3378239,29*116491,0,1
1838,-1,7,3378237,3*109*10331,0,0
1838,-1,11,3378233,509*6637,0,1
1838,-1,13,3378231,3*3*375359,0,0
1838,-1,17,3378227,223*15149,0,1
1838,-1,19,3378225,3*5*5*31*1453,0,0
1838,-1,23,3378221,7*11*73*601,0,0
1838,-1,29,3378215,5*675643,0,0
1838,-1,31,3378213,3*3*3*125119,0,0
1838,-1,37,3378207,3*7*7*7*7*7*67,0,0
1838,-1,41,3378203,3378203,1,1
1838,-1,43,3378201,3*1126067,0,0
1840,1,3,3385603,13*31*31*271,0,0
1840,1,5,3385605,3*5*29*43*181,0,0
1840,1,7,3385607,379*8933,0,1
1840,1,11,3385611,3*3*3*37*3389,0,0
1840,1,13,3385613,7*11*43969,0,0
1840,1,17,3385617,3*1128539,0,0
1840,1,19,3385619,1201*2819,0,1
1840,1,23,3385623,3*23*139*353,0,0
1840,1,29,3385629,3*3*13*19*1523,0,0
1840,1,31,3385631,683*4957,0,1
1840,1,37,3385637,3385637,1,1
1840,1,41,3385641,3*7*161221,0,0
1840,1,43,3385643,401*8443,0,1
1840,-1,3,3385597,59*57383,0,1
1840,-1,5,3385595,5*677119,0,0
1840,-1,7,3385593,3*3*113*3329,0,0
1840,-1,11,3385589,3385589,1,1
1840,-1,13,3385587,3*53*107*199,0,0
1840,-1,17,3385583,3385583,1,1
1840,-1,19,3385581,3*1128527,0,0
1840,-1,23,3385577,13*13*13*23*67,0,0
1840,-1,29,3385571,7*151*3203,0,0
1840,-1,31,3385569,3*11*102593,0,0
1840,-1,37,3385563,3*1128521,0,0
1840,-1,41,3385559,3385559,1,1
1840,-1,43,3385557,3*3*3*3*7*7*853,0,0
1842,1,3,3392967,3*73*15493,0,0
1842,1,5,3392969,227*14947,0,1
1842,1,7,3392971,29*79*1481,0,0
1842,1,11,3392975,5*5*135719,0,0
1842,1,13,3392977,7*47*10313,0,0
1842,1,17,3392981,31*109451,0,1
1842,1,19,3392983,11*23*13411,0,0
1842,1,23,3392987,13*260999,0,1
1842,1,29,3392993,3392993,1,1
1842,1,31,3392995,5*678599,0,0
1842,1,37,3393001,19*43*4153,0,0
1842,1,41,3393005,5*7*7*11*1259,0,0
1842,1,43,3393007,53*64019,0,1
1842,-1,3,3392961,3*11*11*13*719,0,0
1842,-1,5,3392959,3392959,1,1
1842,-1,7,3392957,83*40879,0,1
1842,-1,11,3392953,3392953,1,1
1842,-1,13,3392951,3392951,1,1
1842,-1,17,3392947,67*89*569,0,0
1842,-1,19,3392945,5*17*179*223,0,0
1842,-1,23,3392941,3392941,1,1
1842,-1,29,3392935,5*7*13*7457,0,0
1842,-1,31,3392933,3392933,1,1
1842,-1,37,3392927,157*21611,0,1
1842,-1,41,3392923,103*32941,0,1
1842,-1,43,3392921,7*484703,0,1
1844,1,3,3400339,103*33013,0,1
1844,1,5,3400341,3*7*161921,0,0
1844,1,7,3400343,23*163*907,0,0
1844,1,11,3400347,3*59*19211,0,0
1844,1,13,3400349,433*7853,0,1
1844,1,17,3400353,3*3*3*11*107*107,0,0
1844,1,19,3400355,5*7*7*13879,0,0
1844,1,23,3400359,3*31*36563,0,0
1844,1,29,3400365,3*5*226691,0,0
1844,1,31,3400367,101*131*257,0,0
1844,1,37,3400373,19*191*937,0,0
1844,1,41,3400377,3*1133459,0,0
1844,1,43,3400379,3400379,1,1
1844,-1,3,3400333,3400333,1,1
1844,-1,5,3400331,11*309121,0,1
1844,-1,7,3400329,3*149*7607,0,0
1844,-1,11,3400325,5*5*136013,0,0
1844,-1,13,3400323,3*17*61*1093,0,0
1844,-1,17,3400319,13*261563,0,1
1844,-1,19,3400317,3*3*67*5639,0,0
1844,-1,23,3400313,7*199*2441,0,0
1844,-1,29,3400307,349*9743,0,1
1844,-1,31,3400305,3*5*397*571,0,0
1844,-1,37,3400299,3*3*3*3*3*7*1999,0,0
1844,-1,41,3400295,5*680059,0,0
1844,-1,43,3400293,3*13*87187,0,0
1846,1,3,3407719,7*486817,0,1
1846,1,5,3407721,3*89*12763,0,0
1846,1,7,3407723,11*11*28163,0,0
1846,1,11,3407727,3*419*2711,0,0
1846,1,13,3407729,13*262133,0,1
1846,1,17,3407733,3*3*7*54091,0,0
1846,1,19,3407735,5*17*47*853,0,0
1846,1,23,3407739,3*1135913,0,0
1846,1,29,3407745,3*5*11*19*1087,0,0
1846,1,31,3407747,7*486821,0,1
1846,1,37,3407753,3407753,1,1
1846,1,41,3407757,3*1135919,0,0
1846,1,43,3407759,541*6299,0,1
1846,-1,3,3407713,73*46681,0,1
1846,-1,5,3407711,599*5689,0,1
1846,-1,7,3407709,3*1135903,0,0
1846,-1,11,3407705,5*7*7*7*1987,0,0
1846,-1,13,3407703,3*13*23*29*131,0,0
1846,-1,17,3407699,467*7297,0,1
1846,-1,19,3407697,3*3*3*126211,0,0
1846,-1,23,3407693,3407693,1,1
1846,-1,29,3407687,67*181*281,0,0
1846,-1,31,3407685,3*5*157*1447,0,0
1846,-1,37,3407679,3*3*11*34421,0,0
1846,-1,41,3407675,5*5*31*4397,0,0
1846,-1,43,3407673,3*1135891,0,0
1848,1,3,3415107,3*1138369,0,0
1848,1,5,3415109,23*148483,0,1
1848,1,7,3415111,7*487873,0,1
1848,1,11,3415115,5*11*31*2003,0,0
1848,1,13,3415117,19*179743,0,1
1848,1,17,3415121,811*4211,0,1
1848,1,19,3415123,3415123,1,1
1848,1,23,3415127,29*117763,0,1
1848,1,29,3415133,277*12329,0,1
1848,1,31,3415135,5*193*3539,0,0
1848,1,37,3415141,179*19079,0,1
1848,1,41,3415145,5*797*857,0,0
1848,1,43,3415147,17*200891,0,1
1848,-1,3,3415101,3*1138367,0,0
1848,-1,5,3415099,3415099,1,1
1848,-1,7,3415097,7*59*8269,0,0
1848,-1,11,3415093,11*310463,0,1
1848,-1,13,3415091,79*139*311,0,0
1848,-1,17,3415087,13*443*593,0,0
1848,-1,19,3415085,5*61*11197,0,0
1848,-1,23,3415081,233*14657,0,1
1848,-1,29,3415075,5*5*136603,0,0
1848,-1,31,3415073,1627*2099,0,1
1848,-1,37,3415067,47*72661,0,1
1848,-1,41,3415063,23*37*4013,0,0
1848,-1,43,3415061,13*262697,0,1
1850,1,3,3422503,7*7*69847,0,0
1850,1,5,3422505,3*5*83*2749,0,0
1850,1,7,3422507,11*311137,0,1
1850,1,11,3422511,3*3*163*2333,0,0
1850,1,13,3422513,683*5011,0,1
1850,1,17,3422517,3*7*79*2063,0,0
1850,1,19,3422519,3422519,1,1
1850,1,23,3422523,3*13*127*691,0,0
1850,1,29,3422529,3*3*11*181*191,0,0
1850,1,31,3422531,7*59*8287,0,0
1850,1,37,3422537,37*233*397,0,0
1850,1,41,3422541,3*1140847,0,0
1850,1,43,3422543,3422543,1,1
1850,-1,3,3422497,13*263269,0,1
1850,-1,5,3422495,5*89*7691,0,0
1850,-1,7,3422493,3*3*3*3*29*31*47,0,0
1850,-1,11,3422489,7*19*25733,0,0
1850,-1,13,3422487,3*269*4241,0,0
1850,-1,17,3422483,3422483,1,1
1850,-1,19,3422481,3*197*5791,0,0
1850,-1,23,3422477,563*6079,0,1
1850,-1,29,3422471,13*263267,0,1
1850,-1,31,3422469,3*23*193*257,0,0
1850,-1,37,3422463,3*11*37*2803,0,0
1850,-1,41,3422459,73*173*271,0,0
1850,-1,43,3422457,3*3*17*22369,0,0
1852,1,3,3429907,13*439*601,0,0
1852,1,5,3429909,3*3*7*54443,0,0
1852,1,7,3429911,449*7639,0,1
1852,1,11,3429915,3*5*251*911,0,0
1852,1,13,3429917,29*118273,0,1
1852,1,17,3429921,3*11*23*4519,0,0
1852,1,19,3429923,7*489989,0,1
1852,1,23,3429927,3*3*381103,0,0
1852,1,29,3429933,3*13*31*2837,0,0
1852,1,31,3429935,5*685987,0,0
1852,1,37,3429941,487*7043,0,1
1852,1,41,3429945,3*3*3*3*3*3*5*941,0,0
1852,1,43,3429947,877*3911,0,1
1852,-1,3,3429901,3429901,1,1
1852,-1,5,3429899,11*19*16411,0,0
1852,-1,7,3429897,3*1143299,0,0
1852,-1,11,3429893,3429893,1,1
1852,-1,13,3429891,3*3*3*127033,0,0
1852,-1,17,3429887,421*8147,0,1
1852,-1,19,3429885,3*5*107*2137,0,0
1852,-1,23,3429881,7*13*37691,0,0
1852,-1,29,3429875,5*5*5*23*1193,0,0
1852,-1,31,3429873,3*3*381097,0,0
1852,-1,37,3429867,3*7*163327,0,0
1852,-1,41,3429863,37*92699,0,1
1852,-1,43,3429861,3*19*19*3167,0,0
1854,1,3,3437319,3*1145773,0,0
1854,1,5,3437321,3437321,1,1
1854,1,7,3437323,71*48413,0,1
1854,1,11,3437327,23*199*751,0,0
1854,1,13,3437329,7*569*863,0,0
1854,1,17,3437333,101*34033,0,1
1854,1,19,3437335,5*11*62497,0,0
1854,1,23,3437339,3437339,1,1
1854,1,29,3437345,5*47*14627,0,0
1854,1,31,3437347,19*113*1601,0,0
1854,1,37,3437353,3437353,1,1
1854,1,41,3437357,7*11*44641,0,0
1854,1,43,3437359,3437359,1,1
1854,-1,3,3437313,3*11*104161,0,0
1854,-1,5,3437311,31*110881,0,1
1854,-1,7,3437309,19*131*1381,0,0
1854,-1,11,3437305,5*687461,0,0
1854,-1,13,3437303,1613*2131,0,1
1854,-1,17,3437299,3437299,1,1
1854,-1,19,3437297,3437297,1,1
1854,-1,23,3437293,277*12409,0,1
1854,-1,29,3437287,7*491041,0,1
1854,-1,31,3437285,5*687457,0,0
1854,-1,37,3437279,83*41413,0,1
1854,-1,41,3437275,5*5*137491,0,0
1854,-1,43,3437273,7*491039,0,1
1856,1,3,3444739,3444739,1,1
1856,1,5,3444741,3*3*3*127583,0,0
1856,1,7,3444743,3444743,1,1
1856,1,11,3444747,3*1148249,0,0
1856,1,13,3444749,7*7*7*11*11*83,0,0
1856,1,17,3444753,3*13*88327,0,0
1856,1,19,3444755,5*688951,0,0
1856,1,23,3444759,3*3*382751,0,0
1856,1,29,3444765,3*5*29*7919,0,0
1856,1,31,3444767,3444767,1,1
1856,1,37,3444773,43*80111,0,1
1856,1,41,3444777,3*3*7*54679,0,0
1856,1,43,3444779,13*23*41*281,0,0
1856,-1,3,3444733,23*149771,0,1
1856,-1,5,3444731,61*149*379,0,0
1856,-1,7,3444729,3*719*1597,0,0
1856,-1,11,3444725,5*5*227*607,0,0
1856,-1,13,3444723,3*3*382747,0,0
1856,-1,17,3444719,19*181301,0,1
1856,-1,19,3444717,3*331*3469,0,0
1856,-1,23,3444713,3444713,1,1
1856,-1,29,3444707,7*29*71*239,0,0
1856,-1,31,3444705,3*3*5*11*6959,0,0
1856,-1,37,3444699,3*787*1459,0,0
1856,-1,41,3444695,5*688939,0,0
1856,-1,43,3444693,3*7*17*9649,0,0
1858,1,3,3452167,19*181693,0,1
1858,1,5,3452169,3*7*43*3823,0,0
1858,1,7,3452171,211*16361,0,1
1858,1,11,3452175,3*3*5*5*67*229,0,0
1858,1,13,3452177,163*21179,0,1
1858,1,17,3452181,3*149*7723,0,0
1858,1,19,3452183,7*493169,0,1
1858,1,23,3452187,3*1150729,0,0
1858,1,29,3452193,3*3*3*127859,0,0
1858,1,31,3452195,5*690439,0,0
1858,1,37,3452201,631*5471,0,1
1858,1,41,3452205,3*5*19*12113,0,0
1858,1,43,3452207,11*17*18461,0,0
1858,-1,3,3452161,1439*2399,0,1
1858,-1,5,3452159,41*84199,0,1
1858,-1,7,3452157,3*3*383573,0,0
1858,-1,11,3452153,479*7207,0,1
1858,-1,13,3452151,3*1150717,0,0
1858,-1,17,3452147,587*5881,0,1
1858,-1,19,3452145,3*5*230143,0,0
1858,-1,23,3452141,7*11*107*419,0,0
1858,-1,29,3452135,5*690427,0,0
1858,-1,31,3452133,3*97*11863,0,0
1858,-1,37,3452127,3*7*164387,0,0
1858,-1,41,3452123,569*6067,0,1
1858,-1,43,3452121,3*3*541*709,0,0
1860,1,3,3459603,3*7*164743,0,0
1860,1,5,3459605,5*691921,0,0
1860,1,7,3459607,127*27241,0,1
1860,1,11,3459611,37*93503,0,1
1860,1,13,3459613,29*119297,0,1
1860,1,17,3459617,7*71*6961,0,0
1860,1,19,3459619,17*17*11971,0,0
1860,1,23,3459623,47*73609,0,1
1860,1,29,3459629,1307*2647,0,1
1860,1,31,3459631,7*31*107*149,0,0
1860,1,37,3459637,23*349*431,0,0
1860,1,41,3459641,3459641,1,1
1860,1,43,3459643,11*314513,0,1
1860,-1,3,3459597,3*1153199,0,0
1860,-1,5,3459595,5*691919,0,0
1860,-1,7,3459593,1453*2381,0,1
1860,-1,11,3459589,7*313*1579,0,0
1860,-1,13,3459587,3459587,1,1
1860,-1,17,3459583,59*191*307,0,0
1860,-1,19,3459581,991*3491,0,1
1860,-1,23,3459577,11*19*16553,0,0
1860,-1,29,3459571,139*24889,0,1
1860,-1,31,3459569,31*111599,0,1
1860,-1,37,3459563,3459563,1,1
1860,-1,41,3459559,3459559,1,1
1860,-1,43,3459557,977*3541,0,1
1862,1,3,3467047,43*80629,0,1
1862,1,5,3467049,3*47*67*367,0,0
1862,1,7,3467051,7*179*2767,0,0
1862,1,11,3467055,3*5*181*1277,0,0
1862,1,13,3467057,11*61*5167,0,0
1862,1,17,3467061,3*3*13*29633,0,0
1862,1,19,3467063,19*251*727,0,0
1862,1,23,3467067,3*1155689,0,0
1862,1,29,3467073,3*79*14629,0,0
1862,1,31,3467075,5*5*138683,0,0
1862,1,37,3467081,149*23269,0,1
1862,1,41,3467085,3*5*37*6247,0,0
1862,1,43,3467087,13*167*1597,0,0
1862,-1,3,3467041,983*3527,0,1
1862,-1,5,3467039,3467039,1,1
1862,-1,7,3467037,3*7*29*5693,0,0
1862,-1,11,3467033,283*12251,0,1
1862,-1,13,3467031,3*17*157*433,0,0
1862,-1,17,3467027,101*34327,0,1
1862,-1,19,3467025,3*3*5*5*19*811,0,0
1862,-1,23,3467021,1481*2341,0,1
1862,-1,29,3467015,5*693403,0,0
1862,-1,31,3467013,3*11*11*9551,0,0
1862,-1,37,3467007,3*3*385223,0,0
1862,-1,41,3467003,197*17599,0,1
1862,-1,43,3467001,3*41*71*397,0,0
1864,1,3,3474499,7*61*79*103,0,0
1864,1,5,3474501,3*101*11467,0,0
1864,1,7,3474503,3474503,1,1
1864,1,11,3474507,3*331*3499,0,0
1864,1,13,3474509,3474509,1,1
1864,1,17,3474513,3*3*7*131*421,0,0
1864,1,19,3474515,5*11*11*5743,0,0
1864,1,23,3474519,3*29*39937,0,0
1864,1,29,3474525,3*5*5*46327,0,0
1864,1,31,3474527,7*71*6991,0,0
1864,1,37,3474533,3474533,1,1
1864,1,41,3474537,3*11*211*499,0,0
1864,1,43,3474539,3474539,1,1
1864,-1,3,3474493,11*263*1201,0,0
1864,-1,5,3474491,271*12821,0,1
1864,-1,7,3474489,3*197*5879,0,0
1864,-1,11,3474485,5*7*37*2683,0,0
1864,-1,13,3474483,3*1158161,0,0
1864,-1,17,3474479,3474479,1,1
1864,-1,19,3474477,3*3*17*22709,0,0
1864,-1,23,3474473,19*182867,0,1
1864,-1,29,3474467,3474467,1,1
1864,-1,31,3474465,3*5*231631,0,0
1864,-1,37,3474459,3*3*386051,0,0
1864,-1,41,3474455,5*409*1699,0,0
1864,-1,43,3474453,3*587*1973,0,0
1866,1,3,3481959,3*13*19*37*127,0,0
1866,1,5,3481961,7*497423,0,1
1866,1,7,3481963,1051*3313,0,1
1866,1,11,3481967,3481967,1,1
1866,1,13,3481969,3481969,1,1
1866,1,17,3481973,11*349*907,0,0
1866,1,19,3481975,5*5*7*101*197,0,0
1866,1,23,3481979,3481979,1,1
1866,1,29,3481985,5*13*53569,0,0
1866,1,31,3481987,599*5813,0,1
1866,1,37,3481993,23*151391,0,1
1866,1,41,3481997,19*183263,0,1
1866,1,43,3481999,3481999,1,1
1866,-1,3,3481953,3*227*5113,0,0
1866,-1,5,3481951,11*31*10211,0,0
1866,-1,7,3481949,691*5039,0,1
1866,-1,11,3481945,5*229*3041,0,0
1866,-1,13,3481943,29*120067,0,1
1866,-1,17,3481939,389*8951,0,1
1866,-1,19,3481937,3481937,1,1
1866,-1,23,3481933,7*13*83*461,0,0
1866,-1,29,3481927,3481927,1,1
1866,-1,31,3481925,5*5*41*43*79,0,0
1866,-1,37,3481919,7*497417,0,1
1866,-1,41,3481915,5*103*6761,0,0
1866,-1,43,3481913,193*18041,0,1
1868,1,3,3489427,67*52081,0,1
1868,1,5,3489429,3*1163143,0,0
1868,1,7,3489431,11*149*2129,0,0
1868,1,11,3489435,3*3*5*77543,0,0
1868,1,13,3489437,7*7*17*59*71,0,0
1868,1,17,3489441,3*1163147,0,0
1868,1,19,3489443,919*3797,0,1
1868,1,23,3489447,3*13*131*683,0,0
1868,1,29,3489453,3*3*3*11*31*379,0,0
1868,1,31,3489455,5*697891,0,0
1868,1,37,3489461,197*17713,0,1
1868,1,41,3489465,3*5*7*167*199,0,0
1868,1,43,3489467,53*65839,0,1
1868,-1,3,3489421,13*47*5711,0,0
1868,-1,5,3489419,661*5279,0,1
1868,-1,7,3489417,3*3*109*3557,0,0
1868,-1,11,3489413,3489413,1,1
1868,-1,13,3489411,3*1163137,0,0
1868,-1,17,3489407,19*43*4271,0,0
1868,-1,19,3489405,3*5*353*659,0,0
1868,-1,23,3489401,839*4159,0,1
1868,-1,29,3489395,5*7*13*7669,0,0
1868,-1,31,3489393,3*1163131,0,0
1868,-1,37,3489387,3*11*41*2579,0,0
1868,-1,41,3489383,61*57203,0,1
1868,-1,43,3489381,3*3*7*97*571,0,0
1870,1,3,3496903,211*16573,0,1
1870,1,5,3496905,3*3*3*5*25903,0,0
1870,1,7,3496907,29*37*3259,0,0
1870,1,11,3496911,3*11*105967,0,0
1870,1,13,3496913,7*499559,0,1
1870,1,17,3496917,3*17*68567,0,0
1870,1,19,3496919,73*47903,0,1
1870,1,23,3496923,3*3*101*3847,0,0
1870,1,29,3496929,3*1165643,0,0
1870,1,31,3496931,19*41*67*67,0,0
1870,1,37,3496937,3496937,1,1
1870,1,41,3496941,3*3*7*47*1181,0,0
1870,1,43,3496943,23*152041,0,1
1870,-1,3,3496897,23*152039,0,1
1870,-1,5,3496895,5*699379,0,0
1870,-1,7,3496893,3*19*31*1979,0,0
1870,-1,11,3496889,11*43*7393,0,0
1870,-1,13,3496887,3*3*53*7331,0,0
1870,-1,17,3496883,13*17*15823,0,0
1870,-1,19,3496881,3*149*7823,0,0
1870,-1,23,3496877,3496877,1,1
1870,-1,29,3496871,7*59*8467,0,0
1870,-1,31,3496869,3*3*388541,0,0
1870,-1,37,3496863,3*223*5227,0,0
1870,-1,41,3496859,3496859,1,1
1870,-1,43,3496857,3*7*13*12809,0,0
1872,1,3,3504387,3*229*5101,0,0
1872,1,5,3504389,7*29*61*283,0,0
1872,1,7,3504391,11*318581,0,1
1872,1,11,3504395,5*23*31*983,0,0
1872,1,13,3504397,13*17*101*157,0,0
1872,1,17,3504401,503*6967,0,1
1872,1,19,3504403,7*500629,0,1
1872,1,23,3504407,3504407,1,1
1872,1,29,3504413,11*53*6011,0,0
1872,1,31,3504415,5*700883,0,0
1872,1,37,3504421,1237*2833,0,1
1872,1,41,3504425,5*5*140177,0,0
1872,1,43,3504427,3504427,1,1
1872,-1,3,3504381,3*37*131*241,0,0
1872,-1,5,3504379,19*184441,0,1
1872,-1,7,3504377,3504377,1,1
1872,-1,11,3504373,3504373,1,1
1872,-1,13,3504371,13*43*6269,0,0
1872,-1,17,3504367,47*74561,0,1
1872,-1,19,3504365,5*73*9601,0,0
1872,-1,23,3504361,7*79*6337,0,0
1872,-1,29,3504355,5*700871,0,0
1872,-1,31,3504353,347*10099,0,1
1872,-1,37,3504347,7*11*71*641,0,0
1872,-1,41,3504343,83*42221,0,1
1872,-1,43,3504341,19*181*1019,0,0
1874,1,3,3511879,7*7*71671,0,0
1874,1,5,3511881,3*3*390209,0,0
1874,1,7,3511883,1381*2543,0,1
1874,1,11,3511887,3*47*24907,0,0
1874,1,13,3511889,271*12959,0,1
1874,1,17,3511893,3*7*11*23*661,0,0
1874,1,19,3511895,5*702379,0,0
1874,1,23,3511899,3*3*390211,0,0
1874,1,29,3511905,3*5*257*911,0,0
1874,1,31,3511907,7*501701,0,1
1874,1,37,3511913,3511913,1,1
1874,1,41,3511917,3*3*3*3*191*227,0,0
1874,1,43,3511919,197*17827,0,1
1874,-1,3,3511873,71*49463,0,1
1874,-1,5,3511871,11*29*101*109,0,0
1874,-1,7,3511869,3*809*1447,0,0
1874,-1,11,3511865,5*7*19*5281,0,0
1874,-1,13,3511863,3*3*3*130069,0,0
1874,-1,17,3511859,13*270143,0,1
1874,-1,19,3511857,3*59*19841,0,0
1874,-1,23,3511853,43*81671,0,1
1874,-1,29,3511847,23*107*1427,0,0
1874,-1,31,3511845,3*3*5*78041,0,0
1874,-1,37,3511839,3*263*4451,0,0
1874,-1,41,3511835,5*31*139*163,0,0
1874,-1,43,3511833,3*13*53*1699,0,0
1876,1,3,3519379,3519379,1,1
1876,1,5,3519381,3*1173127,0,0
1876,1,7,3519383,7*502769,0,1
1876,1,11,3519387,3*3*383*1021,0,0
1876,1,13,3519389,19*19*9749,0,0
1876,1,17,3519393,3*137*8563,0,0
1876,1,19,3519395,5*11*61*1049,0,0
1876,1,23,3519399,3*13*31*41*71,0,0
1876,1,29,3519405,3*3*5*197*397,0,0
1876,1,31,3519407,47*103*727,0,0
1876,1,37,3519413,3519413,1,1
1876,1,41,3519417,3*11*106649,0,0
1876,1,43,3519419,3519419,1,1
1876,-1,3,3519373,11*13*24611,0,0
1876,-1,5,3519371,79*44549,0,1
1876,-1,7,3519369,3*3*3*3*3*7*2069,0,0
1876,-1,11,3519365,5*703873,0,0
1876,-1,13,3519363,3*1173121,0,0
1876,-1,17,3519359,53*66403,0,1
1876,-1,19,3519357,3*17*151*457,0,0
1876,-1,23,3519353,29*121357,0,1
1876,-1,29,3519347,13*270719,0,1
1876,-1,31,3519345,3*5*23*101*101,0,0
1876,-1,37,3519339,3*173*6781,0,0
1876,-1,41,3519335,5*43*16369,0,0
1876,-1,43,3519333,3*3*163*2399,0,0
1878,1,3,3526887,3*7*13*12919,0,0
1878,1,5,3526889,23*153343,0,1
1878,1,7,3526891,197*17903,0,1
1878,1,11,3526895,5*449*1571,0,0
1878,1,13,3526897,11*320627,0,1
1878,1,17,3526901,7*31*16253,0,0
1878,1,19,3526903,43*82021,0,1
1878,1,23,3526907,151*23357,0,1
1878,1,29,3526913,13*19*109*131,0,0
1878,1,31,3526915,5*7*100769,0,0
1878,1,37,3526921,233*15137,0,1
1878,1,41,3526925,5*5*71*1987,0,0
1878,1,43,3526927,47*75041,0,1
1878,-1,3,3526881,3*1175627,0,0
1878,-1,5,3526879,1399*2521,0,1
1878,-1,7,3526877,37*199*479,0,0
1878,-1,11,3526873,7*7*167*431,0,0
1878,-1,13,3526871,17*207463,0,1
1878,-1,17,3526867,3526867,1,1
1878,-1,19,3526865,5*211*3343,0,0
1878,-1,23,3526861,13*13*41*509,0,0
1878,-1,29,3526855,5*643*1097,0,0
1878,-1,31,3526853,11*491*653,0,0
1878,-1,37,3526847,139*25373,0,1
1878,-1,41,3526843,23*23*59*113,0,0
1878,-1,43,3526841,293*12037,0,1
1880,1,3,3534403,31*114013,0,1
1880,1,5,3534405,3*5*7*41*821,0,0
1880,1,7,3534407,3534407,1,1
1880,1,11,3534411,3*53*22229,0,0
1880,1,13,3534413,3534413,1,1
1880,1,17,3534417,3*3*499*787,0,0
1880,1,19,3534419,7*7*17*4243,0,0
1880,1,23,3534423,3*1178141,0,0
1880,1,29,3534429,3*149*7907,0,0
1880,1,31,3534431,3534431,1,1
1880,1,37,3534437,19*186023,0,1
1880,1,41,3534441,3*73*16139,0,0
1880,1,43,3534443,11*321313,0,1
1880,-1,3,3534397,3534397,1,1
1880,-1,5,3534395,5*59*11981,0,0
1880,-1,7,3534393,3*1178131,0,0
1880,-1,11,3534389,83*97*439,0,0
1880,-1,13,3534387,3*23*181*283,0,0
1880,-1,17,3534383,1109*3187,0,1
1880,-1,19,3534381,3*3*3*79*1657,0,0
1880,-1,23,3534377,7*11*197*233,0,0
1880,-1,29,3534371,3534371,1,1
1880,-1,31,3534369,3*1178123,0,0
1880,-1,37,3534363,3*3*7*56101,0,0
1880,-1,41,3534359,3534359,1,1
1880,-1,43,3534357,3*1013*1163,0,0
1882,1,3,3541927,541*6547,0,1
1882,1,5,3541929,3*1180643,0,0
1882,1,7,3541931,23*153997,0,1
1882,1,11,3541935,3*5*236129,0,0
1882,1,13,3541937,7*53*9547,0,0
1882,1,17,3541941,3*3*3*13*10091,0,0
1882,1,19,3541943,229*15467,0,1
1882,1,23,3541947,3*59*20011,0,0
1882,1,29,3541953,3*43*27457,0,0
1882,1,31,3541955,5*67*97*109,0,0
1882,1,37,3541961,19*186419,0,1
1882,1,41,3541965,3*5*7*7*61*79,0,0
1882,1,43,3541967,11*13*17*31*47,0,0
1882,-1,3,3541921,3541921,1,1
1882,-1,5,3541919,3541919,1,1
1882,-1,7,3541917,3*367*3217,0,0
1882,-1,11,3541913,571*6203,0,1
1882,-1,13,3541911,3*1180637,0,0
1882,-1,17,3541907,3541907,1,1
1882,-1,19,3541905,3*3*5*31*2539,0,0
1882,-1,23,3541901,11*321991,0,1
1882,-1,29,3541895,5*7*101197,0,0
1882,-1,31,3541893,3*1180631,0,0
1882,-1,37,3541887,3*3*3*3*73*599,0,0
1882,-1,41,3541883,3541883,1,1
1882,-1,43,3541881,3*7*227*743,0,0
1884,1,3,3549459,3*67*17659,0,0
1884,1,5,3549461,3549461,1,1
1884,1,7,3549463,53*193*347,0,0
1884,1,11,3549467,3549467,1,1
1884,1,13,3549469,7*11*31*1487,0,0
1884,1,17,3549473,3549473,1,1
1884,1,19,3549475,5*5*23*6173,0,0
1884,1,23,3549479,73*48623,0,1
1884,1,29,3549485,5*19*37363,0,0
1884,1,31,3549487,47*75521,0,1
1884,1,37,3549493,41*86573,0,1
1884,1,41,3549497,7*507071,0,1
1884,1,43,3549499,59*60161,0,1
1884,-1,3,3549453,3*1183151,0,0
1884,-1,5,3549451,421*8431,0,1
1884,-1,7,3549449,317*11197,0,1
1884,-1,11,3549445,5*131*5419,0,0
1884,-1,13,3549443,101*113*311,0,0
1884,-1,17,3549439,491*7229,0,1
1884,-1,19,3549437,3549437,1,1
1884,-1,23,3549433,359*9887,0,1
1884,-1,29,3549427,7*257*1973,0,0
1884,-1,31,3549425,5*5*11*12907,0,0
1884,-1,37,3549419,3549419,1,1
1884,-1,41,3549415,5*353*2011,0,0
1884,-1,43,3549413,7*7*17*4261,0,0
1886,1,3,3556999,3556999,1,1
1886,1,5,3557001,3*7*107*1583,0,0
1886,1,7,3557003,43*82721,0,1
1886,1,11,3557007,3*3*3*47*2803,0,0
1886,1,13,3557009,19*187211,0,1
1886,1,17,3557013,3*1185671,0,0
1886,1,19,3557015,5*7*11*9239,0,0
1886,1,23,3557019,3*23*51551,0,0
1886,1,29,3557025,3*3*5*5*15809,0,0
1886,1,31,3557027,283*12569,0,1
1886,1,37,3557033,31*114743,0,1
1886,1,41,3557037,3*11*11*41*239,0,0
1886,1,43,3557039,3557039,1,1
1886,-1,3,3556993,11*191*1693,0,0
1886,-1,5,3556991,3556991,1,1
1886,-1,7,3556989,3*3*53*7457,0,0
1886,-1,11,3556985,5*711397,0,0
1886,-1,13,3556983,3*1185661,0,0
1886,-1,17,3556979,3556979,1,1
1886,-1,19,3556977,3*1185659,0,0
1886,-1,23,3556973,7*23*22093,0,0
1886,-1,29,3556967,3556967,1,1
1886,-1,31,3556965,3*5*83*2857,0,0
1886,-1,37,3556959,3*7*7*24197,0,0
1886,-1,41,3556955,5*41*17351,0,0
1886,-1,43,3556953,3*3*3*3*43913,0,0
1888,1,3,3564547,7*509221,0,1
1888,1,5,3564549,3*3*396061,0,0
1888,1,7,3564551,3564551,1,1
1888,1,11,3564555,3*5*71*3347,0,0
1888,1,13,3564557,3564557,1,1
1888,1,17,3564561,3*7*11*13*1187,0,0
1888,1,19,3564563,23*154981,0,1
1888,1,23,3564567,3*3*3*3*3*14669,0,0
1888,1,29,3564573,3*929*1279,0,0
1888,1,31,3564575,5*5*7*20369,0,0
1888,1,37,3564581,41*227*383,0,0
1888,1,41,3564585,3*3*5*113*701,0,0
1888,1,43,3564587,13*274199,0,1
1888,-1,3,3564541,971*3671,0,1
1888,-1,5,3564539,11*11*89*331,0,0
1888,-1,7,3564537,3*1188179,0,0
1888,-1,11,3564533,7*19*26801,0,0
1888,-1,13,3564531,3*3*601*659,0,0
1888,-1,17,3564527,47*149*509,0,0
1888,-1,19,3564525,3*5*5*47527,0,0
1888,-1,23,3564521,103*34607,0,1
1888,-1,29,3564515,5*53*13451,0,0
1888,-1,31,3564513,3*3*3*132019,0,0
1888,-1,37,3564507,3*1188169,0,0
1888,-1,41,3564503,3564503,1,1
1888,-1,43,3564501,3*1188167,0,0
1890,1,3,3572103,3*1190701,0,0
1890,1,5,3572105,5*67*10663,0,0
1890,1,7,3572107,7*11*23*2017,0,0
1890,1,11,3572111,1489*2399,0,1
1890,1,13,3572113,3572113,1,1
1890,1,17,3572117,1499*2383,0,1
1890,1,19,3572119,3572119,1,1
1890,1,23,3572123,233*15331,0,1
1890,1,29,3572129,11*127*2557,0,0
1890,1,31,3572131,3572131,1,1
1890,1,37,3572137,3572137,1,1
1890,1,41,3572141,47*76003,0,1
1890,1,43,3572143,79*103*439,0,0
1890,-1,3,3572097,3*1190699,0,0
1890,-1,5,3572095,5*19*19*1979,0,0
1890,-1,7,3572093,7*510299,0,1
1890,-1,11,3572089,1109*3221,0,1
1890,-1,13,3572087,647*5521,0,1
1890,-1,17,3572083,467*7649,0,1
1890,-1,19,3572081,71*50311,0,1
1890,-1,23,3572077,3572077,1,1
1890,-1,29,3572071,83*43037,0,1
1890,-1,31,3572069,3572069,1,1
1890,-1,37,3572063,11*324733,0,1
1890,-1,41,3572059,3572059,1,1
1890,-1,43,3572057,17*19*11059,0,0
1892,1,3,3579667,7*13*139*283,0,0
1892,1,5,3579669,3*3*41*89*109,0,0
1892,1,7,3579671,277*12923,0,1
1892,1,11,3579675,3*5*5*11*4339,0,0
1892,1,13,3579677,619*5783,0,1
1892,1,17,3579681,3*7*373*457,0,0
1892,1,19,3579683,3579683,1,1
1892,1,23,3579687,3*3*3*197*673,0,0
1892,1,29,3579693,3*13*263*349,0,0
1892,1,31,3579695,5*7*7*19*769,0,0
1892,1,37,3579701,73*49037,0,1
1892,1,41,3579705,3*3*5*79549,0,0
1892,1,43,3579707,17*43*59*83,0,0
1892,-1,3,3579661,47*76163,0,1
1892,-1,5,3579659,281*12739,0,1
1892,-1,7,3579657,3*19*62801,0,0
1892,-1,11,3579653,7*11*46489,0,0
1892,-1,13,3579651,3*3*23*17293,0,0
1892,-1,17,3579647,3579647,1,1
1892,-1,19,3579645,3*5*167*1429,0,0
1892,-1,23,3579641,13*275357,0,1
1892,-1,29,3579635,5*715927,0,0
1892,-1,31,3579633,3*3*3*3*3*14731,0,0
1892,-1,37,3579627,3*1193209,0,0
1892,-1,41,3579623,3579623,1,1
1892,-1,43,3579621,3*43*27749,0,0
1894,1,3,3587239,181*19819,0,1
1894,1,5,3587241,3*7*7*23*1061,0,0
1894,1,7,3587243,11*326113,0,1
1894,1,11,3587247,3*3*3*3*67*661,0,0
1894,1,13,3587249,3587249,1,1
1894,1,17,3587253,3*1195751,0,0
1894,1,19,3587255,5*7*17*6029,0,0
1894,1,23,3587259,3*13*59*1559,0,0
1894,1,29,3587265,3*3*5*11*7247,0,0
1894,1,31,3587267,3587267,1,1
1894,1,37,3587273,1621*2213,0,1
1894,1,41,3587277,3*1195759,0,0
1894,1,43,3587279,3587279,1,1
1894,-1,3,3587233,13*275941,0,1
1894,-1,5,3587231,479*7489,0,1
1894,-1,7,3587229,3*3*398581,0,0
1894,-1,11,3587225,5*5*143489,0,0
1894,-1,13,3587223,3*1195741,0,0
1894,-1,17,3587219,19*188801,0,1
1894,-1,19,3587217,3*101*11839,0,0
1894,-1,23,3587213,7*29*41*431,0,0
1894,-1,29,3587207,13*275939,0,1
1894,-1,31,3587205,3*5*239147,0,0
1894,-1,37,3587199,3*7*11*53*293,0,0
1894,-1,41,3587195,5*23*31193,0,0
1894,-1,43,3587193,3*3*3*132859,0,0
1896,1,3,3594819,3*19*63067,0,0
1896,1,5,3594821,3594821,1,1
1896,1,7,3594823,877*4099,0,1
1896,1,11,3594827,3594827,1,1
1896,1,13,3594829,7*157*3271,0,0
1896,1,17,3594833,11*281*1163,0,0
1896,1,19,3594835,5*397*1811,0,0
1896,1,23,3594839,41*87679,0,1
1896,1,29,3594845,5*659*1091,0,0
1896,1,31,3594847,1597*2251,0,1
1896,1,37,3594853,31*115963,0,1
1896,1,41,3594857,7*19*151*179,0,0
1896,1,43,3594859,1607*2237,0,1
1896,-1,3,3594813,3*83*14437,0,0
1896,-1,5,3594811,11*29*59*191,0,0
1896,-1,7,3594809,37*97157,0,1
1896,-1,11,3594805,5*313*2297,0,0
1896,-1,13,3594803,17*103*2053,0,0
1896,-1,17,3594799,13*13*89*239,0,0
1896,-1,19,3594797,3594797,1,1
1896,-1,23,3594793,3594793,1,1
1896,-1,29,3594787,7*7*73363,0,0
1896,-1,31,3594785,5*23*31259,0,0
1896,-1,37,3594779,337*10667,0,1
1896,-1,41,3594775,5*5*143791,0,0
1896,-1,43,3594773,7*13*39503,0,0
1898,1,3,3602407,151*23857,0,1
1898,1,5,3602409,3*29*47*881,0,0
1898,1,7,3602411,43*83777,0,1
1898,1,11,3602415,3*5*137*1753,0,0
1898,1,13,3602417,7*13*31*1277,0,0
1898,1,17,3602421,3*3*3*23*5801,0,0
1898,1,19,3602423,11*327493,0,1
1898,1,23,3602427,3*1200809,0,0
1898,1,29,3602433,3*1200811,0,0
1898,1,31,3602435,5*293*2459,0,0
1898,1,37,3602441,3602441,1,1
1898,1,41,3602445,3*5*7*11*3119,0,0
1898,1,43,3602447,239*15073,0,1
1898,-1,3,3602401,11*327491,0,1
1898,-1,5,3602399,229*15731,0,1
1898,-1,7,3602397,3*1200799,0,0
1898,-1,11,3602393,3602393,1,1
1898,-1,13,3602391,3*13*92369,0,0
1898,-1,17,3602387,1667*2161,0,1
1898,-1,19,3602385,3*3*5*17*17*277,0,0
1898,-1,23,3602381,19*189599,0,1
1898,-1,29,3602375,5*5*5*7*23*179,0,0
1898,-1,31,3602373,3*149*8059,0,0
1898,-1,37,3602367,3*3*3*101*1321,0,0
1898,-1,41,3602363,59*61057,0,1
1898,-1,43,3602361,3*7*171541,0,0
1900,1,3,3610003,3610003,1,1
1900,1,5,3610005,3*5*7*34381,0,0
1900,1,7,3610007,29*281*443,0,0
1900,1,11,3610011,3*23*113*463,0,0
1900,1,13,3610013,11*307*1069,0,0
1900,1,17,3610017,3*3*401113,0,0
1900,1,19,3610019,7*19*27143,0,0
1900,1,23,3610023,3*47*25603,0,0
1900,1,29,3610029,3*1203343,0,0
1900,1,31,3610031,503*7177,0,1
1900,1,37,3610037,3610037,1,1
1900,1,41,3610041,3*61*19727,0,0
1900,1,43,3610043,31*101*1153,0,0
1900,-1,3,3609997,3609997,1,1
1900,-1,5,3609995,5*71*10169,0,0
1900,-1,7,3609993,3*1203331,0,0
1900,-1,11,3609989,53*68113,0,1
1900,-1,13,3609987,3*1203329,0,0
1900,-1,17,3609983,13*277691,0,1
1900,-1,19,3609981,3*3*3*19*31*227,0,0
1900,-1,23,3609977,7*7*73673,0,0
1900,-1,29,3609971,109*33119,0,1
1900,-1,31,3609969,3*11*139*787,0,0
1900,-1,37,3609963,3*3*7*57301,0,0
1900,-1,41,3609959,3609959,1,1
1900,-1,43,3609957,3*13*151*613,0,0
1902,1,3,3617607,3*7*31*5557,0,0
1902,1,5,3617609,3617609,1,1
1902,1,7,3617611,3617611,1,1
1902,1,11,3617615,5*97*7459,0,0
1902,1,13,3617617,17*212801,0,1
1902,1,17,3617621,7*7*7*53*199,0,0
1902,1,19,3617623,3617623,1,1
1902,1,23,3617627,13*278279,0,1
1902,1,29,3617633,43*84131,0,1
1902,1,31,3617635,5*7*41*2521,0,0
1902,1,37,3617641,3617641,1,1
1902,1,41,3617645,5*723529,0,0
1902,1,43,3617647,11*23*79*181,0,0
1902,-1,3,3617601,3*13*23*37*109,0,0
1902,-1,5,3617599,3617599,1,1
1902,-1,7,3617597,3617597,1,1
1902,-1,11,3617593,7*449*1151,0,0
1902,-1,13,3617591,523*6917,0,1
1902,-1,17,3617587,3617587,1,1
1902,-1,19,3617585,5*59*12263,0,0
1902,-1,23,3617581,11*19*19*911,0,0
1902,-1,29,3617575,5*5*13*11131,0,0
1902,-1,31,3617573,853*4241,0,1
1902,-1,37,3617567,751*4817,0,1
1902,-1,41,3617563,107*33809,0,1
1902,-1,43,3617561,3617561,1,1
1904,1,3,3625219,13*13*19*1129,0,0
1904,1,5,3625221,3*1208407,0,0
1904,1,7,3625223,7*37*13997,0,0
1904,1,11,3625227,3*3*402803,0,0
1904,1,13,3625229,3625229,1,1
1904,1,17,3625233,3*17*31*2293,0,0
1904,1,19,3625235,5*499*1453,0,0
1904,1,23,3625239,3*1208413,0,0
1904,1,29,3625245,3*3*5*13*6197,0,0
1904,1,31,3625247,233*15559,0,1
1904,1,37,3625253,53*73*937,0,0
1904,1,41,3625257,3*19*63601,0,0
1904,1,43,3625259,11*139*2371,0,0
1904,-1,3,3625213,3625213,1,1
1904,-1,5,3625211,3625211,1,1
1904,-1,7,3625209,3*3*3*7*19181,0,0
1904,-1,11,3625205,5*725041,0,0
1904,-1,13,3625203,3*29*41669,0,0
1904,-1,17,3625199,17*213247,0,1
1904,-1,19,3625197,3*1208399,0,0
1904,-1,23,3625193,11*13*101*251,0,0
1904,-1,29,3625187,373*9719,0,1
1904,-1,31,3625185,3*5*241679,0,0
1904,-1,37,3625179,3*41*29473,0,0
1904,-1,41,3625175,5*5*145007,0,0
1904,-1,43,3625173,3*3*402797,0,0
1906,1,3,3632839,7*193*2689,0,0
1906,1,5,3632841,3*3*403649,0,0
1906,1,7,3632843,757*4799,0,1
1906,1,11,3632847,3*1210949,0,0
1906,1,13,3632849,11*17*19427,0,0
1906,1,17,3632853,3*7*172993,0,0
1906,1,19,3632855,5*43*61*277,0,0
1906,1,23,3632859,3*3*29*31*449,0,0
1906,1,29,3632865,3*5*47*5153,0,0
1906,1,31,3632867,7*518981,0,1
1906,1,37,3632873,23*157951,0,1
1906,1,41,3632877,3*3*3*197*683,0,0
1906,1,43,3632879,3632879,1,1
1906,-1,3,3632833,3632833,1,1
1906,-1,5,3632831,3632831,1,1
1906,-1,7,3632829,3*137*8839,0,0
1906,-1,11,3632825,5*5*7*20759,0,0
1906,-1,13,3632823,3*3*3*157*857,0,0
1906,-1,17,3632819,19*263*727,0,0
1906,-1,19,3632817,3*1210939,0,0
1906,-1,23,3632813,3632813,1,1
1906,-1,29,3632807,59*67*919,0,0
1906,-1,31,3632805,3*3*5*11*41*179,0,0
1906,-1,37,3632799,3*1210933,0,0
1906,-1,41,3632795,5*726559,0,0
1906,-1,43,3632793,3*467*2593,0,0
1908,1,3,3640467,3*37*32797,0,0
1908,1,5,3640469,7*520067,0,1
1908,1,7,3640471,3640471,1,1
1908,1,11,3640475,5*5*223*653,0,0
1908,1,13,3640477,59*61703,0,1
1908,1,17,3640481,13*280037,0,1
1908,1,19,3640483,7*11*47279,0,0
1908,1,23,3640487,3640487,1,1
1908,1,29,3640493,3640493,1,1
1908,1,31,3640495,5*19*38321,0,0
1908,1,37,3640501,137*26573,0,1
1908,1,41,3640505,5*11*66191,0,0
1908,1,43,3640507,13*97*2887,0,0
1908,-1,3,3640461,3*11*107*1031,0,0
1908,-1,5,3640459,151*24109,0,1
1908,-1,7,3640457,19*29*6607,0,0
1908,-1,11,3640453,181*20113,0,1
1908,-1,13,3640451,3640451,1,1
1908,-1,17,3640447,3640447,1,1
1908,-1,19,3640445,5*67*10867,0,0
1908,-1,23,3640441,7*520063,0,1
1908,-1,29,3640435,5*728087,0,0
1908,-1,31,3640433,167*21799,0,1
1908,-1,37,3640427,7*593*877,0,0
1908,-1,41,3640423,31*43*2731,0,0
1908,-1,43,3640421,839*4339,0,1
1910,1,3,3648103,163*22381,0,1
1910,1,5,3648105,3*3*3*5*61*443,0,0
1910,1,7,3648107,3648107,1,1
1910,1,11,3648111,3*31*39227,0,0
1910,1,13,3648113,7*29*17971,0,0
1910,1,17,3648117,3*11*227*487,0,0
1910,1,19,3648119,571*6389,0,1
1910,1,23,3648123,3*3*405347,0,0
1910,1,29,3648129,3*1216043,0,0
1910,1,31,3648131,3648131,1,1
1910,1,37,3648137,3648137,1,1
1910,1,41,3648141,3*3*7*79*733,0,0
1910,1,43,3648143,293*12451,0,1
1910,-1,3,3648097,349*10453,0,1
1910,-1,5,3648095,5*11*19*3491,0,0
1910,-1,7,3648093,3*47*25873,0,0
1910,-1,11,3648089,37*98597,0,1
1910,-1,13,3648087,3*3*405343,0,0
1910,-1,17,3648083,67*54449,0,1
1910,-1,19,3648081,3*17*233*307,0,0
1910,-1,23,3648077,43*43*1973,0,0
1910,-1,29,3648071,7*521153,0,1
1910,-1,31,3648069,3*3*405341,0,0
1910,-1,37,3648063,3*1216021,0,0
1910,-1,41,3648059,661*5519,0,1
1910,-1,43,3648057,3*7*19*41*223,0,0
1912,1,3,3655747,3655747,1,1
1912,1,5,3655749,3*1218583,0,0
1912,1,7,3655751,11*109*3049,0,0
1912,1,11,3655755,3*3*5*81239,0,0
1912,1,13,3655757,7*522251,0,1
1912,1,17,3655761,3*293*4159,0,0
1912,1,19,3655763,3655763,1,1
1912,1,23,3655767,3*73*16693,0,0
1912,1,29,3655773,3*3*3*3*11*11*373,0,0
1912,1,31,3655775,5*5*349*419,0,0
1912,1,37,3655781,23*53*2999,0,0
1912,1,41,3655785,3*5*7*37*941,0,0
1912,1,43,3655787,1033*3539,0,1
1912,-1,3,3655741,3655741,1,1
1912,-1,5,3655739,3655739,1,1
1912,-1,7,3655737,3*3*31*13103,0,0
1912,-1,11,3655733,19*192407,0,1
1912,-1,13,3655731,3*17*43*1667,0,0
1912,-1,17,3655727,3655727,1,1
1912,-1,19,3655725,3*5*5*79*617,0,0
1912,-1,23,3655721,67*54563,0,1
1912,-1,29,3655715,5*7*149*701,0,0
1912,-1,31,3655713,3*1218571,0,0
1912,-1,37,3655707,3*11*47*2357,0,0
1912,-1,41,3655703,3655703,1,1
1912,-1,43,3655701,3*3*7*58027,0,0
1914,1,3,3663399,3*97*12589,0,0
1914,1,5,3663401,7*103*5081,0,0
1914,1,7,3663403,709*5167,0,1
1914,1,11,3663407,11*37*9001,0,0
1914,1,13,3663409,19*192811,0,1
1914,1,17,3663413,13*13*53*409,0,0
1914,1,19,3663415,5*7*17*47*131,0,0
1914,1,23,3663419,3663419,1,1
1914,1,29,3663425,5*5*29*31*163,0,0
1914,1,31,3663427,3663427,1,1
1914,1,37,3663433,3663433,1,1
1914,1,41,3663437,3663437,1,1
1914,1,43,3663439,13*281803,0,1
1914,-1,3,3663393,3*1221131,0,0
1914,-1,5,3663391,41*199*449,0,0
1914,-1,7,3663389,557*6577,0,1
1914,-1,11,3663385,5*11*43*1549,0,0
1914,-1,13,3663383,3663383,1,1
1914,-1,17,3663379,293*12503,0,1
1914,-1,19,3663377,3663377,1,1
1914,-1,23,3663373,7*577*907,0,0
1914,-1,29,3663367,29*126323,0,1
1914,-1,31,3663365,5*732673,0,0
1914,-1,37,3663359,7*67*73*107,0,0
1914,-1,41,3663355,5*61*12011,0,0
1914,-1,43,3663353,727*5039,0,1
1916,1,3,3671059,7*397*1321,0,0
1916,1,5,3671061,3*1223687,0,0
1916,1,7,3671063,11*107*3119,0,0
1916,1,11,3671067,3*1223689,0,0
1916,1,13,3671069,3671069,1,1
1916,1,17,3671073,3*3*7*58271,0,0
1916,1,19,3671075,5*5*146843,0,0
1916,1,23,3671079,3*1223693,0,0
1916,1,29,3671085,3*5*11*19*1171,0,0
1916,1,31,3671087,7*467*1123,0,0
1916,1,37,3671093,1601*2293,0,1
1916,1,41,3671097,3*73*16763,0,0
1916,1,43,3671099,17*23*41*229,0,0
1916,-1,3,3671053,23*193*827,0,0
1916,-1,5,3671051,31*79*1499,0,0
1916,-1,7,3671049,3*1223683,0,0
1916,-1,11,3671045,5*7*53*1979,0,0
1916,-1,13,3671043,3*269*4549,0,0
1916,-1,17,3671039,43*59*1447,0,0
1916,-1,19,3671037,3*3*407893,0,0
1916,-1,23,3671033,1759*2087,0,1
1916,-1,29,3671027,3671027,1,1
1916,-1,31,3671025,3*5*5*48947,0,0
1916,-1,37,3671019,3*3*11*11*3371,0,0
1916,-1,41,3671015,5*734203,0,0
1916,-1,43,3671013,3*131*9341,0,0
1918,1,3,3678727,13*61*4639,0,0
1918,1,5,3678729,3*587*2089,0,0
1918,1,7,3678731,7*525533,0,1
1918,1,11,3678735,3*5*23*10663,0,0
1918,1,13,3678737,29*47*2699,0,0
1918,1,17,3678741,3*3*11*37159,0,0
1918,1,19,3678743,3678743,1,1
1918,1,23,3678747,3*163*7523,0,0
1918,1,29,3678753,3*13*94327,0,0
1918,1,31,3678755,5*735751,0,0
1918,1,37,3678761,19*193619,0,1
1918,1,41,3678765,3*5*245251,0,0
1918,1,43,3678767,107*34381,0,1
1918,-1,3,3678721,601*6121,0,1
1918,-1,5,3678719,11*334429,0,1
1918,-1,7,3678717,3*7*283*619,0,0
1918,-1,11,3678713,3678713,1,1
1918,-1,13,3678711,3*1226237,0,0
1918,-1,17,3678707,773*4759,0,1
1918,-1,19,3678705,3*3*5*81749,0,0
1918,-1,23,3678701,13*282977,0,1
1918,-1,29,3678695,5*735739,0,0
1918,-1,31,3678693,3*43*28517,0,0
1918,-1,37,3678687,3*3*408743,0,0
1918,-1,41,3678683,3678683,1,1
1918,-1,43,3678681,3*17*17*4243,0,0
1920,1,3,3686403,3*7*175543,0,0
1920,1,5,3686405,5*737281,0,0
1920,1,7,3686407,67*55021,0,1
1920,1,11,3686411,3686411,1,1
1920,1,13,3686413,61*223*271,0,0
1920,1,17,3686417,7*7*23*3271,0,0
1920,1,19,3686419,11*139*2411,0,0
1920,1,23,3686423,13*283571,0,1
1920,1,29,3686429,127*29027,0,1
1920,1,31,3686431,7*526633,0,1
1920,1,37,3686437,19*251*773,0,0
1920,1,41,3686441,11*335131,0,1
1920,1,43,3686443,337*10939,0,1
1920,-1,3,3686397,3*11*13*13*661,0,0
1920,-1,5,3686395,5*737279,0,0
1920,-1,7,3686393,29*317*401,0,0
1920,-1,11,3686389,7*526627,0,1
1920,-1,13,3686387,3686387,1,1
1920,-1,17,3686383,3686383,1,1
1920,-1,19,3686381,211*17471,0,1
1920,-1,23,3686377,79*46663,0,1
1920,-1,29,3686371,13*23*12329,0,0
1920,-1,31,3686369,3686369,1,1
1920,-1,37,3686363,151*24413,0,1
1920,-1,41,3686359,373*9883,0,1
1920,-1,43,3686357,3686357,1,1
1922,1,3,3694087,43*85909,0,1
1922,1,5,3694089,3*7*175909,0,0
1922,1,7,3694091,3694091,1,1
1922,1,11,3694095,3*3*5*103*797,0,0
1922,1,13,3694097,11*499*673,0,0
1922,1,17,3694101,3*431*2857,0,0
1922,1,19,3694103,7*527729,0,1
1922,1,23,3694107,3*29*42461,0,0
1922,1,29,3694113,3*3*3*19*19*379,0,0
1922,1,31,3694115,5*31*23833,0,0
1922,1,37,3694121,3694121,1,1
1922,1,41,3694125,3*5*5*5*9851,0,0
1922,1,43,3694127,3694127,1,1
1922,-1,3,3694081,83*44507,0,1
1922,-1,5,3694079,1109*3331,0,1
1922,-1,7,3694077,3*3*410453,0,0
1922,-1,11,3694073,1031*3583,0,1
1922,-1,13,3694071,3*1231357,0,0
1922,-1,17,3694067,13*284159,0,1
1922,-1,19,3694065,3*5*246271,0,0
1922,-1,23,3694061,7*7*75389,0,0
1922,-1,29,3694055,5*738811,0,0
1922,-1,31,3694053,3*11*23*31*157,0,0
1922,-1,37,3694047,3*7*53*3319,0,0
1922,-1,41,3694043,37*99839,0,1
1922,-1,43,3694041,3*3*13*31573,0,0
1924,1,3,3701779,3701779,1,1
1924,1,5,3701781,3*3*3*3*23*1987,0,0
1924,1,7,3701783,3701783,1,1
1924,1,11,3701787,3*1233929,0,0
1924,1,13,3701789,7*13*19*2141,0,0
1924,1,17,3701793,3*571*2161,0,0
1924,1,19,3701795,5*740359,0,0
1924,1,23,3701799,3*3*411311,0,0
1924,1,29,3701805,3*5*246787,0,0
1924,1,31,3701807,3701807,1,1
1924,1,37,3701813,37*100049,0,1
1924,1,41,3701817,3*3*7*67*877,0,0
1924,1,43,3701819,11*336529,0,1
1924,-1,3,3701773,3701773,1,1
1924,-1,5,3701771,191*19381,0,1
1924,-1,7,3701769,3*1233923,0,0
1924,-1,11,3701765,5*151*4903,0,0
1924,-1,13,3701763,3*3*13*29*1091,0,0
1924,-1,17,3701759,3701759,1,1
1924,-1,19,3701757,3*73*16903,0,0
1924,-1,23,3701753,11*11*30593,0,0
1924,-1,29,3701747,7*528821,0,1
1924,-1,31,3701745,3*3*5*82261,0,0
1924,-1,37,3701739,3*37*33349,0,0
1924,-1,41,3701735,5*23*32189,0,0
1924,-1,43,3701733,3*7*17*10369,0,0
1926,1,3,3709479,3*487*2539,0,0
1926,1,5,3709481,43*281*307,0,0
1926,1,7,3709483,883*4201,0,1
1926,1,11,3709487,3709487,1,1
1926,1,13,3709489,7*529927,0,1
1926,1,17,3709493,139*26687,0,1
1926,1,19,3709495,5*73*10163,0,0
1926,1,23,3709499,3709499,1,1
1926,1,29,3709505,5*491*1511,0,0
1926,1,31,3709507,59*62873,0,1
1926,1,37,3709513,3709513,1,1
1926,1,41,3709517,7*331*1601,0,0
1926,1,43,3709519,11*17*83*239,0,0
1926,-1,3,3709473,3*1236491,0,0
1926,-1,5,3709471,61*60811,0,1
1926,-1,7,3709469,457*8117,0,1
1926,-1,11,3709465,5*19*39047,0,0
1926,-1,13,3709463,23*161281,0,1
1926,-1,17,3709459,13*285343,0,1
1926,-1,19,3709457,3709457,1,1
1926,-1,23,3709453,11*337223,0,1
1926,-1,29,3709447,7*7*75703,0,0
1926,-1,31,3709445,5*79*9391,0,0
1926,-1,37,3709439,157*23627,0,1
1926,-1,41,3709435,5*37*20051,0,0
1926,-1,43,3709433,7*13*40763,0,0
1928,1,3,3717187,79*211*223,0,0
1928,1,5,3717189,3*3*7*7*8429,0,0
1928,1,7,3717191,23*29*5573,0,0
1928,1,11,3717195,3*5*247813,0,0
1928,1,13,3717197,11*181*1867,0,0
1928,1,17,3717201,3*1239067,0,0
1928,1,19,3717203,7*17*31237,0,0
1928,1,23,3717207,3*3*13*31771,0,0
1928,1,29,3717213,3*443*2797,0,0
1928,1,31,3717215,5*163*4561,0,0
1928,1,37,3717221,43*137*631,0,0
1928,1,41,3717225,3*3*3*5*5*5507,0,0
1928,1,43,3717227,67*109*509,0,0
1928,-1,3,3717181,13*285937,0,1
1928,-1,5,3717179,19*31*6311,0,0
1928,-1,7,3717177,3*59*21001,0,0
1928,-1,11,3717173,3717173,1,1
1928,-1,13,3717171,3*3*3*3*3*3*5099,0,0
1928,-1,17,3717167,103*151*239,0,0
1928,-1,19,3717165,3*5*247811,0,0
1928,-1,23,3717161,7*531023,0,1
1928,-1,29,3717155,5*13*13*53*83,0,0
1928,-1,31,3717153,3*3*11*37547,0,0
1928,-1,37,3717147,3*7*177007,0,0
1928,-1,41,3717143,1399*2657,0,1
1928,-1,43,3717141,3*19*65213,0,0
1930,1,3,3724903,7*13*40933,0,0
1930,1,5,3724905,3*5*29*8563,0,0
1930,1,7,3724907,3724907,1,1
1930,1,11,3724911,3*3*413879,0,0
1930,1,13,3724913,3724913,1,1
1930,1,17,3724917,3*7*89*1993,0,0
1930,1,19,3724919,11*23*14723,0,0
1930,1,23,3724923,3*811*1531,0,0
1930,1,29,3724929,3*3*13*13*31*79,0,0
1930,1,31,3724931,7*7*19*4001,0,0
1930,1,37,3724937,3724937,1,1
1930,1,41,3724941,3*11*112877,0,0
1930,1,43,3724943,3724943,1,1
1930,-1,3,3724897,11*97*3491,0,0
1930,-1,5,3724895,5*271*2749,0,0
1930,-1,7,3724893,3*3*3*19*53*137,0,0
1930,-1,11,3724889,7*401*1327,0,0
1930,-1,13,3724887,3*17*73037,0,0
1930,-1,17,3724883,3724883,1,1
1930,-1,19,3724881,3*1241627,0,0
1930,-1,23,3724877,13*349*821,0,0
1930,-1,29,3724871,787*4733,0,1
1930,-1,31,3724869,3*263*4721,0,0
1930,-1,37,3724863,3*173*7177,0,0
1930,-1,41,3724859,3724859,1,1
1930,-1,43,3724857,3*3*109*3797,0,0
1932,1,3,3732627,3*571*2179,0,0
1932,1,5,3732629,3732629,1,1
1932,1,7,3732631,7*53*10061,0,0
1932,1,11,3732635,5*59*12653,0,0
1932,1,13,3732637,67*55711,0,1
1932,1,17,3732641,11*339331,0,1
1932,1,19,3732643,199*18757,0,1
1932,1,23,3732647,23*162289,0,1
1932,1,29,3732653,3732653,1,1
1932,1,31,3732655,5*746531,0,0
1932,1,37,3732661,3732661,1,1
1932,1,41,3732665,5*746533,0,0
1932,1,43,3732667,661*5647,0,1
1932,-1,3,3732621,3*251*4957,0,0
1932,-1,5,3732619,11*29*11701,0,0
1932,-1,7,3732617,7*31*103*167,0,0
1932,-1,11,3732613,577*6469,0,1
1932,-1,13,3732611,373*10007,0,1
1932,-1,17,3732607,19*196453,0,1
1932,-1,19,3732605,5*17*43913,0,0
1932,-1,23,3732601,23*162287,0,1
1932,-1,29,3732595,5*683*1093,0,0
1932,-1,31,3732593,83*44971,0,1
1932,-1,37,3732587,3732587,1,1
1932,-1,41,3732583,131*28493,0,1
1932,-1,43,3732581,3732581,1,1
1934,1,3,3740359,7*19*28123,0,0
1934,1,5,3740361,3*163*7649,0,0
1934,1,7,3740363,11*337*1009,0,0
1934,1,11,3740367,3*31*37*1087,0,0
1934,1,13,3740369,53*70573,0,1
1934,1,17,3740373,3*3*7*13*4567,0,0
1934,1,19,3740375,5*5*5*23*1301,0,0
1934,1,23,3740379,3*223*5591,0,0
1934,1,29,3740385,3*5*11*22669,0,0
1934,1,31,3740387,7*534341,0,1
1934,1,37,3740393,3740393,1,1
1934,1,41,3740397,3*19*211*311,0,0
1934,1,43,3740399,13*107*2689,0,0
1934,-1,3,3740353,191*19583,0,1
1934,-1,5,3740351,71*139*379,0,0
1934,-1,7,3740349,3*233*5351,0,0
1934,-1,11,3740345,5*7*106867,0,0
1934,-1,13,3740343,3*1246781,0,0
1934,-1,17,3740339,3740339,1,1
1934,-1,19,3740337,3*3*3*3*61*757,0,0
1934,-1,23,3740333,29*101*1277,0,0
1934,-1,29,3740327,1747*2141,0,1
1934,-1,31,3740325,3*5*5*49871,0,0
1934,-1,37,3740319,3*3*11*37781,0,0
1934,-1,41,3740315,5*761*983,0,0
1934,-1,43,3740313,3*347*3593,0,0
1936,1,3,3748099,3748099,1,1
1936,1,5,3748101,3*7*178481,0,0
1936,1,7,3748103,23*107*1523,0,0
1936,1,11,3748107,3*11*53*2143,0,0
1936,1,13,3748109,17*47*4691,0,0
1936,1,17,3748113,3*3*3*3*46273,0,0
1936,1,19,3748115,5*7*107089,0,0
1936,1,23,3748119,3*1249373,0,0
1936,1,29,3748125,3*5*5*5*5*1999,0,0
1936,1,31,3748127,3748127,1,1
1936,1,37,3748133,3748133,1,1
1936,1,41,3748137,3*37*33767,0,0
1936,1,43,3748139,3748139,1,1
1936,-1,3,3748093,59*63527,0,1
1936,-1,5,3748091,1021*3671,0,1
1936,-1,7,3748089,3*1249363,0,0
1936,-1,11,3748085,5*11*68147,0,0
1936,-1,13,3748083,3*1249361,0,0
1936,-1,17,3748079,3748079,1,1
1936,-1,19,3748077,3*3*397*1049,0,0
1936,-1,23,3748073,7*19*28181,0,0
1936,-1,29,3748067,103*36389,0,1
1936,-1,31,3748065,3*5*249871,0,0
1936,-1,37,3748059,3*3*3*7*7*2833,0,0
1936,-1,41,3748055,5*31*24181,0,0
1936,-1,43,3748053,3*557*2243,0,0
1938,1,3,3755847,3*409*3061,0,0
1938,1,5,3755849,3755849,1,1
1938,1,7,3755851,11*557*613,0,0
1938,1,11,3755855,5*137*5483,0,0
1938,1,13,3755857,7*331*1621,0,0
1938,1,17,3755861,17*220933,0,1
1938,1,19,3755863,19*197677,0,1
1938,1,23,3755867,31*121157,0,1
1938,1,29,3755873,11*341443,0,1
1938,1,31,3755875,5*5*5*30047,0,0
1938,1,37,3755881,59*63659,0,1
1938,1,41,3755885,5*7*239*449,0,0
1938,1,43,3755887,41*101*907,0,0
1938,-1,3,3755841,3*1251947,0,0
1938,-1,5,3755839,479*7841,0,1
1938,-1,7,3755837,3755837,1,1
1938,-1,11,3755833,37*83*1223,0,0
1938,-1,13,3755831,23*61*2677,0,0
1938,-1,17,3755827,17*220931,0,1
1938,-1,19,3755825,5*5*19*7907,0,0
1938,-1,23,3755821,3755821,1,1
1938,-1,29,3755815,5*7*107309,0,0
1938,-1,31,3755813,109*34457,0,1
1938,-1,37,3755807,11*107*3191,0,0
1938,-1,41,3755803,3755803,1,1
1938,-1,43,3755801,7*7*76649,0,0
1940,1,3,3763603,37*101719,0,1
1940,1,5,3763605,3*5*23*10909,0,0
1940,1,7,3763607,211*17837,0,1
1940,1,11,3763611,3*3*3*139393,0,0
1940,1,13,3763613,7*17*31627,0,0
1940,1,17,3763617,3*11*13*31*283,0,0
1940,1,19,3763619,47*80077,0,1
1940,1,23,3763623,3*1254541,0,0
1940,1,29,3763629,3*3*418181,0,0
1940,1,31,3763631,1051*3581,0,1
1940,1,37,3763637,1879*2003,0,1
1940,1,41,3763641,3*7*7*25603,0,0
1940,1,43,3763643,13*289511,0,1
1940,-1,3,3763597,1487*2531,0,1
1940,-1,5,3763595,5*11*41*1669,0,0
1940,-1,7,3763593,3*3*418177,0,0
1940,-1,11,3763589,3763589,1,1
1940,-1,13,3763587,3*1254529,0,0
1940,-1,17,3763583,53*71011,0,1
1940,-1,19,3763581,3*1254527,0,0
1940,-1,23,3763577,19*198083,0,1
1940,-1,29,3763571,7*223*2411,0,0
1940,-1,31,3763569,3*1254523,0,0
1940,-1,37,3763563,3*101*12421,0,0
1940,-1,41,3763559,23*163633,0,1
1940,-1,43,3763557,3*3*3*7*19913,0,0
1942,1,3,3771367,19*19*31*337,0,0
1942,1,5,3771369,3*3*7*59863,0,0
1942,1,7,3771371,491*7681,0,1
1942,1,11,3771375,3*5*5*5*89*113,0,0
1942,1,13,3771377,3771377,1,1
1942,1,17,3771381,3*79*15913,0,0
1942,1,19,3771383,7*7*11*6997,0,0
1942,1,23,3771387,3*3*3*139681,0,0
1942,1,29,3771393,3*1257131,0,0
1942,1,31,3771395,5*754279,0,0
1942,1,37,3771401,43*229*383,0,0
1942,1,41,3771405,3*3*5*11*19*401,0,0
1942,1,43,3771407,3771407,1,1
1942,-1,3,3771361,11*167*2053,0,0
1942,-1,5,3771359,131*28789,0,1
1942,-1,7,3771357,3*1257119,0,0
1942,-1,11,3771353,523*7211,0,1
1942,-1,13,3771351,3*3*179*2341,0,0
1942,-1,17,3771347,3771347,1,1
1942,-1,19,3771345,3*5*103*2441,0,0
1942,-1,23,3771341,7*538763,0,1
1942,-1,29,3771335,5*754267,0,0
1942,-1,31,3771333,3*3*3*23*6073,0,0
1942,-1,37,3771327,3*7*47*3821,0,0
1942,-1,41,3771323,3771323,1,1
1942,-1,43,3771321,3*53*23719,0,0
1944,1,3,3779139,3*7*13*109*127,0,0
1944,1,5,3779141,43*87887,0,1
1944,1,7,3779143,37*102139,0,1
1944,1,11,3779147,157*24071,0,1
1944,1,13,3779149,11*343559,0,1
1944,1,17,3779153,7*23*23473,0,0
1944,1,19,3779155,5*163*4637,0,0
1944,1,23,3779159,3779159,1,1
1944,1,29,3779165,5*13*53*1097,0,0
1944,1,31,3779167,7*539881,0,1
1944,1,37,3779173,103*36691,0,1
1944,1,41,3779177,347*10891,0,1
1944,1,43,3779179,31*121909,0,1
1944,-1,3,3779133,3*61*107*193,0,0
1944,-1,5,3779131,3779131,1,1
1944,-1,7,3779129,47*80407,0,1
1944,-1,11,3779125,5*5*5*7*7*617,0,0
1944,-1,13,3779123,79*47837,0,1
1944,-1,17,3779119,19*198901,0,1
1944,-1,19,3779117,17*31*71*101,0,0
1944,-1,23,3779113,13*290701,0,1
1944,-1,29,3779107,23*164309,0,1
1944,-1,31,3779105,5*11*68711,0,0
1944,-1,37,3779099,181*20879,0,1
1944,-1,41,3779095,5*271*2789,0,0
1944,-1,43,3779093,41*92173,0,1
1946,1,3,3786919,3786919,1,1
1946,1,5,3786921,3*3*420769,0,0
1946,1,7,3786923,7*540989,0,1
1946,1,11,3786927,3*23*71*773,0,0
1946,1,13,3786929,31*151*809,0,0
1946,1,17,3786933,3*1262311,0,0
1946,1,19,3786935,5*757387,0,0
1946,1,23,3786939,3*3*3*13*10789,0,0
1946,1,29,3786945,3*5*252463,0,0
1946,1,31,3786947,19*199313,0,1
1946,1,37,3786953,3786953,1,1
1946,1,41,3786957,3*3*191*2203,0,0
1946,1,43,3786959,11*344269,0,1
1946,-1,3,3786913,13*37*7873,0,0
1946,-1,5,3786911,499*7589,0,1
1946,-1,7,3786909,3*7*19*9491,0,0
1946,-1,11,3786905,5*757381,0,0
1946,-1,13,3786903,3*3*17*53*467,0,0
1946,-1,17,3786899,3786899,1,1
1946,-1,19,3786897,3*1262299,0,0
1946,-1,23,3786893,11*344263,0,1
1946,-1,29,3786887,13*291299,0,1
1946,-1,31,3786885,3*3*3*5*28051,0,0
1946,-1,37,3786879,3*1262293,0,0
1946,-1,41,3786875,5*5*5*5*73*83,0,0
1946,-1,43,3786873,3*1262291,0,0
1948,1,3,3794707,7*7*43*1801,0,0
1948,1,5,3794709,3*1264903,0,0
1948,1,7,3794711,3794711,1,1
1948,1,11,3794715,3*3*3*5*28109,0,0
1948,1,13,3794717,1087*3491,0,1
1948,1,17,3794721,3*7*180701,0,0
1948,1,19,3794723,17*223219,0,1
1948,1,23,3794727,3*1264909,0,0
1948,1,29,3794733,3*3*47*8971,0,0
1948,1,31,3794735,5*7*108421,0,0
1948,1,37,3794741,31*167*733,0,0
1948,1,41,3794745,3*5*252983,0,0
1948,1,43,3794747,11*23*53*283,0,0
1948,-1,3,3794701,23*164987,0,1
1948,-1,5,3794699,19*199721,0,1
1948,-1,7,3794697,3*3*421633,0,0
1948,-1,11,3794693,7*89*6091,0,0
1948,-1,13,3794691,3*1264897,0,0
1948,-1,17,3794687,13*291899,0,1
1948,-1,19,3794685,3*5*252979,0,0
1948,-1,23,3794681,11*11*11*2851,0,0
1948,-1,29,3794675,5*5*151787,0,0
1948,-1,31,3794673,3*41*30851,0,0
1948,-1,37,3794667,3*1264889,0,0
1948,-1,41,3794663,401*9463,0,1
1948,-1,43,3794661,3*3*3*13*19*569,0,0
1950,1,3,3802503,3*1267501,0,0
1950,1,5,3802505,5*7*108643,0,0
1950,1,7,3802507,79*127*379,0,0
1950,1,11,3802511,3802511,1,1
1950,1,13,3802513,11*13*26591,0,0
1950,1,17,3802517,619*6143,0,1
1950,1,19,3802519,7*543217,0,1
1950,1,23,3802523,3802523,1,1
1950,1,29,3802529,3802529,1,1
1950,1,31,3802531,3802531,1,1
1950,1,37,3802537,131*29027,0,1
1950,1,41,3802541,3802541,1,1
1950,1,43,3802543,17*223679,0,1
1950,-1,3,3802497,3*73*97*179,0,0
1950,-1,5,3802495,5*760499,0,0
1950,-1,7,3802493,3802493,1,1
1950,-1,11,3802489,19*200131,0,1
1950,-1,13,3802487,13*367*797,0,0
1950,-1,17,3802483,3802483,1,1
1950,-1,19,3802481,3802481,1,1
1950,-1,23,3802477,7*227*2393,0,0
1950,-1,29,3802471,3802471,1,1
1950,-1,31,3802469,11*345679,0,1
1950,-1,37,3802463,7*41*13249,0,0
1950,-1,41,3802459,107*35537,0,1
1950,-1,43,3802457,1597*2381,0,1
1952,1,3,3810307,907*4201,0,1
1952,1,5,3810309,3*1270103,0,0
1952,1,7,3810311,1831*2081,0,1
1952,1,11,3810315,3*5*254021,0,0
1952,1,13,3810317,7*19*28649,0,0
1952,1,17,3810321,3*3*3*3*47041,0,0
1952,1,19,3810323,11*346393,0,1
1952,1,23,3810327,3*761*1669,0,0
1952,1,29,3810333,3*1270111,0,0
1952,1,31,3810335,5*41*18587,0,0
1952,1,37,3810341,23*165667,0,1
1952,1,41,3810345,3*5*7*11*3299,0,0
1952,1,43,3810347,1433*2659,0,1
1952,-1,3,3810301,11*346391,0,1
1952,-1,5,3810299,3810299,1,1
1952,-1,7,3810297,3*37*34327,0,0
1952,-1,11,3810293,3810293,1,1
1952,-1,13,3810291,3*1270097,0,0
1952,-1,17,3810287,13*293099,0,1
1952,-1,19,3810285,3*3*5*84673,0,0
1952,-1,23,3810281,29*83*1583,0,0
1952,-1,29,3810275,5*5*7*21773,0,0
1952,-1,31,3810273,3*43*29537,0,0
1952,-1,37,3810267,3*3*3*141121,0,0
1952,-1,41,3810263,541*7043,0,1
1952,-1,43,3810261,3*7*13*17*821,0,0
1954,1,3,3818119,73*193*271,0,0
1954,1,5,3818121,3*167*7621,0,0
1954,1,7,3818123,3818123,1,1
1954,1,11,3818127,3*383*3323,0,0
1954,1,13,3818129,7*7*67*1163,0,0
1954,1,17,3818133,3*3*11*38567,0,0
1954,1,19,3818135,5*763627,0,0
1954,1,23,3818139,3*13*47*2083,0,0
1954,1,29,3818145,3*5*19*13397,0,0
1954,1,31,3818147,311*12277,0,1
1954,1,37,3818153,601*6353,0,1
1954,1,41,3818157,3*7*113*1609,0,0
1954,1,43,3818159,307*12437,0,1
1954,-1,3,3818113,13*293701,0,1
1954,-1,5,3818111,11*29*11969,0,0
1954,-1,7,3818109,3*479*2657,0,0
1954,-1,11,3818105,5*763621,0,0
1954,-1,13,3818103,3*101*12601,0,0
1954,-1,17,3818099,43*88793,0,1
1954,-1,19,3818097,3*3*3*3*47137,0,0
1954,-1,23,3818093,3818093,1,1
1954,-1,29,3818087,7*13*41957,0,0
1954,-1,31,3818085,3*5*331*769,0,0
1954,-1,37,3818079,3*3*424231,0,0
1954,-1,41,3818075,5*5*152723,0,0
1954,-1,43,3818073,3*7*181813,0,0
1956,1,3,3825939,3*13*98101,0,0
1956,1,5,3825941,7*29*47*401,0,0
1956,1,7,3825943,11*347813,0,1
1956,1,11,3825947,3825947,1,1
1956,1,13,3825949,3825949,1,1
1956,1,17,3825953,3825953,1,1
1956,1,19,3825955,5*7*109313,0,0
1956,1,23,3825959,257*14887,0,1
1956,1,29,3825965,5*11*13*5351,0,0
1956,1,31,3825967,1787*2141,0,1
1956,1,37,3825973,19*59*3413,0,0
1956,1,41,3825977,71*53887,0,1
1956,1,43,3825979,3825979,1,1
1956,-1,3,3825933,3*157*8123,0,0
1956,-1,5,3825931,3825931,1,1
1956,-1,7,3825929,449*8521,0,1
1956,-1,11,3825925,5*5*43*3559,0,0
1956,-1,13,3825923,3825923,1,1
1956,-1,17,3825919,3825919,1,1
1956,-1,19,3825917,1579*2423,0,1
1956,-1,23,3825913,7*13*42043,0,0
1956,-1,29,3825907,3825907,1,1
1956,-1,31,3825905,5*765181,0,0
1956,-1,37,3825899,7*11*11*4517,0,0
1956,-1,41,3825895,5*173*4423,0,0
1956,-1,43,3825893,3825893,1,1
1958,1,3,3833767,7*547681,0,1
1958,1,5,3833769,3*701*1823,0,0
1958,1,7,3833771,29*132199,0,1
1958,1,11,3833775,3*3*5*5*11*1549,0,0
1958,1,13,3833777,3833777,1,1
1958,1,17,3833781,3*7*182561,0,0
1958,1,19,3833783,157*24419,0,1
1958,1,23,3833787,3*41*71*439,0,0
1958,1,29,3833793,3*3*425977,0,0
1958,1,31,3833795,5*7*109537,0,0
1958,1,37,3833801,19*23*31*283,0,0
1958,1,41,3833805,3*5*255587,0,0
1958,1,43,3833807,67*57221,0,1
1958,-1,3,3833761,59*181*359,0,0
1958,-1,5,3833759,139*27581,0,1
1958,-1,7,3833757,3*3*3*141991,0,0
1958,-1,11,3833753,7*11*49789,0,0
1958,-1,13,3833751,3*43*113*263,0,0
1958,-1,17,3833747,3833747,1,1
1958,-1,19,3833745,3*5*431*593,0,0
1958,-1,23,3833741,73*52517,0,1
1958,-1,29,3833735,5*199*3853,0,0
1958,-1,31,3833733,3*1277911,0,0
1958,-1,37,3833727,3*1277909,0,0
1958,-1,41,3833723,3833723,1,1
1958,-1,43,3833721,3*3*17*25057,0,0
1960,1,3,3841603,3841603,1,1
1960,1,5,3841605,3*3*5*85369,0,0
1960,1,7,3841607,7*11*49891,0,0
1960,1,11,3841611,3*1280537,0,0
1960,1,13,3841613,31*123923,0,1
1960,1,17,3841617,3*13*137*719,0,0
1960,1,19,3841619,3841619,1,1
1960,1,23,3841623,3*3*127*3361,0,0
1960,1,29,3841629,3*11*11*19*557,0,0
1960,1,31,3841631,3841631,1,1
1960,1,37,3841637,347*11071,0,1
1960,1,41,3841641,3*3*3*263*541,0,0
1960,1,43,3841643,13*17*17383,0,0
1960,-1,3,3841597,61*71*887,0,0
1960,-1,5,3841595,5*768319,0,0
1960,-1,7,3841593,3*7*182933,0,0
1960,-1,11,3841589,269*14281,0,1
1960,-1,13,3841587,3*3*3*3*3*15809,0,0
1960,-1,17,3841583,191*20113,0,1
1960,-1,19,3841581,3*547*2341,0,0
1960,-1,23,3841577,41*43*2179,0,0
1960,-1,29,3841571,1213*3167,0,1
1960,-1,31,3841569,3*3*426841,0,0
1960,-1,37,3841563,3*11*116411,0,0
1960,-1,41,3841559,3841559,1,1
1960,-1,43,3841557,3*1280519,0,0
1962,1,3,3849447,3*7*183307,0,0
1962,1,5,3849449,41*93889,0,1
1962,1,7,3849451,739*5209,0,1
1962,1,11,3849455,5*59*13049,0,0
1962,1,13,3849457,19*83*2441,0,0
1962,1,17,3849461,7*11*49993,0,0
1962,1,19,3849463,17*367*617,0,0
1962,1,23,3849467,3849467,1,1
1962,1,29,3849473,307*12539,0,1
1962,1,31,3849475,5*5*7*21997,0,0
1962,1,37,3849481,467*8243,0,1
1962,1,41,3849485,5*67*11491,0,0
1962,1,43,3849487,23*31*5399,0,0
1962,-1,3,3849441,3*23*47*1187,0,0
1962,-1,5,3849439,11*349949,0,1
1962,-1,7,3849437,3849437,1,1
1962,-1,11,3849433,7*79*6961,0,0
1962,-1,13,3849431,29*132739,0,1
1962,-1,17,3849427,557*6911,0,1
1962,-1,19,3849425,5*5*31*4967,0,0
1962,-1,23,3849421,3849421,1,1
1962,-1,29,3849415,5*149*5167,0,0
1962,-1,31,3849413,101*38113,0,1
1962,-1,37,3849407,71*54217,0,1
1962,-1,41,3849403,43*89521,0,1
1962,-1,43,3849401,3849401,1,1
1964,1,3,3857299,31*124429,0,1
1964,1,5,3857301,3*3*3*3*7*6803,0,0
1964,1,7,3857303,631*6113,0,1
1964,1,11,3857307,3*23*55903,0,0
1964,1,13,3857309,3857309,1,1
1964,1,17,3857313,3*257*5003,0,0
1964,1,19,3857315,5*7*11*43*233,0,0
1964,1,23,3857319,3*3*29*14779,0,0
1964,1,29,3857325,3*5*5*51431,0,0
1964,1,31,3857327,3857327,1,1
1964,1,37,3857333,79*157*311,0,0
1964,1,41,3857337,3*3*11*47*829,0,0
1964,1,43,3857339,3857339,1,1
1964,-1,3,3857293,11*350663,0,1
1964,-1,5,3857291,101*181*211,0,0
1964,-1,7,3857289,3*1285763,0,0
1964,-1,11,3857285,5*19*19*2137,0,0
1964,-1,13,3857283,3*3*17*17*1483,0,0
1964,-1,17,3857279,409*9431,0,1
1964,-1,19,3857277,3*1285759,0,0
1964,-1,23,3857273,7*551039,0,1
1964,-1,29,3857267,3857267,1,1
1964,-1,31,3857265,3*3*5*85717,0,0
1964,-1,37,3857259,3*7*83*2213,0,0
1964,-1,41,3857255,5*113*6827,0,0
1964,-1,43,3857253,3*463*2777,0,0
1966,1,3,3865159,97*39847,0,1
1966,1,5,3865161,3*107*12041,0,0
1966,1,7,3865163,67*57689,0,1
1966,1,11,3865167,3*3*429463,0,0
1966,1,13,3865169,7*7*11*71*101,0,0
1966,1,17,3865173,3*13*23*31*139,0,0
1966,1,19,3865175,5*5*349*443,0,0
1966,1,23,3865179,3*1288393,0,0
1966,1,29,3865185,3*3*3*5*28631,0,0
1966,1,31,3865187,3865187,1,1
1966,1,37,3865193,41*94273,0,1
1966,1,41,3865197,3*7*184057,0,0
1966,1,43,3865199,13*13*22871,0,0
1966,-1,3,3865153,3865153,1,1
1966,-1,5,3865151,19*203429,0,1
1966,-1,7,3865149,3*3*29*59*251,0,0
1966,-1,11,3865145,5*773029,0,0
1966,-1,13,3865143,3*61*21121,0,0
1966,-1,17,3865139,47*82237,0,1
1966,-1,19,3865137,3*17*75787,0,0
1966,-1,23,3865133,3865133,1,1
1966,-1,29,3865127,7*23*24007,0,0
1966,-1,31,3865125,3*5*5*5*11*937,0,0
1966,-1,37,3865119,3*761*1693,0,0
1966,-1,41,3865115,5*773023,0,0
1966,-1,43,3865113,3*3*7*19*3229,0,0
1968,1,3,3873027,3*1291009,0,0
1968,1,5,3873029,83*46663,0,1
1968,1,7,3873031,331*11701,0,1
1968,1,11,3873035,5*47*16481,0,0
1968,1,13,3873037,7*29*19079,0,0
1968,1,17,3873041,3873041,1,1
1968,1,19,3873043,163*23761,0,1
1968,1,23,3873047,31*101*1237,0,0
1968,1,29,3873053,43*90071,0,1
1968,1,31,3873055,5*19*59*691,0,0
1968,1,37,3873061,3873061,1,1
1968,1,41,3873065,5*7*41*2699,0,0
1968,1,43,3873067,11*352097,0,1
1968,-1,3,3873021,3*1291007,0,0
1968,-1,5,3873019,541*7159,0,1
1968,-1,7,3873017,19*203843,0,1
1968,-1,11,3873013,89*43517,0,1
1968,-1,13,3873011,3873011,1,1
1968,-1,17,3873007,3873007,1,1
1968,-1,19,3873005,5*774601,0,0
1968,-1,23,3873001,11*379*929,0,0
1968,-1,29,3872995,5*7*239*463,0,0
1968,-1,31,3872993,23*168391,0,1
1968,-1,37,3872987,1069*3623,0,1
1968,-1,41,3872983,41*94463,0,1
1968,-1,43,3872981,7*509*1087,0,0
1970,1,3,3880903,13*487*613,0,0
1970,1,5,3880905,3*5*7*23*1607,0,0
1970,1,7,3880907,3880907,1,1
1970,1,11,3880911,3*863*1499,0,0
1970,1,13,3880913,17*167*1367,0,0
1970,1,17,3880917,3*3*431213,0,0
1970,1,19,3880919,7*554417,0,1
1970,1,23,3880923,3*211*6131,0,0
1970,1,29,3880929,3*13*191*521,0,0
1970,1,31,3880931,47*71*1163,0,0
1970,1,37,3880937,41*103*919,0,0
1970,1,41,3880941,3*1293647,0,0
1970,1,43,3880943,11*352813,0,1
1970,-1,3,3880897,3880897,1,1
1970,-1,5,3880895,5*776179,0,0
1970,-1,7,3880893,3*37*34963,0,0
1970,-1,11,3880889,3880889,1,1
1970,-1,13,3880887,3*313*4133,0,0
1970,-1,17,3880883,19*157*1301,0,0
1970,-1,19,3880881,3*3*61*7069,0,0
1970,-1,23,3880877,7*11*13*3877,0,0
1970,-1,29,3880871,3880871,1,1
1970,-1,31,3880869,3*223*5801,0,0
1970,-1,37,3880863,3*3*7*229*269,0,0
1970,-1,41,3880859,23*31*5443,0,0
1970,-1,43,3880857,3*1293619,0,0
1972,1,3,3888787,7*7*19*4177,0,0
1972,1,5,3888789,3*449*2887,0,0
1972,1,7,3888791,43*90437,0,1
1972,1,11,3888795,3*5*31*8363,0,0
1972,1,13,3888797,11*353527,0,1
1972,1,17,3888801,3*3*7*17*3631,0,0
1972,1,19,3888803,101*139*277,0,0
1972,1,23,3888807,3*13*99713,0,0
1972,1,29,3888813,3*29*44699,0,0
1972,1,31,3888815,5*7*111109,0,0
1972,1,37,3888821,1693*2297,0,1
1972,1,41,3888825,3*5*5*19*2729,0,0
1972,1,43,3888827,47*97*853,0,0
1972,-1,3,3888781,13*299137,0,1
1972,-1,5,3888779,1621*2399,0,1
1972,-1,7,3888777,3*421*3079,0,0
1972,-1,11,3888773,7*433*1283,0,0
1972,-1,13,3888771,3*23*56359,0,0
1972,-1,17,3888767,17*228751,0,1
1972,-1,19,3888765,3*3*5*103*839,0,0
1972,-1,23,3888761,3888761,1,1
1972,-1,29,3888755,5*13*29*2063,0,0
1972,-1,31,3888753,3*11*117841,0,0
1972,-1,37,3888747,3*3*67*6449,0,0
1972,-1,41,3888743,251*15493,0,1
1972,-1,43,3888741,3*71*18257,0,0
1974,1,3,3896679,3*883*1471,0,0
1974,1,5,3896681,41*101*941,0,0
1974,1,7,3896683,7*23*24203,0,0
1974,1,11,3896687,89*43783,0,1
1974,1,13,3896689,17*229217,0,1
1974,1,17,3896693,71*71*773,0,0
1974,1,19,3896695,5*11*70849,0,0
1974,1,23,3896699,3896699,1,1
1974,1,29,3896705,5*779341,0,0
1974,1,31,3896707,3896707,1,1
1974,1,37,3896713,1489*2617,0,1
1974,1,41,3896717,11*354247,0,1
1974,1,43,3896719,53*73523,0,1
1974,-1,3,3896673,3*11*118081,0,0
1974,-1,5,3896671,431*9041,0,1
1974,-1,7,3896669,7*31*17957,0,0
1974,-1,11,3896665,5*479*1627,0,0
1974,-1,13,3896663,881*4423,0,1
1974,-1,17,3896659,13*299743,0,1
1974,-1,19,3896657,3896657,1,1
1974,-1,23,3896653,19*67*3061,0,0
1974,-1,29,3896647,1289*3023,0,1
1974,-1,31,3896645,5*779329,0,0
1974,-1,37,3896639,641*6079,0,1
1974,-1,41,3896635,5*779327,0,0
1974,-1,43,3896633,13*13*23057,0,0
1976,1,3,3904579,7*199*2803,0,0
1976,1,5,3904581,3*1301527,0,0
1976,1,7,3904583,193*20231,0,1
1976,1,11,3904587,3*3*467*929,0,0
1976,1,13,3904589,13*29*10357,0,0
1976,1,17,3904593,3*7*11*16903,0,0
1976,1,19,3904595,5*19*23*1787,0,0
1976,1,23,3904599,3*1301533,0,0
1976,1,29,3904605,3*3*3*3*5*31*311,0,0
1976,1,31,3904607,7*557801,0,1
1976,1,37,3904613,191*20443,0,1
1976,1,41,3904617,3*1301539,0,0
1976,1,43,3904619,47*83077,0,1
1976,-1,3,3904573,37*105529,0,1
1976,-1,5,3904571,11*354961,0,1
1976,-1,7,3904569,3*3*83*5227,0,0
1976,-1,11,3904565,5*7*7*15937,0,0
1976,-1,13,3904563,3*13*53*1889,0,0
1976,-1,17,3904559,67*101*577,0,0
1976,-1,19,3904557,3*19*68501,0,0
1976,-1,23,3904553,41*95233,0,1
1976,-1,29,3904547,3904547,1,1
1976,-1,31,3904545,3*5*149*1747,0,0
1976,-1,37,3904539,3*509*2557,0,0
1976,-1,41,3904535,5*269*2903,0,0
1976,-1,43,3904533,3*3*353*1229,0,0
1978,1,3,3912487,3912487,1,1
1978,1,5,3912489,3*3*3*7*127*163,0,0
1978,1,7,3912491,11*37*9613,0,0
1978,1,11,3912495,3*5*97*2689,0,0
1978,1,13,3912497,3912497,1,1
1978,1,17,3912501,3*1304167,0,0
1978,1,19,3912503,7*7*79847,0,0
1978,1,23,3912507,3*3*23*41*461,0,0
1978,1,29,3912513,3*11*53*2237,0,0
1978,1,31,3912515,5*47*16649,0,0
1978,1,37,3912521,881*4441,0,1
1978,1,41,3912525,3*3*5*5*17389,0,0
1978,1,43,3912527,43*90989,0,1
1978,-1,3,3912481,3912481,1,1
1978,-1,5,3912479,31*61*2069,0,0
1978,-1,7,3912477,3*29*44971,0,0
1978,-1,11,3912473,797*4909,0,1
1978,-1,13,3912471,3*3*434719,0,0
1978,-1,17,3912467,13*59*5101,0,0
1978,-1,19,3912465,3*5*17*67*229,0,0
1978,-1,23,3912461,7*19*23*1279,0,0
1978,-1,29,3912455,5*71*103*107,0,0
1978,-1,31,3912453,3*3*434717,0,0
1978,-1,37,3912447,3*7*11*16937,0,0
1978,-1,41,3912443,3912443,1,1
1978,-1,43,3912441,3*13*43*2333,0,0
1980,1,3,3920403,3*19*109*631,0,0
1980,1,5,3920405,5*784081,0,0
1980,1,7,3920407,71*55217,0,1
1980,1,11,3920411,11*47*7583,0,0
1980,1,13,3920413,7*151*3709,0,0
1980,1,17,3920417,3920417,1,1
1980,1,19,3920419,23*23*7411,0,0
1980,1,23,3920423,13*29*10399,0,0
1980,1,29,3920429,3920429,1,1
1980,1,31,3920431,3920431,1,1
1980,1,37,3920437,131*29927,0,1
1980,1,41,3920441,7*7*19*4211,0,0
1980,1,43,3920443,797*4919,0,1
1980,-1,3,3920397,3*13*100523,0,0
1980,-1,5,3920395,5*739*1061,0,0
1980,-1,7,3920393,1123*3491,0,1
1980,-1,11,3920389,11*356399,0,1
1980,-1,13,3920387,17*230611,0,1
1980,-1,17,3920383,3920383,1,1
1980,-1,19,3920381,277*14153,0,1
1980,-1,23,3920377,3920377,1,1
1980,-1,29,3920371,7*13*67*643,0,0
1980,-1,31,3920369,251*15619,0,1
1980,-1,37,3920363,127*30869,0,1
1980,-1,41,3920359,3920359,1,1
1980,-1,43,3920357,7*53*10567,0,0
1982,1,3,3928327,13*37*8167,0,0
1982,1,5,3928329,3*3*436481,0,0
1982,1,7,3928331,11*23*15527,0,0
1982,1,11,3928335,3*5*379*691,0,0
1982,1,13,3928337,7*561191,0,1
1982,1,17,3928341,3*167*7841,0,0
1982,1,19,3928343,17*231079,0,1
1982,1,23,3928347,3*3*436483,0,0
1982,1,29,3928353,3*11*13*9157,0,0
1982,1,31,3928355,5*785671,0,0
1982,1,37,3928361,3928361,1,1
1982,1,41,3928365,3*3*3*5*7*4157,0,0
1982,1,43,3928367,3928367,1,1
1982,-1,3,3928321,1429*2749,0,1
1982,-1,5,3928319,3928319,1,1
1982,-1,7,3928317,3*103*12713,0,0
1982,-1,11,3928313,3928313,1,1
1982,-1,13,3928311,3*3*3*29*29*173,0,0
1982,-1,17,3928307,19*47*53*83,0,0
1982,-1,19,3928305,3*5*261887,0,0
1982,-1,23,3928301,13*449*673,0,0
1982,-1,29,3928295,5*7*112237,0,0
1982,-1,31,3928293,3*3*436477,0,0
1982,-1,37,3928287,3*11*119039,0,0
1982,-1,41,3928283,3928283,1,1
1982,-1,43,3928281,3*7*7*26723,0,0
1984,1,3,3936259,1291*3049,0,1
1984,1,5,3936261,3*7*187441,0,0
1984,1,7,3936263,43*91541,0,1
1984,1,11,3936267,3*3*437363,0,0
1984,1,13,3936269,61*173*373,0,0
1984,1,17,3936273,3*11*101*1181,0,0
1984,1,19,3936275,5*5*7*83*271,0,0
1984,1,23,3936279,3*1312093,0,0
1984,1,29,3936285,3*3*5*87473,0,0
1984,1,31,3936287,19*31*41*163,0,0
1984,1,37,3936293,3936293,1,1
1984,1,41,3936297,3*47*27917,0,0
1984,1,43,3936299,17*231547,0,1
1984,-1,3,3936253,241*16333,0,1
1984,-1,5,3936251,11*11*32531,0,0
1984,-1,7,3936249,3*3*3*19*7673,0,0
1984,-1,11,3936245,5*37*21277,0,0
1984,-1,13,3936243,3*23*57047,0,0
1984,-1,17,3936239,3936239,1,1
1984,-1,19,3936237,3*1312079,0,0
1984,-1,23,3936233,7*73*7703,0,0
1984,-1,29,3936227,3936227,1,1
1984,-1,31,3936225,3*5*5*31*1693,0,0
1984,-1,37,3936219,3*7*7*26777,0,0
1984,-1,41,3936215,5*787243,0,0
1984,-1,43,3936213,3*3*437357,0,0
1986,1,3,3944199,3*7*61*3079,0,0
1986,1,5,3944201,23*223*769,0,0
1986,1,7,3944203,29*277*491,0,0
1986,1,11,3944207,53*74419,0,1
1986,1,13,3944209,59*66851,0,1
1986,1,17,3944213,7*13*89*487,0,0
1986,1,19,3944215,5*11*71713,0,0
1986,1,23,3944219,3944219,1,1
1986,1,29,3944225,5*5*157769,0,0
1986,1,31,3944227,7*173*3257,0,0
1986,1,37,3944233,79*49927,0,1
1986,1,41,3944237,11*11*37*881,0,0
1986,1,43,3944239,13*127*2389,0,0
1986,-1,3,3944193,3*11*47*2543,0,0
1986,-1,5,3944191,19*207589,0,1
1986,-1,7,3944189,3944189,1,1
1986,-1,11,3944185,5*7*112691,0,0
1986,-1,13,3944183,3944183,1,1
1986,-1,17,3944179,103*149*257,0,0
1986,-1,19,3944177,1297*3041,0,1
1986,-1,23,3944173,3944173,1,1
1986,-1,29,3944167,709*5563,0,1
1986,-1,31,3944165,5*109*7237,0,0
1986,-1,37,3944159,41*96199,0,1
1986,-1,41,3944155,5*23*34297,0,0
1986,-1,43,3944153,17*19*12211,0,0
1988,1,3,3952147,73*54139,0,1
1988,1,5,3952149,3*29*45427,0,0
1988,1,7,3952151,7*564593,0,1
1988,1,11,3952155,3*5*37*7121,0,0
1988,1,13,3952157,11*53*6779,0,0
1988,1,17,3952161,3*3*157*2797,0,0
1988,1,19,3952163,3952163,1,1
1988,1,23,3952167,3*409*3221,0,0
1988,1,29,3952173,3*43*30637,0,0
1988,1,31,3952175,5*5*113*1399,0,0
1988,1,37,3952181,3952181,1,1
1988,1,41,3952185,3*5*173*1523,0,0
1988,1,43,3952187,139*28433,0,1
1988,-1,3,3952141,179*22079,0,1
1988,-1,5,3952139,131*30169,0,1
1988,-1,7,3952137,3*7*188197,0,0
1988,-1,11,3952133,19*79*2633,0,0
1988,-1,13,3952131,3*1317377,0,0
1988,-1,17,3952127,3952127,1,1
1988,-1,19,3952125,3*3*3*5*5*5*1171,0,0
1988,-1,23,3952121,3952121,1,1
1988,-1,29,3952115,5*59*13397,0,0
1988,-1,31,3952113,3*11*23*41*127,0,0
1988,-1,37,3952107,3*3*439123,0,0
1988,-1,41,3952103,3952103,1,1
1988,-1,43,3952101,3*263*5009,0,0
1990,1,3,3960103,7*349*1621,0,0
1990,1,5,3960105,3*5*264007,0,0
1990,1,7,3960107,53*74719,0,1
1990,1,11,3960111,3*1320037,0,0
1990,1,13,3960113,19*257*811,0,0
1990,1,17,3960117,3*3*3*7*23*911,0,0
1990,1,19,3960119,503*7873,0,1
1990,1,23,3960123,3*271*4871,0,0
1990,1,29,3960129,3*359*3677,0,0
1990,1,31,3960131,7*7*80819,0,0
1990,1,37,3960137,3960137,1,1
1990,1,41,3960141,3*373*3539,0,0
1990,1,43,3960143,11*173*2081,0,0
1990,-1,3,3960097,229*17293,0,1
1990,-1,5,3960095,5*29*31*881,0,0
1990,-1,7,3960093,3*1320031,0,0
1990,-1,11,3960089,7*565727,0,1
1990,-1,13,3960087,3*337*3917,0,0
1990,-1,17,3960083,3960083,1,1
1990,-1,19,3960081,3*3*440009,0,0
1990,-1,23,3960077,11*360007,0,1
1990,-1,29,3960071,23*167*1031,0,0
1990,-1,31,3960069,3*1320023,0,0
1990,-1,37,3960063,3*3*3*146669,0,0
1990,-1,41,3960059,61*64919,0,1
1990,-1,43,3960057,3*1320019,0,0
1992,1,3,3968067,3*1322689,0,0
1992,1,5,3968069,7*7*47*1723,0,0
1992,1,7,3968071,3968071,1,1
1992,1,11,3968075,5*5*23*67*103,0,0
1992,1,13,3968077,3968077,1,1
1992,1,17,3968081,13*305237,0,1
1992,1,19,3968083,7*43*13183,0,0
1992,1,23,3968087,167*23761,0,1
1992,1,29,3968093,19*31*6737,0,0
1992,1,31,3968095,5*107*7417,0,0
1992,1,37,3968101,173*22937,0,1
1992,1,41,3968105,5*793621,0,0
1992,1,43,3968107,11*13*27749,0,0
1992,-1,3,3968061,3*73*18119,0,0
1992,-1,5,3968059,251*15809,0,1
1992,-1,7,3968057,53*74869,0,1
1992,-1,11,3968053,3968053,1,1
1992,-1,13,3968051,647*6133,0,1
1992,-1,17,3968047,3968047,1,1
1992,-1,19,3968045,5*59*13451,0,0
1992,-1,23,3968041,7*11*29*1777,0,0
1992,-1,29,3968035,5*793607,0,0
1992,-1,31,3968033,139*28547,0,1
1992,-1,37,3968027,7*359*1579,0,0
1992,-1,41,3968023,3968023,1,1
1992,-1,43,3968021,17*41*5693,0,0
1994,1,3,3976039,313*12703,0,1
1994,1,5,3976041,3*61*21727,0,0
1994,1,7,3976043,3976043,1,1
1994,1,11,3976047,3*3*3*3*191*257,0,0
1994,1,13,3976049,7*11*51637,0,0
1994,1,17,3976053,3*1325351,0,0
1994,1,19,3976055,5*795211,0,0
1994,1,23,3976059,3*47*163*173,0,0
1994,1,29,3976065,3*3*5*149*593,0,0
1994,1,31,3976067,101*39367,0,1
1994,1,37,3976073,19*209267,0,1
1994,1,41,3976077,3*7*189337,0,0
1994,1,43,3976079,17*23*10169,0,0
1994,-1,3,3976033,23*172871,0,1
1994,-1,5,3976031,3976031,1,1
1994,-1,7,3976029,3*3*31*14251,0,0
1994,-1,11,3976025,5*5*157*1013,0,0
1994,-1,13,3976023,3*439*3019,0,0
1994,-1,17,3976019,3976019,1,1
1994,-1,19,3976017,3*1033*1283,0,0
1994,-1,23,3976013,107*37159,0,1
1994,-1,29,3976007,7*7*53*1531,0,0
1994,-1,31,3976005,3*5*11*24097,0,0
1994,-1,37,3975999,3*1325333,0,0
1994,-1,41,3975995,5*43*18493,0,0
1994,-1,43,3975993,3*3*3*7*109*193,0,0
1996,1,3,3984019,13*306463,0,1
1996,1,5,3984021,3*3*67*6607,0,0
1996,1,7,3984023,71*56113,0,1
1996,1,11,3984027,3*31*42839,0,0
1996,1,13,3984029,7*601*947,0,0
1996,1,17,3984033,3*433*3067,0,0
1996,1,19,3984035,5*11*17*4261,0,0
1996,1,23,3984039,3*3*3*147557,0,0
1996,1,29,3984045,3*5*13*20431,0,0
1996,1,31,3984047,3984047,1,1
1996,1,37,3984053,19*209687,0,1
1996,1,41,3984057,3*3*7*11*5749,0,0
1996,1,43,3984059,109*36551,0,1
1996,-1,3,3984013,11*373*971,0,0
1996,-1,5,3984011,41*97171,0,1
1996,-1,7,3984009,3*1328003,0,0
1996,-1,11,3984005,5*796801,0,0
1996,-1,13,3984003,3*3*179*2473,0,0
1996,-1,17,3983999,3983999,1,1
1996,-1,19,3983997,3*1327999,0,0
1996,-1,23,3983993,13*43*7127,0,0
1996,-1,29,3983987,7*569141,0,1
1996,-1,31,3983985,3*3*3*3*3*3*5*1093,0,0
1996,-1,37,3983979,3*719*1847,0,0
1996,-1,41,3983975,5*5*37*59*73,0,0
1996,-1,43,3983973,3*7*189713,0,0
1998,1,3,3992007,3*379*3511,0,0
1998,1,5,3992009,7*383*1489,0,0
1998,1,7,3992011,3992011,1,1
1998,1,11,3992015,5*798403,0,0
1998,1,13,3992017,239*16703,0,1
1998,1,17,3992021,11*362911,0,1
1998,1,19,3992023,7*61*9349,0,0
1998,1,23,3992027,13*307079,0,1
1998,1,29,3992033,19*163*1289,0,0
1998,1,31,3992035,5*97*8231,0,0
1998,1,37,3992041,23*37*4691,0,0
1998,1,41,3992045,5*798409,0,0
1998,1,43,3992047,41*97367,0,1
1998,-1,3,3992001,3*13*102359,0,0
1998,-1,5,3991999,11*59*6151,0,0
1998,-1,7,3991997,3991997,1,1
1998,-1,11,3991993,3991993,1,1
1998,-1,13,3991991,17*43*43*127,0,0
1998,-1,17,3991987,151*26437,0,1
1998,-1,19,3991985,5*798397,0,0
1998,-1,23,3991981,7*7*257*317,0,0
1998,-1,29,3991975,5*5*13*71*173,0,0
1998,-1,31,3991973,3991973,1,1
1998,-1,37,3991967,7*37*15413,0,0
1998,-1,41,3991963,31*131*983,0,0
1998,-1,43,3991961,3991961,1,1
2000,1,3,4000003,7*139*4111,0,0
2000,1,5,4000005,3*3*5*103*863,0,0
2000,1,7,4000007,11*79*4603,0,0
2000,1,11,4000011,3*617*2161,0,0
2000,1,13,4000013,19*210527,0,1
2000,1,17,4000017,3*7*7*27211,0,0
2000,1,19,4000019,83*48193,0,1
2000,1,23,4000023,3*3*3*3*3*3*3*31*59,0,0
2000,1,29,4000029,3*11*47*2579,0,0
2000,1,31,4000031,7*571433,0,1
2000,1,37,4000037,4000037,1,1
2000,1,41,4000041,3*3*444449,0,0
2000,1,43,4000043,4000043,1,1
2000,-1,3,3999997,877*4561,0,1
2000,-1,5,3999995,5*799999,0,0
2000,-1,7,3999993,3*1333331,0,0
2000,-1,11,3999989,7*43*97*137,0,0
2000,-1,13,3999987,3*3*444443,0,0
2000,-1,17,3999983,13*307691,0,1
2000,-1,19,3999981,3*17*107*733,0,0
2000,-1,23,3999977,1117*3581,0,1
2000,-1,29,3999971,3999971,1,1
2000,-1,31,3999969,3*3*3*148147,0,0
2000,-1,37,3999963,3*11*53*2287,0,0
2000,-1,41,3999959,37*108107,0,1
2000,-1,43,3999957,3*13*102563,0,0
